,clean_title,id,2_way_label,image_path
0,i took apart an air jordan and put it back but replaced the material with ballistic nylon,bi4p6x,1,images/bi4p6x.jpg
1,napoleon leads his troops against king arthur at the battle of stalingrad,8p7ji4,0,images/8p7ji4.jpg
2,fat orangutan,5iiry6,1,images/5iiry6.jpg
3,while remodeling i pulled down part of the ceiling and some old photography equipment and ripped up pictures fell out,ci5kf5,1,images/ci5kf5.jpg
4,a very relaxed cat,1hvpun,1,images/1hvpun.jpg
5,obama misses a putt,1n1863,1,images/1n1863.jpg
6,rare clouded leopard quadruplets born in washington zoo,36xx5p,1,images/36xx5p.jpg
7,hello my name is inigo montoya please put this on my tab,dpybddl,0,images/dpybddl.jpg
8,half of my lemon tree makes normal lemons and the other half makes lemons that look like peppers,avd0ns,1,images/avd0ns.jpg
9,rain drops on a spider web,9eikn7,1,images/9eikn7.jpg
10,the shadow this crown makes,2v2s95,0,images/2v2s95.jpg
11,this person in a tiny electric racer,72o68y,1,images/72o68y.jpg
12,my eye nooooo,25fa3o,0,images/25fa3o.jpg
13,god casting the most beautiful angel lucifer into the earth bc,7wq8zf,0,images/7wq8zf.jpg
14,horrified meep,c8825a,0,images/c8825a.jpg
15,this is printed on the inside of my pants pocket,cezpsa,1,images/cezpsa.jpg
16,mileena from mortal kombat standing in the driveway,9ji22f,0,images/9ji22f.jpg
17,what are mosquitocontrol workers spraying in miami,4wagdb,0,images/4wagdb.jpg
18,pup using armrest,78mxwp,1,images/78mxwp.jpg
19,german troops rushing over the no mans land circa,azi1nx,0,images/azi1nx.jpg
20,warning sign by a pond in the garden of an irish manor,cwzn5y,1,images/cwzn5y.jpg
21,it is nice in the surf wwrecruitment poster,1denj6,0,images/1denj6.jpg
22,this lego brick has been infused into the ground,d1igfs,1,images/d1igfs.jpg
23,bodies of three kids woman found in torched trailer in washington state man arrested,cagv7f,1,images/cagv7f.jpg
24,bordesley greenfor generations,5rd2mm,0,images/5rd2mm.jpg
25,this otter tape dispenser,adkl63,1,images/adkl63.jpg
26,scientists seek to build robots of dead people,7zpfkl,1,images/7zpfkl.jpg
27,demon firefarting cow,1q1nef,1,images/1q1nef.jpg
28,bill gates,tde38,1,images/tde38.jpg
29,this google earth satellite image of tokyo,bw4383,0,images/bw4383.jpg
30,smooth caramel drizzled over a chocolate,7t5keb,0,images/7t5keb.jpg
31,sparta teen who wasnt supposed to walk marches in marching band,dgf23n,1,images/dgf23n.jpg
32,a shockingly easy way to avoid wasting thousands of gallons of water a year,4lu0nh,0,images/4lu0nh.jpg
33,cute little fireguard,25t9c9,0,images/25t9c9.jpg
34,the roots of the tree grew between gaps of the tiles,dkfchd,1,images/dkfchd.jpg
35,guy sitting next to giant teddy bear,8gwdlj,1,images/8gwdlj.jpg
36,a fox is living on the white house grounds and no one can catch it because of the shutdown,1oi85x,1,images/1oi85x.jpg
37,weatherrelated gridlock,9fya8d,1,images/9fya8d.jpg
38,found the tn nc va border today hiking in the cherokee national forest,cs9xft,1,images/cs9xft.jpg
39,teenage boydog,bh77od,0,images/bh77od.jpg
40,a green tomato thats starting to fly in front of my tv remote,b2gbz0,0,images/b2gbz0.jpg
41,cat looking up,4hf3jj,1,images/4hf3jj.jpg
42,iowa supreme court rules civil forfeiture laws violate fifth amendment upholds pleading the fifth,8njod8,1,images/8njod8.jpg
43,thrashlife self titled,d5vtvh,0,images/d5vtvh.jpg
44,at penn students can get credit for wasting time on the internet,2ko6ue,1,images/2ko6ue.jpg
45,buster moment,2bb1xd,1,images/2bb1xd.jpg
46,ukrainian rebel on the rooftop,1vrzu0,1,images/1vrzu0.jpg
47,lost tracks in water,d80n3u,1,images/d80n3u.jpg
48,anonymous by jpose x,94xpzn,0,images/94xpzn.jpg
49,this leaf my brother found looks like the duolingo bird,cyxfa2,1,images/cyxfa2.jpg
50,little arnold,1vt4wu,1,images/1vt4wu.jpg
51,child dressing up as family pet,7clcs9,1,images/7clcs9.jpg
52,this urinal cover looks like a knights helmet,bl09u1,1,images/bl09u1.jpg
53,i built this whispers social media manager beholding his empire of successful fuddruckers tweets,dhubnl,0,images/dhubnl.jpg
54,algeria declared malariafree third african country to achieve feat,bt7yq0,1,images/bt7yq0.jpg
55,its a show about an old man slowly eating mediocre food nothing to do with samurai or gourmet,8gl9rb,0,images/8gl9rb.jpg
56,they load four abused elephants into trucks where did they drive them to a miracle,54kb01,0,images/54kb01.jpg
57,kellyanne conway indulges in some wordplay on fox news,6mztsc,1,images/6mztsc.jpg
58,this perfectly skinned mandarin,cenntj,1,images/cenntj.jpg
59,this bird poop is in the shape of a bird pooping,awbfe6,1,images/awbfe6.jpg
60,the sign in this restaurants toilets,cdbqnq,1,images/cdbqnq.jpg
61,an adjustablewidth screwdriver,ch86lr,1,images/ch86lr.jpg
62,a cloud that looks like an eagle catching a fish,bodmju,0,images/bodmju.jpg
63,huntington vt today,2i4mo9,1,images/2i4mo9.jpg
64,taco bell encouraging people to socialize,c8onso,1,images/c8onso.jpg
65,these two posts line up just right,7qz2l0,0,images/7qz2l0.jpg
66,great britain responds to the pleas of the chinese nobility,9hv79n,0,images/9hv79n.jpg
67,my buddy tried messing with me it worked,bj9inh,0,images/bj9inh.jpg
68,you are welcome here atlanta school for refugees plastered with signs,5r2xxl,1,images/5r2xxl.jpg
69,mascot holding a soccer ball,5dhhdk,1,images/5dhhdk.jpg
70,oh no o,zn18y,0,images/zn18y.jpg
71,against austerity only fighting pays off quebec austerity,2ltnjh,0,images/2ltnjh.jpg
72,i found a gba accessory thing at a convenient store today,ctnzh8,1,images/ctnzh8.jpg
73,even the water seems black in this toilet at the funeral home,d79r9f,1,images/d79r9f.jpg
74,owls born outside of office window wont stop staring at workers inside,8d17db,1,images/8d17db.jpg
75,the lights on an overpass near calgarys airport look like an airplanes wings,dep5s7,1,images/dep5s7.jpg
76,modern life smartphones turning britons off sex but lesbian encounters on rise survey finds,1rh8bw,1,images/1rh8bw.jpg
77,illuminated balloons at londons covent garden,3isd5f,1,images/3isd5f.jpg
78,news disaster averted this teen was about to watch an isis recruitment video but it had an unskippable dr scholls preroll ad so he just closed the tab,6qxtpu,0,images/6qxtpu.jpg
79,viet cong soldier discovers treant supporters during the american siege of vietnam,di4u54,0,images/di4u54.jpg
80,this microscope seems to be feeling a little under the weather,829n2w,0,images/829n2w.jpg
81,anerica must stand alone date unknown,90wezq,0,images/90wezq.jpg
82,communism will certainly be realised commemorate the day that karl marx died years ago,b0yuaj,0,images/b0yuaj.jpg
83,poolside bar decor at the disneyland resort,cenfch,1,images/cenfch.jpg
84,the les mercuriales buildings in paris france both buildings are equal in height,be9xs4,0,images/be9xs4.jpg
85,the way the snow fell on my cars warm hood,at2nfz,1,images/at2nfz.jpg
86,hunter finds naked man wandering in woods four days after us festival,2ivqku,1,images/2ivqku.jpg
87,horrified to discover part of his face missing,1b6b99,0,images/1b6b99.jpg
88,thats a big cat,992l23,0,images/992l23.jpg
89,pulled my old straightening iron out of a moving box and found it rather melodic,brw6ch,1,images/brw6ch.jpg
90,after not watching game of thrones this week,1fnj0w,1,images/1fnj0w.jpg
91,do not feed the employees at a local dominos pizza,9i219s,1,images/9i219s.jpg
92,sooo its just a photograph of another self checkout screen has a link to this site except causes me a little and the utility company had no idea who though,4cnrgt,0,images/4cnrgt.jpg
93,two of the kidnapped chibok schoolgirls who escaped from boko haram captivity in have graduated from a high school in washington dc us,6f08la,1,images/6f08la.jpg
94,the twigs and sticks on this bush have a layer of ice,bb25sy,1,images/bb25sy.jpg
95,laughing mushroom,2xzyup,0,images/2xzyup.jpg
96,new study reveals how many flight attendants join the mile high club,5nkptg,0,images/5nkptg.jpg
97,times on friends when they really made the laughing launch out of our mouths,d5mb1c,0,images/d5mb1c.jpg
98,franklin graham pulls money from gayfriendly bank puts money in another gayfriendly bank,39adbv,1,images/39adbv.jpg
99,siblings,7v893s,0,images/7v893s.jpg
100,gop candidates fiercely divided over how much voltage border wall should be electrified with,3yzbt1,0,images/3yzbt1.jpg
101,drunk looking cat wearing a sombrero,1c5yl6,1,images/1c5yl6.jpg
102,abraham lincoln squares off against ronald mcdonald in the presidential election not pictured tag team partners george washington hamburglar,60uut9,0,images/60uut9.jpg
103,communist revolution in russia,d9t81z,0,images/d9t81z.jpg
104,sun reflected off my window just right to make an x,bk7wpd,1,images/bk7wpd.jpg
105,alligator in a bonnet and dress,2hrvjg,1,images/2hrvjg.jpg
106,the deformity in my goldfish today made me realize how goldfish are made,bvdrkt,1,images/bvdrkt.jpg
107,monkey trapped in wash,9hcajt,0,images/9hcajt.jpg
108,hitlers thoughts on activity,718b68,0,images/718b68.jpg
109,gru in norwegian sweatshop designing judenstern for nazi regime,cpl2jj,0,images/cpl2jj.jpg
110,depressed toilet flush button,8xysed,0,images/8xysed.jpg
111,nick jensen threatens to divorce in protest of gay marriage in canberra citynews article,399uzd,1,images/399uzd.jpg
112,college student donates worth of groceries from his unused meal plan to local food bank,c3yymy,1,images/c3yymy.jpg
113,this bikini girl,1y8uz8,1,images/1y8uz8.jpg
114,hillarys surprise,59jrpw,1,images/59jrpw.jpg
115,mac mini is not amused,vbblt,0,images/vbblt.jpg
116,i guess thats what happens when you can see multiple drool puddles forming on the mueller grand jury sounds a lot like trump,7o0dgo,0,images/7o0dgo.jpg
117,a coast from a distance,c0pt1y,0,images/c0pt1y.jpg
118,leaked image from asian mining operations warning gore,7ut4nd,0,images/7ut4nd.jpg
119,the afrikakorps dominates their enemy,c5fdqc,0,images/c5fdqc.jpg
120,twelfth anniversary of the national liberation front of south vietnam cuba,8yjxrz,0,images/8yjxrz.jpg
121,used both but never put two and two together,b9riqm,1,images/b9riqm.jpg
122,scared nest,2b6ack,0,images/2b6ack.jpg
123,zero element gods are fragile things,4n7rj8,0,images/4n7rj8.jpg
124,the amount of kinect adventures for sale,biaukc,1,images/biaukc.jpg
125,this inspiredscared guinea pig,2p43vs,1,images/2p43vs.jpg
126,courtesy of rfunny man posing with his bobcat,ys1ha,1,images/ys1ha.jpg
127,sleepy dinosaur,7swkw6,0,images/7swkw6.jpg
128,printer fail meant my shopping receipt rounded all the costs,b7evjc,1,images/b7evjc.jpg
129,close up shot of roasting a corn,aumt97,0,images/aumt97.jpg
130,my phone gave me a warning before dying,b0dipp,1,images/b0dipp.jpg
131,galileo after being thrown out of the christian church,bz09ok,0,images/bz09ok.jpg
132,wheel of fortune purple edition,cfm1z2,0,images/cfm1z2.jpg
133,bounty offered to kill philippine presidentelect rodrigo duterte,4nojp3,1,images/4nojp3.jpg
134,not sure what this guy ate,8y2yan,0,images/8y2yan.jpg
135,foot tall shovel knight cosplayer,5cqvse,1,images/5cqvse.jpg
136,the underside of this water bottle,cagaw0,1,images/cagaw0.jpg
137,fredvang bridges norway,65vbxx,1,images/65vbxx.jpg
138,yawning cat,ba4lgg,1,images/ba4lgg.jpg
139,cought a picture of my rabbit while she was yawning,azrrjc,1,images/azrrjc.jpg
140,my friends cat looks like hitler,de4r4l,1,images/de4r4l.jpg
141,surprised potato,asqz15,0,images/asqz15.jpg
142,a toupee that was dropped on the ground,ctbg5f,0,images/ctbg5f.jpg
143,italy rescues over migrants traversing from subsaharan africa from inflatable boats in the space of hours,1x73ne,1,images/1x73ne.jpg
144,leaf in my kitchen,ccyf42,0,images/ccyf42.jpg
145,the different variation of crepes you could get from this shop,bs4prt,1,images/bs4prt.jpg
146,a marine inspecting a liquid,1chsff,1,images/1chsff.jpg
147,men in black shirts and glasses all staring at something,1ltr9o,0,images/1ltr9o.jpg
148,little tomato looks like embryo,bjzvi9,1,images/bjzvi9.jpg
149,trump and kellyanne conway looking at a laptop,5fg1jd,1,images/5fg1jd.jpg
150,edward falkingham where your thoughts take you x,2sf999,0,images/2sf999.jpg
151,this bored stapler anvil,7hat89,0,images/7hat89.jpg
152,empire of corruption waiting on the wind deliberately cheesy,75ks2j,0,images/75ks2j.jpg
153,redmond top man satya nadella microsoft loves linux,2yun7l,1,images/2yun7l.jpg
154,la mere europe,aum3rf,0,images/aum3rf.jpg
155,this keyreader base looks like a baffled snakes head,6xex80,0,images/6xex80.jpg
156,found this guy near fishermans wharf,4b59gy,0,images/4b59gy.jpg
157,depressed rick santorum,397mmc,1,images/397mmc.jpg
158,so this is how they used to classify disabilities in the s from s census,bg4zns,1,images/bg4zns.jpg
159,spicy chicken nuggets box looks like a face,cxpu2m,1,images/cxpu2m.jpg
160,a man eatin some good butt,5g6myl,0,images/5g6myl.jpg
161,olive ridley turtles hatch in mumbai after two decades,87ne89,1,images/87ne89.jpg
162,employer of man resurrected by south african pastor wants him back to work,aw1179,1,images/aw1179.jpg
163,scott county jail officer charged with firing bb gun at children,375mqv,1,images/375mqv.jpg
164,flower bed at missouri botanical gardens st louis mo,b695qs,1,images/b695qs.jpg
165,kim laughing while watched a new launch of a missile,7kua04,1,images/7kua04.jpg
166,creases make it angry,6z54rd,0,images/6z54rd.jpg
167,dogs head in an iron fence hole,3xipxw,1,images/3xipxw.jpg
168,n s f w newly adopted dog has a sex change gone wrong,aradjn,0,images/aradjn.jpg
169,this neat ordered circuit board,cq87dr,0,images/cq87dr.jpg
170,this mexican lawmaker atop the usmexico border wall,d7ggxh,1,images/d7ggxh.jpg
171,scientists compared bathroom hand dryers and paper towels to see which is really cleaner and the winner is clear,8bi1kh,0,images/8bi1kh.jpg
172,this unenthusiastic puppy,c7mkjh,1,images/c7mkjh.jpg
173,platter of sushi rolls,8mqiot,0,images/8mqiot.jpg
174,methyl nitrite new technology,7a9efj,0,images/7a9efj.jpg
175,of wall street thinks trump will be reelected in,bf2ntt,1,images/bf2ntt.jpg
176,shadow of a towel in my bathroom looks like beavis,cvu5z4,1,images/cvu5z4.jpg
177,ewan mcgregor reveals his sexuality,b2hhk0,0,images/b2hhk0.jpg
178,a black and white picture of a rose,1tzrdr,0,images/1tzrdr.jpg
179,this urinal cake seemed a little confused,3knnoe,0,images/3knnoe.jpg
180,mr creedy,d2ren7q,0,images/d2ren7q.jpg
181,my friend is enjoying the beach can you edit in some horrible event behind him such as sea monsters etc,ujbl5,1,images/ujbl5.jpg
182,ac what you did there,1awrbx,0,images/1awrbx.jpg
183,true yinzer pittsburgh man goes fishing in flooded street well fish anywhere,ccpd62,1,images/ccpd62.jpg
184,the horror,3xec7c,0,images/3xec7c.jpg
185,its something,c93pifi,0,images/c93pifi.jpg
186,tufted deer,b6osat,1,images/b6osat.jpg
187,this book has the page numbers in the perfect spot,9dj0sp,1,images/9dj0sp.jpg
188,i left my bioplastic cup out in the sun for less than hours and it warped into a flower shape,ci89su,1,images/ci89su.jpg
189,this very enthusiastic wifi extender,880um4,0,images/880um4.jpg
190,exclusive donald trump made millions from saudi government,51cxo1,1,images/51cxo1.jpg
191,russell wilson wants to be best ever,2232b9,1,images/2232b9.jpg
192,dude standing awkwardly in a group photo,19om5r,1,images/19om5r.jpg
193,ill get you pac man,5sjcrf,0,images/5sjcrf.jpg
194,clock face made up of cassette case labels,bslvj4,1,images/bslvj4.jpg
195,arnold schwarzeneggers stomach is a sad alien,4vbtxo,0,images/4vbtxo.jpg
196,woman throwing meat to a lion,1i45n5,1,images/1i45n5.jpg
197,trembling pallid rnc attendees undergo second day of firearm withdrawal,4tnr2z,0,images/4tnr2z.jpg
198,developer wants white students for reimagined revel casino,2hc3ok,1,images/2hc3ok.jpg
199,the names of these moquette tiles,9ess4x,1,images/9ess4x.jpg
200,this man looking through the museum window,8vaaze,1,images/8vaaze.jpg
201,an underwater abandoned spiderweb in a barrel,bmfco3,1,images/bmfco3.jpg
202,wally the dead whale towed out to sea once again,4stngg,1,images/4stngg.jpg
203,these kitkats are english on the box but arabic on the wrapper,ci8tz6,1,images/ci8tz6.jpg
204,denmark wants to seize jewelry and cash from refugees,3xgaq6,1,images/3xgaq6.jpg
205,walrus asleep on a russian submarine,3e0510,1,images/3e0510.jpg
206,bizarre but beautifullydesigned north korean antiamerican poster,y3ofa,0,images/y3ofa.jpg
207,hey guys wanna go for a drive d,1t9ko7,0,images/1t9ko7.jpg
208,my parents put la noire with the other dvds because they took it for a film,cj8jhf,1,images/cj8jhf.jpg
209,legs people,c9622e,0,images/c9622e.jpg
210,trexs fighting over circular saw,9i5cc5,0,images/9i5cc5.jpg
211,timber shakes the gods are laughing,c2t5wf,0,images/c2t5wf.jpg
212,device for turning a fire hydrant into a garden hose attachment,ckgwbf,1,images/ckgwbf.jpg
213,touche chinese restauranthide your cats,1qan22,1,images/1qan22.jpg
214,rex chapman goes for the game vs the snapshot of the wide variety of reasons people do it,c4ctum,0,images/c4ctum.jpg
215,judge nap united man forced off plane absolutely has a valid lawsuit,64rwnm,1,images/64rwnm.jpg
216,namibia,66p6gy,1,images/66p6gy.jpg
217,the way my local walmart arranged their cases of coke im from toronto,brw51s,1,images/brw51s.jpg
218,wrinkled egg shells from my breakfast this morning,cvdwif,1,images/cvdwif.jpg
219,in the sky and upon the clouds,64mfrl,1,images/64mfrl.jpg
220,blue cotton candy sugar high girl,51x3e3,1,images/51x3e3.jpg
221,this taqueria in london gives out pepper seeds instead of matches,c26nrx,1,images/c26nrx.jpg
222,a pellet rifle neglected for i think years in a moist cleaning closet brought out when the ac broke what you see before you is the darker metal is rust resistant while the silver metal brown with rust and dirt is not,d0on8e,1,images/d0on8e.jpg
223,romney is under serious consideration as secretary of state,5e5lj4,1,images/5e5lj4.jpg
224,justice leagues new title revealed,4mz32k,0,images/4mz32k.jpg
225,this mcdonalds is built on macdonald road in north london,dhbmzk,1,images/dhbmzk.jpg
226,clairvoyant cucumber accurately predicts euro results,4oilsl,1,images/4oilsl.jpg
227,cloud cat gargoyle likes the sun on his face,8h7vyj,0,images/8h7vyj.jpg
228,father of nt ministers homophobic abuse victim apologises for story,2e5jyu,1,images/2e5jyu.jpg
229,tried to color my nails to a new color iridescent sky blue i think it looks great,6koq7w,0,images/6koq7w.jpg
230,tips for surviving a blizzard,5iiakj,0,images/5iiakj.jpg
231,breaking us withdraws from obama negotiated un agreement on mass migration,7h70gy,1,images/7h70gy.jpg
232,elon musk testing the prototype tesla roadster,90laki,0,images/90laki.jpg
233,how trump could win,4kq3li,0,images/4kq3li.jpg
234,supreme court to consider redefining oneperson onevote principle,37ck8h,1,images/37ck8h.jpg
235,dog reunited with owner after plunging over falls surviving days lost in remote wilderness,4vzng7,1,images/4vzng7.jpg
236,this bipedal dog,8tk4tx,1,images/8tk4tx.jpg
237,dong zhengyi the communes fishpond china,98mlq2,0,images/98mlq2.jpg
238,binbavul olmasaydi sonumuz boyle trans in the comments,baf10w,0,images/baf10w.jpg
239,functional hiv cure step closer to reality with fda approval of clinical human trials,4slllj,1,images/4slllj.jpg
240,the darndest kicks,789h4b,0,images/789h4b.jpg
241,shark eggs have yolks just like chicken eggs this egg is unfertilized pic taken at my local zoo,bqeu61,1,images/bqeu61.jpg
242,this french fry has a smiley face on it,ddzuib,1,images/ddzuib.jpg
243,china negotiating tariffs with trump,boo75x,0,images/boo75x.jpg
244,this chair is smiling with no dentures,botcnx,0,images/botcnx.jpg
245,miyazaki officials bring tick to press conference to warn of disease spread but it gets away,6yc7ee,1,images/6yc7ee.jpg
246,this piece of cardboard from the nintendo labo vr blaster,bckgk2,0,images/bckgk2.jpg
247,cat laying on carpet looks like ninja,28ie7z,1,images/28ie7z.jpg
248,retreating japanese division breakfast on the run,bhxqxb,0,images/bhxqxb.jpg
249,more of a cool photo than it is terrifying still made me uneasy,80lb4p,0,images/80lb4p.jpg
250,would you stand by while a bushfire raged australian recruitment poster,crbk71,0,images/crbk71.jpg
251,two headed flamingo with four feet decapitated,awzeb8,0,images/awzeb8.jpg
252,the horror,7q0rjt,0,images/7q0rjt.jpg
253,my home town in the pacific nw,1buvpz,1,images/1buvpz.jpg
254,this double rainbow,9jmuwl,1,images/9jmuwl.jpg
255,rice station animera,4yhj2l,0,images/4yhj2l.jpg
256,injury reserve live from the principals office,8dqzho,0,images/8dqzho.jpg
257,world leaders watching the game,16oyk0,1,images/16oyk0.jpg
258,mich state rb leveon bell hurdling a boise state defender espn,zcnoh,1,images/zcnoh.jpg
259,the fbi raids the office of president trumps lawyer michael cohen th,8fkbj1,0,images/8fkbj1.jpg
260,me in a group assignment,8b3nj9,0,images/8b3nj9.jpg
261,disney buys kpop c,cv2r49,0,images/cv2r49.jpg
262,finland the great citizen,7xt8oc,0,images/7xt8oc.jpg
263,rocks in a circle you say,dwnzt10,0,images/dwnzt10.jpg
264,beheading of marie antoinette circa,94sqen,0,images/94sqen.jpg
265,a giraffe up in a tree x,2buxke,1,images/2buxke.jpg
266,thai poster showing prohibited uncivilised dress on the left and proper western dress on the right circa,azddoc,0,images/azddoc.jpg
267,centre party strange times,5l16rm,0,images/5l16rm.jpg
268,fall freeze,2y0xkl,1,images/2y0xkl.jpg
269,boring girl,5hqfiq,1,images/5hqfiq.jpg
270,facing corruption scandal malaysian pm fires officials investigating him,3eyykg,1,images/3eyykg.jpg
271,wind turbines generating regret turbines to create in electricity monthly,5gszix,1,images/5gszix.jpg
272,sarkeesian quinn and the true warriors of social justice warriors and how i imagine theyre talking about doug tennapel the lead artist for earthworm jim,4c9fcx,0,images/4c9fcx.jpg
273,prostitution in france made legal under new laws but paying for it ruled illegal,4dpn5c,1,images/4dpn5c.jpg
274,turkish riot police,50sylr,1,images/50sylr.jpg
275,this japanese hotel has an inhouse channel called jet lag tv which features timelapse scenes of mt fuji set to ambient music,d3ndpl,1,images/d3ndpl.jpg
276,childhood picture of chester bennington,768opy,0,images/768opy.jpg
277,i got in late last night and used a snuggie as makeshift blinds i didnt realize until this morning how creepy it looked,25vbjc,0,images/25vbjc.jpg
278,these cups at the tim hortons museum show when they started using environmentally friendly ink,bkpmae,1,images/bkpmae.jpg
279,trainer breaking in wild mustang,3zplt0,1,images/3zplt0.jpg
280,norway becomes first scandinavian country to decriminalise drugs in historic vote,7kr415,1,images/7kr415.jpg
281,this sculpture of a head inflating itself,8cewc4,1,images/8cewc4.jpg
282,growing together video promoting eu enlargement eu,65dlus,0,images/65dlus.jpg
283,this fluffy dog,9it5w3,1,images/9it5w3.jpg
284,st peters church burnley lancashire england ocx,2r14wh,1,images/2r14wh.jpg
285,early african shields circa ce,bhobzv,0,images/bhobzv.jpg
286,fc ryukyu im afraid that might become a habit x charity album,2tbxjl,0,images/2tbxjl.jpg
287,news wasteful the amount of gymnasts being used in rios olympics could feed a psychopath for weeks,4xa0b4,0,images/4xa0b4.jpg
288,iraqi men celebrate their freedom by shaving,5bus56,1,images/5bus56.jpg
289,beguiling gazpacho,6m317q,0,images/6m317q.jpg
290,man jumping in the air in front of mountains,4u9d3g,1,images/4u9d3g.jpg
291,it seems that my dog sold his soul,8zu9ov,0,images/8zu9ov.jpg
292,i present to you the beautiful and rare dogtopus,3g0a4y,0,images/3g0a4y.jpg
293,lebron james space jam release date revealed,atbioe,0,images/atbioe.jpg
294,giant statue of three cats,8519bq,0,images/8519bq.jpg
295,this guy has seen some things,4jkutk,0,images/4jkutk.jpg
296,my cat midyawn,2vbh5j,1,images/2vbh5j.jpg
297,georgia bounty hunters took the wrong woman into custody at columbus walmart a jury awarded her,71wm3s,1,images/71wm3s.jpg
298,the tiny space between these two buildings is full of garbage,bs8xvo,1,images/bs8xvo.jpg
299,this lean cuisine pizza with only one pepperoni,czpsi9,1,images/czpsi9.jpg
300,leon and the carpet souls other worldy,8n54e1,0,images/8n54e1.jpg
301,this guy kept staring at me at the gym,ckb34j,0,images/ckb34j.jpg
302,leonardo dicaprio wins oscar leaves it in restaurant,48v3x9,1,images/48v3x9.jpg
303,childs description of heaven during neardeath experience specifically mentions book deal,3dpnhh,0,images/3dpnhh.jpg
304,pickled shrek,6wv1yi,1,images/6wv1yi.jpg
305,rescue vessel became stuck on way to trapped antarctic ship,1tudef,1,images/1tudef.jpg
306,this strange phenomenon in a new jersey town is too weird for words,51opsm,0,images/51opsm.jpg
307,my cat on a skateboard and sticking out her tongue,z791h,1,images/z791h.jpg
308,hello i am baymax your personal nugget companion,6aoxrc,0,images/6aoxrc.jpg
309,romelu lukaku crowd surfing celebration,33y1rp,1,images/33y1rp.jpg
310,grandmas old cane has seen some shit,4k82pc,0,images/4k82pc.jpg
311,bad news for the resistance sources close to mueller are suggesting the pee tape is real but it is hot as hell maybe the sexiest event ever caught on camera,8l1tl6,0,images/8l1tl6.jpg
312,this hi rez shot i took with my phone of a cicada,ck3vsn,1,images/ck3vsn.jpg
313,this ginger indian aunty on a motorcycle,5ah3x4,1,images/5ah3x4.jpg
314,long exiled in america the rightful king of england so he says finally comes forward,5wxywq,1,images/5wxywq.jpg
315,i was taking a picture of a flower and captured a tiny creature,c67j7s,1,images/c67j7s.jpg
316,saw this cheeky chap today,24kjmo,0,images/24kjmo.jpg
317,fiveyear plan soviet poster,191d1v,0,images/191d1v.jpg
318,father gets years for trying to sell yearold daughter for sex,86u5az,1,images/86u5az.jpg
319,civil rights begin usa,c4ic7w,0,images/c4ic7w.jpg
320,just loving life,3byftl,0,images/3byftl.jpg
321,prank caller convinces coon rapids burger king employees to smash windows,4e2xub,1,images/4e2xub.jpg
322,the golden state warriors kevin durant is committing million to a program that will help disadvantaged youth in his hometown go to college,805pi8,1,images/805pi8.jpg
323,was cleaning out a house and looked up to see the happiest guy ever,4zla0v,0,images/4zla0v.jpg
324,lauri and anni from hydraulic press channel posing with airsoft guns,5v0dlx,1,images/5v0dlx.jpg
325,capybara looking majestic as all get out,1i27gk,1,images/1i27gk.jpg
326,these hairs on the tile look like a happy potato,c3bjmr,1,images/c3bjmr.jpg
327,lebron james guarantees cleveland will win numerous regular season games,2ai89p,0,images/2ai89p.jpg
328,the first run of the lion king musical,9djo3u,0,images/9djo3u.jpg
329,human wheelbarrow race dressed as frenchmen,26d5ie,1,images/26d5ie.jpg
330,a moldy grape,cvrnma,0,images/cvrnma.jpg
331,even cockroaches have different personalities scientists find,2uroh2,1,images/2uroh2.jpg
332,reddit featured positively on nbc nightly news helping parents who lost their child aug,2cl43i,1,images/2cl43i.jpg
333,this yearold oak tree survived hurricane harvey oaks are poised to thrive in a changing climate,6y13ki,1,images/6y13ki.jpg
334,fifa admits bribery wants us to give bribe money back,4aqo4f,1,images/4aqo4f.jpg
335,my year old phone case left vs a brand new one,dgx789,1,images/dgx789.jpg
336,clouds over ascension island,8ifjmk,1,images/8ifjmk.jpg
337,this washingup sponge has shrunk in the sun but the attached scouring pad didnt,bffidn,1,images/bffidn.jpg
338,man helps student in a wheelchair from rain by provide an umbrella during random act of kindness,atx86o,1,images/atx86o.jpg
339,old pencil that was left outside near my school there is still some led in it,cx8qjy,1,images/cx8qjy.jpg
340,man i didnt know edibles were legal,cqpp2v,1,images/cqpp2v.jpg
341,statue on a hill looks like angel descending,bu7r6j,0,images/bu7r6j.jpg
342,mouse riding a skateboard,1jwl6f,1,images/1jwl6f.jpg
343,boo,ep8spv7,0,images/ep8spv7.jpg
344,google maps machu picchu explorer,3hozf0,1,images/3hozf0.jpg
345,too much of a stretch to say this looks like rasputin,8w4wi1,0,images/8w4wi1.jpg
346,flying over the alps,adkss9,1,images/adkss9.jpg
347,my easter bunny candy turned out to be santa,bfxc3r,1,images/bfxc3r.jpg
348,trump administration to declare opioid crisis a public health emergency,78whh3,1,images/78whh3.jpg
349,custom dprinted cart helps legged dog scoot around,2h2xh9,1,images/2h2xh9.jpg
350,sink urinal that saves water,9ehmtu,1,images/9ehmtu.jpg
351,minutes at deg will really fuck up a face,6l08o5,0,images/6l08o5.jpg
352,trumps original border wall plan mockup,b0888h,0,images/b0888h.jpg
353,an action figure on the ground,1zvlpk,0,images/1zvlpk.jpg
354,little prairie dog type thing,2vvtoy,1,images/2vvtoy.jpg
355,william sent these four kids to college in they didnt let him down video,2ed30w,1,images/2ed30w.jpg
356,a nice chunky shake for a hot day,cj3c5m,0,images/cj3c5m.jpg
357,germany has jobs for everyone occupied serbia,8zukxr,0,images/8zukxr.jpg
358,abandoned fishing village of houtouwan,3mouvx,1,images/3mouvx.jpg
359,this guy is obviously not ready to accept his fate,64y8uz,0,images/64y8uz.jpg
360,stepdads ponytail makes everyone uncomfortable,7xsc1s,0,images/7xsc1s.jpg
361,us soldier returns home,59frut,0,images/59frut.jpg
362,always watching,7wxx97,0,images/7wxx97.jpg
363,a bullet hole in drywall,2ur1gk,0,images/2ur1gk.jpg
364,daughter watches father jump,55pmcq,1,images/55pmcq.jpg
365,the bell tower of uddevalla church sweden,3iq1hi,0,images/3iq1hi.jpg
366,pope fiction a is for antichrist,84b3sz,0,images/84b3sz.jpg
367,robert oneil about to kill al qaeda leader osama bin laden c,ctolwt,0,images/ctolwt.jpg
368,committee to defend the panthers poster,7hn39x,0,images/7hn39x.jpg
369,stray puppy saved from tar spill in mississippi,6d3u8g,1,images/6d3u8g.jpg
370,found this on back of what i thought was a cutting board,9b3r3b,1,images/9b3r3b.jpg
371,i made an alternate frank ocean blonde cover,65usvm,0,images/65usvm.jpg
372,whole world dumbfounded to learn that pot was illegal in jamaica until now,2x31te,1,images/2x31te.jpg
373,congressman on house committee for science space and technology calls evolution and the big bang theory lies from the pit of hell,111wqj,1,images/111wqj.jpg
374,washington spokane county drops rape charges against all members of polish death metal band decapitated,7oeu6g,1,images/7oeu6g.jpg
375,duck face,cuz2gi,0,images/cuz2gi.jpg
376,purple sunset at praga,avqifc,1,images/avqifc.jpg
377,alamo drafthouse oneups wonder woman whiners with clownsonly screening of it,6vsv0f,1,images/6vsv0f.jpg
378,my old knife block was simply appalled that i received a replacement for christmas,3z8b1x,0,images/3z8b1x.jpg
379,there is another beast hidden in the fur,6nwsu1,0,images/6nwsu1.jpg
380,this picture of a smug triple h,3wkd8e,1,images/3wkd8e.jpg
381,failed fema head michael brown finally pays attention to the superdome,17vzmg,1,images/17vzmg.jpg
382,whooops ya found me,dee0v2,0,images/dee0v2.jpg
383,got my feet wet but it was degfdegc and the gop is scrambling to respond,9ilsik,0,images/9ilsik.jpg
384,this bag is sooooo upset,145b2u,0,images/145b2u.jpg
385,in our bus there is no fear of accidents the steering wheel is in good hands workers party of the land of israel mapai mandatory palestine,992yt5,0,images/992yt5.jpg
386,mrw i make a perfect fit for me in a month ago,4f45e5,0,images/4f45e5.jpg
387,cat hands,b6eiez,0,images/b6eiez.jpg
388,this crosswalk button for horseback riders i noticed on my commute,bl6lyr,1,images/bl6lyr.jpg
389,zoidberg,2gs889,0,images/2gs889.jpg
390,a fried egg in a bowl of broccoli,25vesl,0,images/25vesl.jpg
391,infinity mirror id rather be here,6dnqxu,0,images/6dnqxu.jpg
392,bullet owl,2kijyu,1,images/2kijyu.jpg
393,a tank flying through the air and firing its gun,2bly9q,1,images/2bly9q.jpg
394,jk rowling just explained why trump or jared kushner wouldnt have been slytherins,62mr8g,0,images/62mr8g.jpg
395,a gorilla stepping over a turtle in apenheul primate park kingdom of the netherlands,4mie0s,1,images/4mie0s.jpg
396,conor mcgregor got his newborn son a piece suit,6wss15,1,images/6wss15.jpg
397,joseph stalin is given a state funeral,bm8y9g,0,images/bm8y9g.jpg
398,available here,einob3m,0,images/einob3m.jpg
399,this is a photo of me jumping off the flight deck of a us navy destroyer i think its rather exploitable do whatever you want with it,vupqb,1,images/vupqb.jpg
400,londoners dungeons and dragons game has lasted years and counting,deuhu6,1,images/deuhu6.jpg
401,he is vile aclu lawyer goes rogue blasts orgs decision to defend milo,6swq6k,1,images/6swq6k.jpg
402,trump misspells lying at campaign rally,494nru,1,images/494nru.jpg
403,converting your attic into apartments a guide,bo2j1b,0,images/bo2j1b.jpg
404,mixing the brownie ingredients together,8qk3ws,0,images/8qk3ws.jpg
405,lots of people love the birds in their garden but its rare for that affection to be reciprocated one young girl in seattle is luckier than most she feeds the crows in her garden and they bring her gifts in return,5mpl8x,1,images/5mpl8x.jpg
406,how this baby avocado split open,c8rdxp,1,images/c8rdxp.jpg
407,a few seeds went off while still inside this yellow pepper,be5jhp,1,images/be5jhp.jpg
408,scared duck staring at me from my door,cidjf4,0,images/cidjf4.jpg
409,he was smiling at me in the train,1a7lfs,0,images/1a7lfs.jpg
410,cmon cmon says matt damon desperately searching for own name on list of imdb user dolphinsouls top actors,b121ai,0,images/b121ai.jpg
411,the way i moved my phone as i took this picture made perfect s appear everywhere,b36gmr,1,images/b36gmr.jpg
412,china and india are reportedly preparing for fullscale war over a himalayan border dispute,6tppey,1,images/6tppey.jpg
413,utah makes pornography illegal with fines days in jail for offenders,4gqaoa,0,images/4gqaoa.jpg
414,family guy closing credits,6pmxq2,0,images/6pmxq2.jpg
415,video eye opening this white man spends seconds imagining what it would be like to be a black man in america,58h5pz,0,images/58h5pz.jpg
416,bill and barack rpics,scnte,1,images/scnte.jpg
417,teen critically injured while playing choking game donates organs mom says,bmq6pl,1,images/bmq6pl.jpg
418,i found this at the melbourne art gallery,9ju194,1,images/9ju194.jpg
419,cut my upper lip the other day after trying to open this bottle with a flathead screwdriver i didnt realize that the glass had cracked perfectly and left the cap intact,bd5nsj,1,images/bd5nsj.jpg
420,this zippo hand warmer,cxwarp,1,images/cxwarp.jpg
421,insanely happy,844jv6,0,images/844jv6.jpg
422,this doug funnie funko pop,c6bimi,1,images/c6bimi.jpg
423,wpa war services poster ca,798g7f,0,images/798g7f.jpg
424,this cassette found in an old file cabinet at work,cth12o,1,images/cth12o.jpg
425,today my odometer hit,bz57ge,1,images/bz57ge.jpg
426,dog running in sand,6scq2n,1,images/6scq2n.jpg
427,the kung foo cat fight,7agq0i,0,images/7agq0i.jpg
428,thicc,6uigly,0,images/6uigly.jpg
429,do not forget the us imperialist wolves dprk,8mm8s4,0,images/8mm8s4.jpg
430,synaptic except of course a language,2sfp2h,0,images/2sfp2h.jpg
431,the restaurant im eating at serves complementary popcorn instead of bread,cuwubc,1,images/cuwubc.jpg
432,this patriotic gangster slim jim turkey,dgkf7w,1,images/dgkf7w.jpg
433,put me back,1z2jnv,0,images/1z2jnv.jpg
434,russian embassy in uk responds to sanctions with lame duck tweet,5l154g,1,images/5l154g.jpg
435,cam newton hops playground fence to play football with seventhgraders,4g5zsw,1,images/4g5zsw.jpg
436,two giant turds,2hu9a3,0,images/2hu9a3.jpg
437,in honor of pride month,c2bpey,1,images/c2bpey.jpg
438,this leaf looks like a frog,6jxzao,0,images/6jxzao.jpg
439,this bench is painted exactly the same as the wall,bwfgx5,1,images/bwfgx5.jpg
440,this twig that got stuck on my girlfriends jacket after a walk in the woods was actually an insect,d3qwc3,1,images/d3qwc3.jpg
441,nineyearold raises through lemonade stand to help pay for brothers heart surgery,4mzeyh,1,images/4mzeyh.jpg
442,most americans wages have actually declined over the past year,8rf4ic,1,images/8rf4ic.jpg
443,i bought these ospaal organization of solidarity with people of asiaafrica and latin america posters in a thrift shop does anyone know if theyre original,d3qrje,0,images/d3qrje.jpg
444,us abstains on un vote condemning israeli settlements,5jzs0g,1,images/5jzs0g.jpg
445,sierra nevada snowpack balloons to of normal nasa picture of vs,arklq9,1,images/arklq9.jpg
446,buffalo as an extension of nycs port authority thats the idea we are a logistics hub we have been since the terminus of the erie canal said craig w turner executive director of the itgo,be1ac3,1,images/be1ac3.jpg
447,operation people,41y9sb,1,images/41y9sb.jpg
448,newspaper from,buedlg,1,images/buedlg.jpg
449,spooky dog painted like a skeleton,5ac4d4,1,images/5ac4d4.jpg
450,was cleaning out the attic and found this happy box,19hk0n,0,images/19hk0n.jpg
451,girl playing in the leaves with a scared pug,58cwcz,1,images/58cwcz.jpg
452,theres a satyrpixie thing shadow on my carpet that ive had for years and only just noticed,c001pe,1,images/c001pe.jpg
453,slovenians unite and let us defend ourselves,cvb3l9,0,images/cvb3l9.jpg
454,this strawberry with ears,c0x4ci,1,images/c0x4ci.jpg
455,im ready to steal your money,6yqb04,0,images/6yqb04.jpg
456,west virginia votes to impeach state supreme court justices,97gvkf,1,images/97gvkf.jpg
457,carspeak,5g6jp9,0,images/5g6jp9.jpg
458,crownwearing wheelchair pup celebrates instagram fame,363w3z,1,images/363w3z.jpg
459,a crazed owl,15vu9f,1,images/15vu9f.jpg
460,this l shaped chicken strip,bum498,1,images/bum498.jpg
461,obamas candid reflections on race,5h8xlu,1,images/5h8xlu.jpg
462,screwdriver that hasnt been shaped regular one with identical tag for comparison,9j33iw,1,images/9j33iw.jpg
463,lukes jedi academy,7p0g5o,0,images/7p0g5o.jpg
464,harry potter game of thrones and the hunger games can cause mental illness in children headteacher claims,4il0yf,1,images/4il0yf.jpg
465,the old north richard iii,b7fgu6,0,images/b7fgu6.jpg
466,a man in a bear suit,1ddz5c,1,images/1ddz5c.jpg
467,myanmar court sentences reuters reporters to years in jail,9cozel,1,images/9cozel.jpg
468,my washing machine got scared to death,2qjhr0,0,images/2qjhr0.jpg
469,surprised guinea pig,24dffc,1,images/24dffc.jpg
470,enola gay drops little boy atomic bomb on hiroshima,bvrj5c,0,images/bvrj5c.jpg
471,punk band comprised of individuals with mental disabilities applies for eurovision in hopes to raise awareness,2ubsbu,1,images/2ubsbu.jpg
472,the top four pumpkins at the ohio state fair,cm1g0b,1,images/cm1g0b.jpg
473,hitler teapot,7ij69p,0,images/7ij69p.jpg
474,moores wife denies claims of antisemitism one of our attorneys is a jew,7j8h0b,1,images/7j8h0b.jpg
475,found a new friend while out for a hike,8wev4w,0,images/8wev4w.jpg
476,pipeline company hit with million retroactive tax after applying for tariff exemption,91x4s2,1,images/91x4s2.jpg
477,the color scheme on this irish candy is very similar to top tobacco,bdn81d,1,images/bdn81d.jpg
478,national honour to be bestowed on man who saved drowning boy,6zuqvs,1,images/6zuqvs.jpg
479,chomp,r649v,0,images/r649v.jpg
480,this guy looks like he has titties,dc0pvy,0,images/dc0pvy.jpg
481,boy plays the flute for a cat,4o7drm,1,images/4o7drm.jpg
482,this line transit was very happy to be let out of its box this morning,6o1lst,0,images/6o1lst.jpg
483,my local thai noodle shop has sriracha packets shaped like sriracha bottles,bydxym,1,images/bydxym.jpg
484,sprawled prairie dog with outstretched hand,50m1yz,1,images/50m1yz.jpg
485,another trump tennis photo,6j39y1,1,images/6j39y1.jpg
486,your argument disappoints cage and beybey,c8bcyxc,0,images/c8bcyxc.jpg
487,this runner on the beach,336ocz,1,images/336ocz.jpg
488,grand prismatic spring in yellowstone national park wyoming united states of america,60824n,1,images/60824n.jpg
489,physical copies of winrar that you can pay for actually exist,ba9qgo,1,images/ba9qgo.jpg
490,this cat sticking out one leg,bod2ig,1,images/bod2ig.jpg
491,kkk,cexrre,0,images/cexrre.jpg
492,budgie impeckable,6g6npa,0,images/6g6npa.jpg
493,hot pizza delivered in the trenches ukrainian veterans bring the treat paid for by donations to cheer soldiers on the frontline,95tkx4,1,images/95tkx4.jpg
494,available here,cqh3drs,0,images/cqh3drs.jpg
495,german fuhrer adolf hitler moments before committing suicide th,8jkkpx,0,images/8jkkpx.jpg
496,theres a television in this hotels restroom,be55v4,1,images/be55v4.jpg
497,protecting fair skin with chinas facekini,2dv8dt,1,images/2dv8dt.jpg
498,getting high,da7imal,0,images/da7imal.jpg
499,cute couple,9i7pua,0,images/9i7pua.jpg
500,dissecting a shark in zoology and found a baby shark inside,bbak81,1,images/bbak81.jpg
501,this dog with half a spine from rwtf,25vztj,1,images/25vztj.jpg
502,explode self self titled,d4yahc,0,images/d4yahc.jpg
503,maryland lawmakers pass ban on gay conversion therapy for minors,89uwuv,1,images/89uwuv.jpg
504,livingmemory what it means to be famous,94nxnb,0,images/94nxnb.jpg
505,found this real life upvote,b90b0i,1,images/b90b0i.jpg
506,its floating,bk0eiq,0,images/bk0eiq.jpg
507,dog adopts boy rescued stray escapes from yard to spend time with a little boy with developmental delays who thrives as a result,61pi7b,1,images/61pi7b.jpg
508,spider on the wall the critters,cm01wb,0,images/cm01wb.jpg
509,china discontinues state surveillance program after finally finding guy who drove into xi jinpings mailbox,bf18n2,0,images/bf18n2.jpg
510,these trees in the wisconsin dells were planted in a perfectly natural grid pattern,9g63xx,1,images/9g63xx.jpg
511,found some fp tape youre doing it wrong if you need this afterwards,9jwod6,1,images/9jwod6.jpg
512,soyuz capsule over the earth,1z22b5,0,images/1z22b5.jpg
513,easter island head,2zlklr,0,images/2zlklr.jpg
514,this man with a mailbox as his weapon,8qxxtl,1,images/8qxxtl.jpg
515,hundreds of pounds of trash collected in tampa bay area on earth day,bg8uw2,1,images/bg8uw2.jpg
516,jack douglass jacksfilms awarded a streamy award for youtuber of the year,8cx2gi,0,images/8cx2gi.jpg
517,this sad toilet,cqeqrq,0,images/cqeqrq.jpg
518,man posing on a rock by the sea,4d7cro,1,images/4d7cro.jpg
519,a lemon on a tree,cj9vah,1,images/cj9vah.jpg
520,my straw only had one hole,cji4xe,1,images/cji4xe.jpg
521,this guy throwing his dog in the air,2ktw4v,1,images/2ktw4v.jpg
522,two memphis police officers suspended for offensive snapchat,4sblrl,1,images/4sblrl.jpg
523,my sons step stool has seen somethings,5bqw2v,0,images/5bqw2v.jpg
524,president trump after he stated that being president for life is a good idea,81x5hc,0,images/81x5hc.jpg
525,japanese restaurant has different soaps depending on if youve eaten yet,d4ogl8,1,images/d4ogl8.jpg
526,do tigers count,8e9507,0,images/8e9507.jpg
527,trump more knowledgeable evolving on climate action after forceful face to face talks with european leaders says wh economic adviser gary cohn,6dl3nw,1,images/6dl3nw.jpg
528,hes mr heat miser,8a65p3,0,images/8a65p3.jpg
529,techdeck skating,8kzgf2,0,images/8kzgf2.jpg
530,lathlain park particular abstraction,3it99m,0,images/3it99m.jpg
531,perfect execution modern us air force poster,100pp1,0,images/100pp1.jpg
532,traffic lights are red and green at the same time,dhacaf,1,images/dhacaf.jpg
533,robins eggshell after hatching,c72nwc,1,images/c72nwc.jpg
534,donations help houston fire department expand rescue fleet months after harvey,7iez1t,1,images/7iez1t.jpg
535,this paper someone stuck behind the magnet at my work,cfctyn,1,images/cfctyn.jpg
536,freed slave touts his freedom by shamefully buying and marching his own slave,64slgm,0,images/64slgm.jpg
537,ill keep you safe at night,dohdq14,0,images/dohdq14.jpg
538,year old saved by dog after wandering from home,35ri1x,1,images/35ri1x.jpg
539,michael cohen paying off stormy daniels,8r2n8g,0,images/8r2n8g.jpg
540,the plagiarists original content,7kgg59,0,images/7kgg59.jpg
541,mark zuckerberg at samsung conference,46wyu3,1,images/46wyu3.jpg
542,the shameful stigma of american democracy soviet antiracism,4wx7zk,0,images/4wx7zk.jpg
543,intense soccer in the rain,4w078q,1,images/4w078q.jpg
544,thousands of california soldiers forced to repay enlistment bonuses a decade after going to war,58x7bk,1,images/58x7bk.jpg
545,ted danson weds mary steenburgen,c31uq5,0,images/c31uq5.jpg
546,poisonous zamboni sends people to hospital,2peycd,1,images/2peycd.jpg
547,the german luftwaffe takes reconnaissance pictures of london before the battle of britain,9215km,0,images/9215km.jpg
548,i perfectly removed the seal off of a peanut butter jar,bu8sxe,1,images/bu8sxe.jpg
549,robert mueller wont submit report to attorney general next week doj official tells nbc news,atpsmg,1,images/atpsmg.jpg
550,beach bums lil weed,8wxel4,0,images/8wxel4.jpg
551,my arm hair under a x flash magnifier,bk67oe,1,images/bk67oe.jpg
552,the state of this sub,awta0w,0,images/awta0w.jpg
553,the coalitions income tax cuts will help the rich more but in a decade everyone pays more anyway,8wxung,1,images/8wxung.jpg
554,this tesla in its natural state,7vzu6i,1,images/7vzu6i.jpg
555,eugene the taintstains a selftitled album ive been holding onto this one for a while,dbog28,0,images/dbog28.jpg
556,wake up donnie,32u53q,0,images/32u53q.jpg
557,why are turkeys dogs committing suicide,4c495w,1,images/4c495w.jpg
558,tree disapproves,6si2qd,0,images/6si2qd.jpg
559,mississippi state election settled by drawing straws,3tmvoj,1,images/3tmvoj.jpg
560,enough turkey election democratic party,c733oh,0,images/c733oh.jpg
561,fat man bomb dropped on nagasaki,6r2cz7,0,images/6r2cz7.jpg
562,satiric genius piano play who invented the jello shot,2imymb,0,images/2imymb.jpg
563,chicago police play sweet home alabama at black lives matter protest,2op9zs,1,images/2op9zs.jpg
564,bert simmons devour my pants,6rn84k,0,images/6rn84k.jpg
565,a nice bottle of whiskey,1xi8j6,0,images/1xi8j6.jpg
566,hey there cowboy i think our romance is dead in the car,3l4q2j,0,images/3l4q2j.jpg
567,leaked video of putintrump meeting in helsinki,94tm7y,0,images/94tm7y.jpg
568,dog staring at reflection,8bznlu,1,images/8bznlu.jpg
569,small tree,ceswuv,0,images/ceswuv.jpg
570,guys first time using a cotton candy machine,1qakp6,1,images/1qakp6.jpg
571,injured in sioux falls fire man arrested trying to save his beer,675937,1,images/675937.jpg
572,bomb squad investigating grenade donated to goodwill,35mb9f,1,images/35mb9f.jpg
573,this spider made a domed web in the corner of a parking garage,canfc4,1,images/canfc4.jpg
574,this mounted policeman,40moed,1,images/40moed.jpg
575,cruz innocent blood is the new orange,66buoe,0,images/66buoe.jpg
576,watermelon has a weird hole in it,c71w36,1,images/c71w36.jpg
577,this paint smudge watches me poop at work,75l0ur,0,images/75l0ur.jpg
578,butter cow,2zmxzw,1,images/2zmxzw.jpg
579,baltimore is at days without a homicide the longest streak since,7xbtgr,1,images/7xbtgr.jpg
580,this swanky looking owl,68nb1s,0,images/68nb1s.jpg
581,why you dont wear crocs on an escalator,b09mtn,1,images/b09mtn.jpg
582,surprised bin,bnowdo,0,images/bnowdo.jpg
583,teen writes book with yearold favourite author,deqr3c,1,images/deqr3c.jpg
584,types of people you find during your train journeys,4iw0kl,0,images/4iw0kl.jpg
585,fried fish looks fishy,corwkm,1,images/corwkm.jpg
586,he had a rough night,3py0mk,0,images/3py0mk.jpg
587,these old men in little cars,28q7ty,1,images/28q7ty.jpg
588,zombie moments before devouring camera man world war z,6i55as,0,images/6i55as.jpg
589,stranded dog rescued from side of connecticut cliff,6x70b1,1,images/6x70b1.jpg
590,chromalock kayak,6fpzqc,0,images/6fpzqc.jpg
591,manufacturing jobs declined by in government jobs increased by now outnumber manufacturing by,5mln3o,1,images/5mln3o.jpg
592,a map of the internet in,6ol0oq,0,images/6ol0oq.jpg
593,this piece of floor looks like that surprised pikachu meme,b74n6w,0,images/b74n6w.jpg
594,the tissue paper at my work turns colors when the box is close to running out just like a roll of receipt paper,cnvo1c,1,images/cnvo1c.jpg
595,kim kardashian fell down and ruined her new white dress,8x6pon,0,images/8x6pon.jpg
596,this little guy was so happy to take my order,3bhdb4,0,images/3bhdb4.jpg
597,this sink is having an existential crisis,6j8hq5,0,images/6j8hq5.jpg
598,happy wacky microscope,9enct1,0,images/9enct1.jpg
599,sign says not to touch geikos geishas and maikos among other things it was in the gion district of kyoto japan,9hjyry,1,images/9hjyry.jpg
600,one long arm,96loq4,0,images/96loq4.jpg
601,this bird and squirrel looking at each other,8hcvd6,1,images/8hcvd6.jpg
602,and the whole restaurant broke out into a scrape worthy of stephen king,768rcc,0,images/768rcc.jpg
603,fireball over mt rainier,6r0fsq,0,images/6r0fsq.jpg
604,study us congress members hurt after facebook algorithm change but republicans hit harder,91smq4,1,images/91smq4.jpg
605,this demontoddlers birthday party,2jjeva,1,images/2jjeva.jpg
606,heems sometimes with me to attack ableton,b7o0xg,0,images/b7o0xg.jpg
607,fighter liberate us from nazi oppression,2hmdtm,0,images/2hmdtm.jpg
608,police officer delivers baby girl on bqe nypd,5xr9dt,1,images/5xr9dt.jpg
609,i saw a tractor on a highway yesterday,c3wsqx,1,images/c3wsqx.jpg
610,cheap money usa,4uemgd,0,images/4uemgd.jpg
611,cd projekt red announces cyberpunk will have a genderneutral character creator however everyone will be christian,c6nky7,0,images/c6nky7.jpg
612,mueller says trump could be criminally charged after presidency,cha11f,1,images/cha11f.jpg
613,my little brother running after his rival,2nuxoj,1,images/2nuxoj.jpg
614,the graphic inside this toilet dispenser looks like the victim of everworsening bullying,8wogh9,0,images/8wogh9.jpg
615,cyan whats your perfect toast,awv99p,0,images/awv99p.jpg
616,this squirrel resting in the shade,c7h3gp,1,images/c7h3gp.jpg
617,man losing his fish,1whc8f,1,images/1whc8f.jpg
618,dont know if this belongs here but it is a joke but this is defamation through false implied accusations and loaded questions,6u3eoe,0,images/6u3eoe.jpg
619,just freeze it and pop out the remains in the mother the neurochemical oxytocin otherwise known as the opposite,3j5hnh,0,images/3j5hnh.jpg
620,wwi soldier aiming at the maskottchen of the german army circa colored,b9johw,0,images/b9johw.jpg
621,the room bluray comes with a pic of tommy wiseau with an underwear ad on the back,bchk8f,1,images/bchk8f.jpg
622,no brand store in colombia,d1aful,1,images/d1aful.jpg
623,our triumph in space is an anthem to the soviet union cold war era,32c8pf,0,images/32c8pf.jpg
624,this cannabis and poppy extract that i found at a pharmacy in austria,c9ryal,1,images/c9ryal.jpg
625,reflection in tanker kinda looks like a kiss member,cktcvy,1,images/cktcvy.jpg
626,commencement of the salem witch trials in massachusetts circa,7thn2p,0,images/7thn2p.jpg
627,hes an angry fellow,2w2sbr,0,images/2w2sbr.jpg
628,this closed down store in my city still has its hannah montana advertisement banners up,ba8nc5,1,images/ba8nc5.jpg
629,well howdy,2dtpbp,0,images/2dtpbp.jpg
630,this frog landing on my windshield,d4wp70,1,images/d4wp70.jpg
631,after health scare fiona the baby hippo goes for a dip,5w5d6m,1,images/5w5d6m.jpg
632,the thief speaks of the legendary pixel panda,2bixwi,0,images/2bixwi.jpg
633,the smiths peace during the battle,7sy2an,0,images/7sy2an.jpg
634,this toilet sensor at disneyland has seen some shit,8rkskv,0,images/8rkskv.jpg
635,the rain left a nearperfect silhouette of this bicycle,c1ewzs,1,images/c1ewzs.jpg
636,leonardo dicaprio a bike confused and doing it wrong,1krazx,1,images/1krazx.jpg
637,man i love seating people oh boy here i go seating again,8ls1c9,0,images/8ls1c9.jpg
638,singer sues mila kunis for stealing her pet chicken as a child,33jm4i,1,images/33jm4i.jpg
639,lifesaving service dog sniffs out girls disease even in operating room,1teck4,1,images/1teck4.jpg
640,munich security conference reveals a growing rift between us and its allies,are1hp,1,images/are1hp.jpg
641,us scrap metal dealer finds imperial russian courts faberge egg missing since worth an estimated million dollars,21bz1v,1,images/21bz1v.jpg
642,this stain on my wall looks like a rooster with giant feet,d7riu1,1,images/d7riu1.jpg
643,lebanon export its garbage to germany,3figmu,1,images/3figmu.jpg
644,former trump aide richard gates to plead guilty agrees to testify against manafort sources say,7yj5rb,1,images/7yj5rb.jpg
645,general erwin rommel holding the recently deceased adolf hitler after his suicide signalling the end of the third reich,5ungiy,0,images/5ungiy.jpg
646,tourists ran up the rocky steps and randomly found sylvester stallone at the top,2t6rn7,1,images/2t6rn7.jpg
647,young scarlett johansson,qs5ez,1,images/qs5ez.jpg
648,ayyy whyd you open me,bfybll,0,images/bfybll.jpg
649,hotel put individual salt and pepper packets in salt and pepper shakers,cc24wd,1,images/cc24wd.jpg
650,my cousin only had haribos in his packet of starmix,d18wjk,1,images/d18wjk.jpg
651,had to share this one,cfv2fk,0,images/cfv2fk.jpg
652,wanted man responds to sheriffs office fb post about him,2xsvxh,1,images/2xsvxh.jpg
653,i dont care it still counts,9dr3bh,1,images/9dr3bh.jpg
654,cultureterror from nazioccupied norway antiamericanism wwii poster,1epgx4,0,images/1epgx4.jpg
655,sweet new skatepark completely untouched,5wb725,0,images/5wb725.jpg
656,fort hood shooter writes to isis leader asks to become citizen of islamic state,2ew41j,1,images/2ew41j.jpg
657,a cute little moth with an afro,biwx4d,1,images/biwx4d.jpg
658,this weirdly shapes almond,bjvapj,1,images/bjvapj.jpg
659,battle of winterfell,bl1qkx,0,images/bl1qkx.jpg
660,soldier on his way to battle in second crusades circa,8ymh9j,0,images/8ymh9j.jpg
661,iced teadispensing fire hydrant,8ylecg,0,images/8ylecg.jpg
662,ordered a dehumidifier received a complimentary duck,30or14,0,images/30or14.jpg
663,pakistans largest city set to be run by imprisoned mayor,4z6ajo,1,images/4z6ajo.jpg
664,the blows danganronpa trigger happy havoc,ayk1b1,0,images/ayk1b1.jpg
665,gunshot to back of head,65hipw,0,images/65hipw.jpg
666,job openings jump to nearrecord million,b1nn8u,1,images/b1nn8u.jpg
667,mexico threatens to ditch us corn imports,60o0io,1,images/60o0io.jpg
668,im an antibraker,2v5xik,0,images/2v5xik.jpg
669,game of thrones writers cut battle with direwolves from season,c2gyvf,0,images/c2gyvf.jpg
670,a face,ci40w5,0,images/ci40w5.jpg
671,honor of nuane lost,bj580k,0,images/bj580k.jpg
672,ken bone getting in his daily cardio,59e256,1,images/59e256.jpg
673,abraham lincoln campaign poster,37u877,0,images/37u877.jpg
674,thanos describes his motivaton for assembling the infinity gauntlet in s avengers infinity war,7ivnyn,0,images/7ivnyn.jpg
675,middle duck slightly below my peers,7frmg7,0,images/7frmg7.jpg
676,lettuce me and my beard out of here,6u78mg,0,images/6u78mg.jpg
677,woman excited to enter marketing demographic for incontinence products,7apy5i,0,images/7apy5i.jpg
678,if you once forfeit the confidence of your fellow citizens you can never regain their respect and esteem armed forces information service defense billboard s poster,1i1vef,0,images/1i1vef.jpg
679,just back from work at the coal mine,93xys4,0,images/93xys4.jpg
680,ice planet inhabited by giant felines,91rrf4,0,images/91rrf4.jpg
681,battle sturdy bridge via previous winner bjuff,bqh07y,1,images/bqh07y.jpg
682,first time here thought i would share a box in my job,5ez8rk,0,images/5ez8rk.jpg
683,the dogs neck looks way too long until you look again,ci2z9i,0,images/ci2z9i.jpg
684,first live form sets foot on land million years ago,bxwi00,0,images/bxwi00.jpg
685,great wall of china around bc,bvc1qh,0,images/bvc1qh.jpg
686,long island home back,b4zthf,0,images/b4zthf.jpg
687,worlds most expensive sushi roll,5c9qqk,0,images/5c9qqk.jpg
688,ginger passengers caused the titanic to sink according to crew records,x2gdg,1,images/x2gdg.jpg
689,a couple in their s down on their luck is living in their car in a pasco county walmart parking lot but not by choice thanks to a group of girls theyre slowly getting back on their feet,2g8xim,1,images/2g8xim.jpg
690,some kids playing soccer in the street,57u0xp,0,images/57u0xp.jpg
691,a guy in japan being confused by a bloodied pink bear mascot x,2crjch,1,images/2crjch.jpg
692,bolsheviksstraight to gulag,cmpccx,0,images/cmpccx.jpg
693,thomas the fallout botengine,4j63hq,1,images/4j63hq.jpg
694,battle s classroom on behalf of previous winner shawndoesthings,9cdaoe,1,images/9cdaoe.jpg
695,scientists grow baby coral on barrier reef scientists have stepped in as environmental matchmakers by breeding baby coral on the great barrier reef in a move that could have worldwide significance,7fkfgw,1,images/7fkfgw.jpg
696,this image of mila kunis,8aimn4,1,images/8aimn4.jpg
697,michaelangelo the artist,bs768v,1,images/bs768v.jpg
698,my dad front in vietnam in didnt know this photo existed until i came across it randomly on the internet he cried when he saw it hope this is the right place to post it,81lk7f,0,images/81lk7f.jpg
699,video shameful man finds out the time from a clock he does not own,56wj5k,0,images/56wj5k.jpg
700,someone threw up in my fondue fountain,44jwbq,0,images/44jwbq.jpg
701,guy holding girlfriend over ledge,2t8p0o,1,images/2t8p0o.jpg
702,isis bans football referees in syria because they enforce laws of fifa not sharia,50iaok,1,images/50iaok.jpg
703,the vibrant flowers that survived in the sidewalk,cbyyxt,1,images/cbyyxt.jpg
704,early bitcoin miner,7lir0e,0,images/7lir0e.jpg
705,the foam on my drink yesterday had quite the resemblance to florida,c47s07,1,images/c47s07.jpg
706,why do all these homosexuals keep sucking my cock,5efjiw,0,images/5efjiw.jpg
707,research predicts wind and solar could green the sahara,9hwxds,1,images/9hwxds.jpg
708,colonial homes in antigua guatemala,1wu62b,1,images/1wu62b.jpg
709,i lost my camera on mount etna and the internet helped find it,6qqses,1,images/6qqses.jpg
710,band guy doing a strange jump and face,2cgth5,1,images/2cgth5.jpg
711,this urinal in a restroom,bl53sz,1,images/bl53sz.jpg
712,lego shortage leaves toy stores between a block and a hard place,2hj8ns,1,images/2hj8ns.jpg
713,awww shucks welcome home guys,4p6fsz,0,images/4p6fsz.jpg
714,a most frightened dispenser cross from rfunny,1ahaod,0,images/1ahaod.jpg
715,random pic of someones son breakdancing for snow white,2645t2,1,images/2645t2.jpg
716,this gelwax hasnt been touched in months and now it looks like a brain,c0jikt,1,images/c0jikt.jpg
717,mars,1qrzrv,0,images/1qrzrv.jpg
718,nj court orders divorced father to pay half of daughters pricey law school expenses,1zok9g,1,images/1zok9g.jpg
719,rawr,1co13f,0,images/1co13f.jpg
720,the mountain from game of thrones with his dad and grandpa,4r230x,1,images/4r230x.jpg
721,false hatecrime report landed innocent man behind bars cops say,65h6n2,1,images/65h6n2.jpg
722,found em,h9s7b,1,images/h9s7b.jpg
723,freidrich nietzsche writing thus spoke zarathustra,d4db4d,0,images/d4db4d.jpg
724,this pink and purple restroom,dksdwr,1,images/dksdwr.jpg
725,parking lot frustration leads to man accidentally stabbing himself,5qkzkb,1,images/5qkzkb.jpg
726,girl on a camel,43tf6i,1,images/43tf6i.jpg
727,deaf baby hears his mom for the first time,32y2q6,1,images/32y2q6.jpg
728,blast the hub and smash the wheel advertising world war,1th46h,0,images/1th46h.jpg
729,officials admit they have separated family who might be us citizens for up to a year,8y03jc,1,images/8y03jc.jpg
730,the last supper cicra ad,asq7lq,0,images/asq7lq.jpg
731,listen to music composed to calm stressedout shelter dogs,979e5f,1,images/979e5f.jpg
732,shot from the music video after the disco by the broken bellscolorized,6bcotd,0,images/6bcotd.jpg
733,motorbike enthusiast david gurney has once in a lifetime experience after bikes roll up outside his colney care home,65jm13,1,images/65jm13.jpg
734,exclusive my grandfather runs an amish cult from prison,2knn9j,1,images/2knn9j.jpg
735,a reallife oneman band,btrp0g,1,images/btrp0g.jpg
736,cool wind map,s5lfo,1,images/s5lfo.jpg
737,xray of an intel i processor,5g0x69,0,images/5g0x69.jpg
738,npd snuggiewearing goats found roaming nampa streets totesmagoats,5vz0a5,1,images/5vz0a5.jpg
739,patellar poltergeist found on rsubwaycreatures,ckvhbu,0,images/ckvhbu.jpg
740,christopher walken sitting at an airport,65dvyu,1,images/65dvyu.jpg
741,a boy and his goose,575e3r,1,images/575e3r.jpg
742,virginia railway company magazine ads during the mccarthy era,3mpqk8,0,images/3mpqk8.jpg
743,fazersgirl scout dropout,9bzs94,0,images/9bzs94.jpg
744,american solider taking one last photo with him mum before heading out to vietnam,9hh7hg,0,images/9hh7hg.jpg
745,s one fatherland for all,3hgy5j,0,images/3hgy5j.jpg
746,floating market malaysia,5aqg68,1,images/5aqg68.jpg
747,heres how to get the division on xbox one ps and pc for under ps,b1lqif,0,images/b1lqif.jpg
748,s fever by jella ross,cxwebz,0,images/cxwebz.jpg
749,a dead alien in my bed,8jkvya,0,images/8jkvya.jpg
750,surprised monastery ruins,d12oa5,0,images/d12oa5.jpg
751,ontario highway sign goes from james snow parkway to jon snow parkway,6q5dt9,1,images/6q5dt9.jpg
752,happy cholula cap is happy,8efly4,0,images/8efly4.jpg
753,my hotel rewards you for being green and turning down unnecessary housekeeping,djj5d0,1,images/djj5d0.jpg
754,last known transmission from shuttle columbia st,9ei7vq,0,images/9ei7vq.jpg
755,woofi mean quack,74ux6m,0,images/74ux6m.jpg
756,michele bachmann americas iron lady,x4uih,1,images/x4uih.jpg
757,news connecting with the heartland the dnc has paid a manhattan consulting firm million to show it a picture of a guy on a tractor,7vfx40,0,images/7vfx40.jpg
758,now you too can have an imaginary friend that really listens,b1kdgk,1,images/b1kdgk.jpg
759,my gruff old cooler bag doesnt trust these yetis,90uz1j,0,images/90uz1j.jpg
760,googleorg is devoting million in grants to help close the education gap,60rb8b,1,images/60rb8b.jpg
761,yearold female cyclist becomes oldest ever on bolivias death road race,de1syl,1,images/de1syl.jpg
762,israeli commanders watching arab forces being annihilated at every front during the six day war,bh2zi6,0,images/bh2zi6.jpg
763,my tub has quite the nose,8kj2nq,0,images/8kj2nq.jpg
764,saw this guy perched atop a bar in seattle,33y88g,0,images/33y88g.jpg
765,a overjoyed grandmother meeting her favorite actor denzel washington,5h4yao,1,images/5h4yao.jpg
766,college program will help students cope with toxic masculinity,71g6gd,1,images/71g6gd.jpg
767,super derp car,1ec4p9,0,images/1ec4p9.jpg
768,zuckerburg before his transformation into a human,8e4167,0,images/8e4167.jpg
769,queen elizabeth saw her first ever selfcheckout machine at a grocery storeand asked a really good question,bskg7g,0,images/bskg7g.jpg
770,les enfants terribles chez ennui,c6zzvb,0,images/c6zzvb.jpg
771,a green bell pepper inside a red bell pepper,bb35rl,1,images/bb35rl.jpg
772,the button on my calculator is installed upside down,d5kvt6,1,images/d5kvt6.jpg
773,this litter didnt want to be litter,60gvao,0,images/60gvao.jpg
774,disabled dogs in wheelcarts play fetch,2b0o9g,1,images/2b0o9g.jpg
775,cutouts,chn5u3j,0,images/chn5u3j.jpg
776,dog sitting on a chair,cj34yv,1,images/cj34yv.jpg
777,muslim man defies curfew to take pregnant hindu woman to hospital,bpaax5,1,images/bpaax5.jpg
778,attack by lions in safari park has happy ending except for car,2lr1o4,1,images/2lr1o4.jpg
779,this joyful puppy,8j22ro,1,images/8j22ro.jpg
780,crested hawkeagle nisaetus cirrhatus,3b5ic8,1,images/3b5ic8.jpg
781,americans competing with indians chinese for jobs barack obama,57zgli,1,images/57zgli.jpg
782,jail toilet on bluetooth headset,2h6wj4,0,images/2h6wj4.jpg
783,the currency my small town tried to implement a few years back just found the fairbuck today,blz6js,1,images/blz6js.jpg
784,this road in manchester is so worn down you can see the old tram lines,b9aavw,1,images/b9aavw.jpg
785,pm wanted snclavalin deal one way or another top bureaucrat told wilsonraybould in secretly recorded call,b72vm1,1,images/b72vm1.jpg
786,gulag prisoners force to dig a underwater base in alaska,atvoa1,0,images/atvoa1.jpg
787,fresh isnt always best hummus at the whole foods prepared foods bar nd stbryant park nyc,cl4x3i,1,images/cl4x3i.jpg
788,found a tree that grew a handle,bjwrr9,1,images/bjwrr9.jpg
789,yahoo japan to end ivory sales,cwip0g,1,images/cwip0g.jpg
790,oprah faces protest for using wrinkle cream made with foreskin,3rfgxf,1,images/3rfgxf.jpg
791,first ever picture on an extraterrestrial from nasa,816ned,0,images/816ned.jpg
792,this picture of putin butterfly swimming,21oaa8,1,images/21oaa8.jpg
793,this subtitle in an indian movie,ct4yub,1,images/ct4yub.jpg
794,there is something missing,968u2p,0,images/968u2p.jpg
795,she lost pounds in years and is sharing her story to motivate others,3dfhxp,1,images/3dfhxp.jpg
796,oh,91u4lx,0,images/91u4lx.jpg
797,plotting baby,1z7m9y,1,images/1z7m9y.jpg
798,while i was making a salad i met these happy little friends,1eohix,0,images/1eohix.jpg
799,this egg has different colored halves,9hru11,1,images/9hru11.jpg
800,available here,eq71s9s,0,images/eq71s9s.jpg
801,hmb while ko hmb while i climb into this dumpster,43uas5,0,images/43uas5.jpg
802,strawberry dam the th voyage of sinbad,6uifwn,0,images/6uifwn.jpg
803,the whitetails take a look at this,86erwg,0,images/86erwg.jpg
804,trump bannon row who is author michael wolff bbc news,7o817x,1,images/7o817x.jpg
805,kanye getting inspiration for his new video circa,9iv89o,0,images/9iv89o.jpg
806,why are you taking so long between sets get off your phone,4u8msz,0,images/4u8msz.jpg
807,this expiration date,av46zo,1,images/av46zo.jpg
808,this midly interesting domain link on a truck from netherlands,c5vyxz,1,images/c5vyxz.jpg
809,not excited cat on vegan cat food can,bb8phu,1,images/bb8phu.jpg
810,not sure if this is cheating but its such a cute face,xrp28,0,images/xrp28.jpg
811,found the ultra rare physoplexis comosa,cjyjzn,1,images/cjyjzn.jpg
812,canadian restaurant chains are ditching plastic straws,910gy3,1,images/910gy3.jpg
813,group of wwii german prisoners about to be brutally tortured by their russian captors,5x0m7v,0,images/5x0m7v.jpg
814,eustra feed our fantasy,353fc3,0,images/353fc3.jpg
815,notre dame eurm raised to help restore firedamaged paris cathedral,bdvmmk,1,images/bdvmmk.jpg
816,pharaoh accepts corporate sponsorships to help fund his tomb c bce,bho2s3,0,images/bho2s3.jpg
817,barbara dunkelman,27qovp,1,images/27qovp.jpg
818,hairy chested woman,2gv1w9,0,images/2gv1w9.jpg
819,scrap metal bull,3m5kvj,1,images/3m5kvj.jpg
820,four lunar,96tv5l,0,images/96tv5l.jpg
821,police struggle with loss of privileged position,356jh0,1,images/356jh0.jpg
822,drugs depression discipline problems plague schools where deadly shootings occurred,dfwyy5,1,images/dfwyy5.jpg
823,this cooler is happy to help,8mhkxx,0,images/8mhkxx.jpg
824,this hand mixer was more than ready to whip some mash potatoes this easter sunday,88ubqp,0,images/88ubqp.jpg
825,cat is not quite sure what to think about its new seat,1m9qcq,1,images/1m9qcq.jpg
826,a roadrunner with a lizard in its mouth was on my truck this morning,azacz1,1,images/azacz1.jpg
827,a really big hamburger or a really small chair came from rwewantplates,ddatkw,0,images/ddatkw.jpg
828,this tree has both lemons and oranges,cai6h1,1,images/cai6h1.jpg
829,the announcement of the french revolution,bumszh,0,images/bumszh.jpg
830,ugreygraphics for bamboolzement and rustling of jimmies on a post from rmeirl and making over of the second degree gold theft upmmeurlovestry vs,867zi2,0,images/867zi2.jpg
831,british cartoon celebrating the anglojapanese alliance,9j77v4,0,images/9j77v4.jpg
832,marvel fans weeks after watching avengers infinity war,aw7m7h,0,images/aw7m7h.jpg
833,keurig launches campbells kcups,3ke509,1,images/3ke509.jpg
834,jamie olivers firebased restaurant barbecoa evacuated after blaze,1n1p76,1,images/1n1p76.jpg
835,winter waves crashing freezing onto lake michigan lighthouse,9gq92h,1,images/9gq92h.jpg
836,this happy bluetooth speaker,7e0txe,0,images/7e0txe.jpg
837,sleepy hairless kitty,7d2woy,1,images/7d2woy.jpg
838,happy fella in my penske rental,9f7p90,0,images/9f7p90.jpg
839,concern after no loch ness monster sightings,1xax62,1,images/1xax62.jpg
840,teen goes to extraordinary lengths to give autistic twin the high school graduation to remember,3a5l70,1,images/3a5l70.jpg
841,dandelion with sun behind it,b01x3i,1,images/b01x3i.jpg
842,the water cooler at work got a new haircut,1ytuuk,0,images/1ytuuk.jpg
843,crawfish hanging out,6y2jza,1,images/6y2jza.jpg
844,scientists debate if its ok to make viruses more dangerous in the lab,2pjfoe,1,images/2pjfoe.jpg
845,inlaws are renovating their house and found some wine hidden behind the walls,ce9ymu,1,images/ce9ymu.jpg
846,monney after it has been in the washing machine with red clothes is this still valid,9dhhz4,1,images/9dhhz4.jpg
847,chinese snake beans have the coolest flowers ever,cn7ca0,1,images/cn7ca0.jpg
848,report explosive chickens latest addition to isiss arsenal,3e7szd,1,images/3e7szd.jpg
849,kevin spacey taunting anthony rapp,7bj5wr,0,images/7bj5wr.jpg
850,no tanks allowed,cqe087,1,images/cqe087.jpg
851,rprequelmemes following the announcement of the obiwan tv series,cr5jo3,0,images/cr5jo3.jpg
852,whore of babylon wearing a papal tiara from a woodcut in luthers translation of the new testament x,qoq4p,0,images/qoq4p.jpg
853,of the noodles in my spaghetti pack looked like this,c5xefp,1,images/c5xefp.jpg
854,guy standing next to a mastiffirish wolfhound dog,56rdqt,1,images/56rdqt.jpg
855,whos helped by raising the minimum wage,4coazi,0,images/4coazi.jpg
856,a dude and his banana,68bb6u,1,images/68bb6u.jpg
857,a friend of mine at the beach doingsomething,zmzsm,1,images/zmzsm.jpg
858,fdr giving his famous infamy speech,914gt4,0,images/914gt4.jpg
859,bbq chip or i think its a cat what about you,7o3787,0,images/7o3787.jpg
860,beats claims nfl players dna affected by headphone ban,2ieqrn,1,images/2ieqrn.jpg
861,hipster doorbell in venice,3y0qxw,0,images/3y0qxw.jpg
862,blaze it,26ocmi,0,images/26ocmi.jpg
863,i woke up to a wall of icicles in wyoming,axd3cj,1,images/axd3cj.jpg
864,man in a mud,34a0sx,1,images/34a0sx.jpg
865,a liberated jewish man enjoying a meal after being starved by his nazi captors,broq4h,0,images/broq4h.jpg
866,this fly trap that works unbelievably well and holds up to flies,9c6fg2,1,images/9c6fg2.jpg
867,man in giant bowl,61dri4,1,images/61dri4.jpg
868,this rock i saw at yosemite looks like a blobfish,cibwcf,1,images/cibwcf.jpg
869,dog excited for ps,1rrqk3,1,images/1rrqk3.jpg
870,quiz is your flamingo sick enough to make a movie about,890i5w,0,images/890i5w.jpg
871,owl totem,64hrc8,0,images/64hrc8.jpg
872,a muddy stream and a clear stream meet in a creek in my neighborhood,arf0dh,1,images/arf0dh.jpg
873,the boat race valor,5mkgxx,0,images/5mkgxx.jpg
874,grumpy omelet and toast,2xqmox,0,images/2xqmox.jpg
875,saw this at a restaurant in downtown indy what do you guys think i like it,cel6oq,1,images/cel6oq.jpg
876,found an interesting shape when i cut open a pepper this morning,c1dkgs,1,images/c1dkgs.jpg
877,terrified tv remote,1l18av,0,images/1l18av.jpg
878,a happy elephant seal,1egfj7,1,images/1egfj7.jpg
879,i got my hand caught in some form lift forks and its extenders pretty interesting to see the contrast between two types of injury caused by the same stimuli only difference being inches apart,b495ft,1,images/b495ft.jpg
880,the machine where i work,1akusp,0,images/1akusp.jpg
881,coral zombies spell doom for coral reefs around world,4p7f49,1,images/4p7f49.jpg
882,this perfect imprint on my finger from a hot screw,bhdj1i,1,images/bhdj1i.jpg
883,my backyard has been covered in some kind of pollen,brq7vq,1,images/brq7vq.jpg
884,the inventor of the super soaker who was a former nasa rocket scientist recently won his fair share of royalties from hasbro million,1qh89d,1,images/1qh89d.jpg
885,a windows shadow looks like a cat,4psli5,0,images/4psli5.jpg
886,multiple waterspouts touching down where the lava flow meets the ocean at kilauea,1f82bb,1,images/1f82bb.jpg
887,to clear the slums vote conservative uk,99jmxc,0,images/99jmxc.jpg
888,a dollar bill from,b01swu,1,images/b01swu.jpg
889,when the well is dry we know the worth of water current india,4h28l5,0,images/4h28l5.jpg
890,found a toucan in between the titles at work,czm5tu,0,images/czm5tu.jpg
891,keanu running,1i9slw,1,images/1i9slw.jpg
892,eden hazard celebrating,34tka1,1,images/34tka1.jpg
893,the jumpscares come home now,7pkzxf,0,images/7pkzxf.jpg
894,benito mussolini learns of the successful allied invasion of salerno and sicily,7tfzc6,0,images/7tfzc6.jpg
895,look at this guy i saw while going to the bathroom,oshq1,0,images/oshq1.jpg
896,we have lots of geese in our neighborhood but ive never seen them perched on a rooftop before,b6m0q0,1,images/b6m0q0.jpg
897,leaked discussion between kim jongun and donald trump from the vietnam summit,aww2we,0,images/aww2we.jpg
898,retired gen james cartwright charged with making false statements during probe into disclosure of classified info,57y85n,1,images/57y85n.jpg
899,firefighter happy to see a house burn,76z4av,1,images/76z4av.jpg
900,strange freezing pattern in a swimming pools surface,awyl3n,1,images/awyl3n.jpg
901,polish baby born from mother on life support is doing fine,4fo5bt,1,images/4fo5bt.jpg
902,evil skull i found in a pizza ad in la paz bolivia,80vb4v,0,images/80vb4v.jpg
903,avocado hand joy behar and andi dorfman bring awareness to avocado affliction doctors warn about,8quzts,1,images/8quzts.jpg
904,this parking garage has red and green lights on the ceiling to help drivers easily locate available parking spots,9ep0ea,1,images/9ep0ea.jpg
905,cdc more children died from flu in last week,7uugv5,1,images/7uugv5.jpg
906,teacher steps up for ill student even while out on her own medical leave,6jw3ol,1,images/6jw3ol.jpg
907,a fire tornado captured by a firefighter in colorado,4yf2ld,1,images/4yf2ld.jpg
908,motorcycle crash hes fine,1btzvy,1,images/1btzvy.jpg
909,nebraska chicken thief sends kfc and a letter of apology,2d1e5u,1,images/2d1e5u.jpg
910,diffusion of useful knowledge new relic,9hbfm2,0,images/9hbfm2.jpg
911,gop memo tells members how to sound empathetic about the unemployed,1uqyt7,1,images/1uqyt7.jpg
912,i found a burnt corn flake,azjknf,1,images/azjknf.jpg
913,donald trump taking a golf swing,5v7t9v,1,images/5v7t9v.jpg
914,people in the s drinking champagne,2xk5gz,1,images/2xk5gz.jpg
915,flower man at a wedding,6iov9g,1,images/6iov9g.jpg
916,pretty goofy weird dinosaur was cross between barney and jar jar binks,2k1eeo,1,images/2k1eeo.jpg
917,jeremy hunt launches urgent inquiry into junior doctors morale,45aov6,1,images/45aov6.jpg
918,angry face outside my window,27w827,0,images/27w827.jpg
919,a green ford from green ford,asex6z,1,images/asex6z.jpg
920,my carrot stick with peanut butter looks like donald trump,c75u78,1,images/c75u78.jpg
921,nazis flee to argentina after ww in europe ends,bls13g,0,images/bls13g.jpg
922,guillotine used during the french revolution,bl4z6c,0,images/bl4z6c.jpg
923,laughing face in the red stripe,2t4mn3,0,images/2t4mn3.jpg
924,this cat holding a cardboard tube,9bzvlf,1,images/9bzvlf.jpg
925,target raises minimum wage to an hour in fight to retain and recruit staff,72dnhs,1,images/72dnhs.jpg
926,the st louis county swat team blasted a dog now the county owes,cbqqgq,1,images/cbqqgq.jpg
927,benito mussolini explaining fascism to the italian people circa,9gmums,0,images/9gmums.jpg
928,the united states st airborne division deploying in normandy france,7v77ps,0,images/7v77ps.jpg
929,farmers markets have new unwelcome guests fascists,cd4byi,1,images/cd4byi.jpg
930,this alligator purse with most of the alligator still intact,comibn,1,images/comibn.jpg
931,every tragedy has a hero boy killed in hitandrun pushed sister out of the way to save her life,3ro2zz,1,images/3ro2zz.jpg
932,mickey mouse power line pole,dgm4uh,1,images/dgm4uh.jpg
933,this chair in the hospital waiting room is not very happy about being sat on,d5tmka,1,images/d5tmka.jpg
934,cordillera resort to reopen as tony drugtreatment facility for seriously underserved population the wealthy,awor5e,1,images/awor5e.jpg
935,small soda that makes me feel like andre the giant,bk9ig9,0,images/bk9ig9.jpg
936,guy in my class wearing a snapback looking up pictures of snapbacks,brene0,1,images/brene0.jpg
937,record employed in record low unemployment rate for blacks,d0nfcf,1,images/d0nfcf.jpg
938,clinton suggests russia working to elect trump,51ly4i,1,images/51ly4i.jpg
939,two baby mountain gorillas born in dr congos virunga park,91ufor,1,images/91ufor.jpg
940,market basket assures wilmington shoppers our stores are ghostfree,b5w585,1,images/b5w585.jpg
941,pure delight,177qmf,0,images/177qmf.jpg
942,awesome fingerreader gadget lets the blind read printed text,23eqcf,1,images/23eqcf.jpg
943,this mall santa with a sleeping child,a2f83z,1,images/a2f83z.jpg
944,drunken man in underwear wanders into indiana home and eats chips,3918fd,1,images/3918fd.jpg
945,found along the road on st stephens cathedral vienna,bjbsk1,0,images/bjbsk1.jpg
946,the remaining coffee in my mug almost looks like a map of earth,cgdj4e,1,images/cgdj4e.jpg
947,the firecrackers world on fire,c5jg75,0,images/c5jg75.jpg
948,mcdonalds employee admits to ejaculating in big mac secret sauce for two years,5bfp6x,0,images/5bfp6x.jpg
949,oregon christian blogger gives up leggings to honor god and husband sparks international debate,2tg9ke,1,images/2tg9ke.jpg
950,i found a fairly happy bone today while fishing,823jxj,0,images/823jxj.jpg
951,he knew his fate was mashed,2qkf2k,0,images/2qkf2k.jpg
952,the way my peppers are growing straight up in the air,d09o4g,1,images/d09o4g.jpg
953,these greeting cards from the s,djpdkg,1,images/djpdkg.jpg
954,donald trump announces he was actually andy kaufman the whole time,4a9aia,0,images/4a9aia.jpg
955,north korean dictator kim jongun and president barack obama take one last walk together after they fail to stop the last plane of the rd bomb wing from reaching its target the look on their faces show reflect the true horror the bombs would bring,5e8hpn,0,images/5e8hpn.jpg
956,this long baby carrot,ccvwv0,1,images/ccvwv0.jpg
957,this tree looks like a photographer looking at their camera,9cvd1r,0,images/9cvd1r.jpg
958,aita for refusing to wear a wig to my friend for a walk found in the first half not gonna lie,c15wpn,0,images/c15wpn.jpg
959,malaysia hopes to pay for military equipment with palm oil,cvms6c,1,images/cvms6c.jpg
960,beyonce quickly releases new song about how buying tidal subscription most empowering thing a woman can do,4gfhaw,0,images/4gfhaw.jpg
961,wapo reports autopsy of jeffrey epsteins body found multiple neck bone fractures,cqlssv,1,images/cqlssv.jpg
962,this chickfila has stoplights to control traffic,b3wuzm,1,images/b3wuzm.jpg
963,starbucks just announced its going to finally do something that many people have been begging it to do for years,85xmbn,0,images/85xmbn.jpg
964,were flying,4xmw7i,0,images/4xmw7i.jpg
965,this microbrewery has a branded video game,cxy9nw,1,images/cxy9nw.jpg
966,this happy bush i saw today,d7jux1,0,images/d7jux1.jpg
967,bird fight,1n3imr,1,images/1n3imr.jpg
968,this gypsys mule moving side by side a bmw,at5sx6,1,images/at5sx6.jpg
969,a piece of darker bread inside of this light slice of bread,ba54ee,1,images/ba54ee.jpg
970,vietnam war,9f8uqf,0,images/9f8uqf.jpg
971,devin nunes sues a sassy cow on twitter and she gains a herd of followers,b49pd5,1,images/b49pd5.jpg
972,arnold schwarzenegger full rage mode playing pingpong,1wolrq,1,images/1wolrq.jpg
973,ivanka trump is getting a strong reaction online after posting a photo of herself seated at the oval office desk while her father us president donald trump and canadian prime minister justin trudeau stood on either side of her,5u61ox,1,images/5u61ox.jpg
974,he cant forget pearl harbor can you wwii poster from the us government printing office,2okiim,0,images/2okiim.jpg
975,this small business jet premier uses a decal to create a fourth window giving the illusion that the cabin is longer,b6k4sa,1,images/b6k4sa.jpg
976,she put a comb through this girls hair and what she found will make you run for the hills,56pjs2,0,images/56pjs2.jpg
977,line formed in front of one of al capones soup kitchens during the great depression,92xpfy,0,images/92xpfy.jpg
978,the crucifixion of jesus christ circa ad,9avynm,0,images/9avynm.jpg
979,most expensive tweet ever sends to kenyan water charity via dogecoin,20rcjs,1,images/20rcjs.jpg
980,view of the international space station big blue and the recent hurricanes from space,71hlhw,0,images/71hlhw.jpg
981,sarah palins family allegedly in alaska house party brawl,2g77d7,1,images/2g77d7.jpg
982,the cat that gravity forgot,5x7frs,1,images/5x7frs.jpg
983,my dads year old rain jacket is better quality than ones now a promotional product from chase bank,bulojl,1,images/bulojl.jpg
984,this tree growing from a building ledge,bng1xj,1,images/bng1xj.jpg
985,enlist at the volunteer legion the netherlands dutch ww era antibolshevism poster under german occupation,aydwi7,0,images/aydwi7.jpg
986,allen weisselberg the trump organizations chief financial officer gets immunity deal,9a4c3v,1,images/9a4c3v.jpg
987,wwii veteran given viking funeral coast guard agreed to norse sendoff,2iey9d,1,images/2iey9d.jpg
988,the future th president donald j trump soliciting a sex worker circa,8htem5,0,images/8htem5.jpg
989,other discussions,cexh4c6,0,images/cexh4c6.jpg
990,this wrinkled egg,bmk0s8,1,images/bmk0s8.jpg
991,mama sheep and baby sheep looking awkward,94kp1m,1,images/94kp1m.jpg
992,in the name of peace and progress a ussr space program poster,cf5ahx,0,images/cf5ahx.jpg
993,family reunited with cat,46i10s,1,images/46i10s.jpg
994,rick astley isnt giving the us up or letting it down,4x21w3,1,images/4x21w3.jpg
995,da booty,ciq0gx,0,images/ciq0gx.jpg
996,cat coming out of a swimming pool,84mhu8,1,images/84mhu8.jpg
997,the way the sun hits my martini glass,5x12zn,0,images/5x12zn.jpg
998,grumpy half a sleep cat,5gcz30,1,images/5gcz30.jpg
999,the true four horsemen,8p8s51,0,images/8p8s51.jpg
1000,private investigator says getting prostitutes faster than getting pizza delivered in hialeah,44k022,1,images/44k022.jpg
1001,bleach left on hair for too long caused it to melt,73uz8w,0,images/73uz8w.jpg
1002,multiple people reported injured at active shooter situation at the gilroy garlic festival,cj4u7j,1,images/cj4u7j.jpg
1003,provisional ira poster s they have proven themselves ready to overcome the most repressive of british methods saw this in the sinn fein bookshop,rrogn,0,images/rrogn.jpg
1004,our silk worm moths just hatched,blm95o,1,images/blm95o.jpg
1005,furry on the subway,5z8rb8,1,images/5z8rb8.jpg
1006,snoopy doing some ironing,1oen6x,1,images/1oen6x.jpg
1007,aaaaaaaah,d9bwhs,0,images/d9bwhs.jpg
1008,a pug with a duck bill,20o824,1,images/20o824.jpg
1009,fat child being suave at the bottom of a water slide,2z573b,1,images/2z573b.jpg
1010,back from the brink of extinction how the gangetic dolphins made a comeback,5vxkjg,1,images/5vxkjg.jpg
1011,allergic reaction selfie,28b4l5,1,images/28b4l5.jpg
1012,exprofessional baseball player charged in bizarre breakin found sleeping among pillows pizza,440m9z,1,images/440m9z.jpg
1013,this coffee shop by my work uses raw pasta as stir sticks instead of plastic,cw5ot9,1,images/cw5ot9.jpg
1014,capybaras add new accomplices to their family of escape artists,612cez,1,images/612cez.jpg
1015,steve ballmer rewards playoffbound clippers with complimentary microsoft office upgrades,bbs3nw,0,images/bbs3nw.jpg
1016,carpathian mountains ukraine,3ut7ea,1,images/3ut7ea.jpg
1017,boston subway riders save woman who fell off platform,1ot06x,1,images/1ot06x.jpg
1018,the creatures zulu,c74ahb,0,images/c74ahb.jpg
1019,global investment in renewable energy to triple this decade says un,d0f6lv,1,images/d0f6lv.jpg
1020,the narrows in zion national park utah,3c6rog,1,images/3c6rog.jpg
1021,group seeks gandalf for president,2pdp5f,1,images/2pdp5f.jpg
1022,angry cup tray is angry,23jjzm,0,images/23jjzm.jpg
1023,my dirty spoon rest looks like its saying something dirty,bxxzqv,1,images/bxxzqv.jpg
1024,if everybody says it cant happen to their kids then whose kids is it happening to ca,2isxrt,0,images/2isxrt.jpg
1025,cricket world cup six wounded in afghanistan gunfire celebrations,2xb2an,1,images/2xb2an.jpg
1026,hes coming southits fight work or perish australian poster wwii,25n9dq,0,images/25n9dq.jpg
1027,squidward skeptical,945qra,0,images/945qra.jpg
1028,what are you looking at boy,1nu4td,0,images/1nu4td.jpg
1029,i rarely use my stapler so i guess its accurate that it is a sloth,1uxznb,0,images/1uxznb.jpg
1030,michael bolton to play michael bolton in tv series,11ftcz,1,images/11ftcz.jpg
1031,two hooligans fighting,69pvdz,1,images/69pvdz.jpg
1032,this actual natural snowball effect in sequoia national park,b0r6lt,1,images/b0r6lt.jpg
1033,happy hairy shirtless man,1nr61z,1,images/1nr61z.jpg
1034,meijer cashier makes a kids day,3x3cm4,1,images/3x3cm4.jpg
1035,these chairs have seen some shit,1zxkbu,0,images/1zxkbu.jpg
1036,i want to be this happy,7wyhh4,0,images/7wyhh4.jpg
1037,wooden fish fifteen years,4k44oa,0,images/4k44oa.jpg
1038,the things this camera has to see,bfqmce,0,images/bfqmce.jpg
1039,unknown protester stands infront of chinese military tank,8owuvu,0,images/8owuvu.jpg
1040,us presidential debate trump wont commit to accept poll result,58fynl,1,images/58fynl.jpg
1041,flemish onward recruitment poster for the algemeeness vlaanderen in belgium world war ii,27wtqm,0,images/27wtqm.jpg
1042,patriothole the dangers of clean energy a wind turbine popped this mans brandnew volleyball,7al06o,0,images/7al06o.jpg
1043,ooh aah,30i5je,0,images/30i5je.jpg
1044,the groovies its a sad day for happy people,5eqfmt,0,images/5eqfmt.jpg
1045,suburban politics hegemony,bvf5jz,0,images/bvf5jz.jpg
1046,are the new iphones too big for womens hands,2g2a81,1,images/2g2a81.jpg
1047,hopsten do you see law and order,3p2vkc,0,images/3p2vkc.jpg
1048,this chipmunk with its mouth full in st elmo co found in a thread on rfunny,2lenoa,1,images/2lenoa.jpg
1049,after us european union diplomats in delhi to get air purifiers,2x5qid,1,images/2x5qid.jpg
1050,jerry rice ladies and gentlemen this one at my office,6gv44z,0,images/6gv44z.jpg
1051,check the rodent,1i7tb8,1,images/1i7tb8.jpg
1052,this guy at work loves holding these monitors at work all day,1oicnv,0,images/1oicnv.jpg
1053,encanto park vulgar beyond question,36ykh6,0,images/36ykh6.jpg
1054,narrow shalets at a ski resort,6911z2,0,images/6911z2.jpg
1055,great story of a young denver woman who transitioned from gang life to boxing and got back on the right track to graduation from high school,26jptk,1,images/26jptk.jpg
1056,seventeen dead in burkina faso attack,6tjgu0,1,images/6tjgu0.jpg
1057,millennials are causing the us divorce rate to plummet,c2xpxl,1,images/c2xpxl.jpg
1058,my cucumber slice has dreamworks face,68t8pg,0,images/68t8pg.jpg
1059,a camouflaged bow hunter,670vye,1,images/670vye.jpg
1060,after ps reveal clippy offers to help ballmer write his suicide note,1g6c5a,0,images/1g6c5a.jpg
1061,ivory coast has adopted a new system of postal addresses that will allow the whole country to receive mail deliveries for the first time,5jl0oy,1,images/5jl0oy.jpg
1062,heron eating fish,6n78xr,1,images/6n78xr.jpg
1063,a huge grape i had today,bbjoqc,1,images/bbjoqc.jpg
1064,how likely is it to come in contact with an astronaut,3gclkb,0,images/3gclkb.jpg
1065,kid falls off his ass onto his ass while his ass fights with another ass,1y2yaw,1,images/1y2yaw.jpg
1066,muslim man hugs isis suicide bomber moments before explosion saves hundreds of lives,4s7lln,1,images/4s7lln.jpg
1067,american bomb engineer,5a9nl8,0,images/5a9nl8.jpg
1068,rare picture of kiwis practicing cannibalism circa,922g9j,0,images/922g9j.jpg
1069,i ordered a character software registration code online and this was the packaging,bizr4q,1,images/bizr4q.jpg
1070,revealed identities of witnesses immunized to testify against manafort,91e1gb,0,images/91e1gb.jpg
1071,random house in this subdivision is almost completely underground,cynl23,1,images/cynl23.jpg
1072,my maniac wife driving a x years ago,2idlnl,1,images/2idlnl.jpg
1073,this one eyed baby toad i found,cmqje5,1,images/cmqje5.jpg
1074,us government transporting the aliens from area to another area before the redditors storm in,ccg22y,0,images/ccg22y.jpg
1075,this suede sofa is the opposite shade when looking from the other direction,9dgtr7,1,images/9dgtr7.jpg
1076,the wendys girl neckline looks like mom,d9d87r,1,images/d9d87r.jpg
1077,a really tall woman,cpix6r,0,images/cpix6r.jpg
1078,we found a brick in the ground on a hill,ckh08q,1,images/ckh08q.jpg
1079,this horrified cardboard,cdxkv3,0,images/cdxkv3.jpg
1080,found a white mm,bvc8v7,1,images/bvc8v7.jpg
1081,in other words a satirical lyrical podcast,8j5a8k,0,images/8j5a8k.jpg
1082,the fall of rome bc,9f2trt,0,images/9f2trt.jpg
1083,two citizens are tricked into thinking communism would be great,7pdec3,0,images/7pdec3.jpg
1084,keyboard for the bar and i dont even have a yellow bird midflight,3alsrz,0,images/3alsrz.jpg
1085,leader of the pack,d3ljyt,1,images/d3ljyt.jpg
1086,the concrete around this leaf made the water droplets on it look metallic,axkn08,1,images/axkn08.jpg
1087,year old son takes mom out to her yard because she had a bizarre chinese reaction,4tq3wv,0,images/4tq3wv.jpg
1088,nazi hung in school classrooms the title peoples degeneration peoples death at the bottom is a quote from hitlers mein kampf woe to the people who are not able to master this illness see comment,2me5lt,0,images/2me5lt.jpg
1089,with a single strike ussr wwii,6cx0be,0,images/6cx0be.jpg
1090,texas governor calls in national guard on us military,34pgtm,1,images/34pgtm.jpg
1091,a prison with no bars changes lives by using human ecology and emphasizing trust and community,33wyc1,1,images/33wyc1.jpg
1092,this power line pole that was hit by a car in my hometown,bj612c,1,images/bj612c.jpg
1093,i found this threadless screw in a box of completely normal screws at work,bwv9kf,1,images/bwv9kf.jpg
1094,bearded british sikh woman selected for portrait series celebrating of the best beards from all over the world,2d1s35,1,images/2d1s35.jpg
1095,my school put fake grass in the middle of real grass so this vent couldnt kill it,9j423y,1,images/9j423y.jpg
1096,a minute ad,d8d085,1,images/d8d085.jpg
1097,a very wet and slightly confused cat,2pev5b,1,images/2pev5b.jpg
1098,a screenshot of the movie moana,8lw43i,0,images/8lw43i.jpg
1099,his hand around her,b7n2qh,0,images/b7n2qh.jpg
1100,grilled chicken,73x8h4,0,images/73x8h4.jpg
1101,this newly hatched chick,cxgkhc,1,images/cxgkhc.jpg
1102,this ice cube sign at the restaurant my friend is at,cnog5k,1,images/cnog5k.jpg
1103,noticed this hersheys gold was wraped wierd so i opened it and it was inside out,dgmkg8,1,images/dgmkg8.jpg
1104,madonna in a publicity photo for her comeback tour,74fwmp,0,images/74fwmp.jpg
1105,are you fond of games then join the territorial army world war i,84l7va,0,images/84l7va.jpg
1106,my game glitched and the result is unnerving n s f w,39s9r0,0,images/39s9r0.jpg
1107,im george w bush on trump and has resorted to attacking trump because of the irish,5wlrkg,0,images/5wlrkg.jpg
1108,this bottle of fuel stabilizer has its own built in measuring cup,bo3g9o,1,images/bo3g9o.jpg
1109,give your good books to our fighting men ca sponsored by the american library association,16vl9t,0,images/16vl9t.jpg
1110,my friend on a road trip,88cg45,0,images/88cg45.jpg
1111,chinese toys using frank woods from call of duty black ops on their bag,c4p4dn,1,images/c4p4dn.jpg
1112,calories important for body expert,1g1x31,1,images/1g1x31.jpg
1113,crying speaker,txvcm,0,images/txvcm.jpg
1114,the flag goes down on india do you want this dutch national committee for maintaining unity,7klceq,0,images/7klceq.jpg
1115,kitchen smoke alarm has resting check my battery face,74msc3,0,images/74msc3.jpg
1116,keep paying taxes modern poster covering us role in the israelpalestine conflict,wcmqo,0,images/wcmqo.jpg
1117,packaging looks like a monster,1xh7yg,0,images/1xh7yg.jpg
1118,cfpb has helped return million to student loan borrowers since,784lkn,1,images/784lkn.jpg
1119,watch kids choose between a gift for themselves or their parents,3xjs1u,1,images/3xjs1u.jpg
1120,elder tree,8re2c5,0,images/8re2c5.jpg
1121,motorist pulls chainsaw on driver with gun,4m7fvg,1,images/4m7fvg.jpg
1122,i found a cucumber plant growing in the sand at the beach,9dxw0k,1,images/9dxw0k.jpg
1123,the shadow of our fruit bowl looks like a baby hippo holding a tea pot,810arw,0,images/810arw.jpg
1124,can i be drawn better opinions on the bait and do exactly what we want nba stars to do,6ptrnw,0,images/6ptrnw.jpg
1125,so then i said,12oe59,0,images/12oe59.jpg
1126,americas motels keep exploding because of meth,3520mz,1,images/3520mz.jpg
1127,america would run out of avocados in three weeks if trump shuts down the usmexico border,b8c81z,1,images/b8c81z.jpg
1128,a limited edition pack of unicornthemed flipz,au022m,1,images/au022m.jpg
1129,police officers killed inmates on run in georgia,6h5yj8,1,images/6h5yj8.jpg
1130,french generals decide their military approach to the german threat,bfgy1n,0,images/bfgy1n.jpg
1131,jesus christ gives his sermon on the mount circa ad,b7qgho,0,images/b7qgho.jpg
1132,the two possible reactions to seeing a dinosaur,3snmjt,1,images/3snmjt.jpg
1133,kevin durant announces his transition to another team circa,5sbxrm,0,images/5sbxrm.jpg
1134,sic i wanna be insatiable,82c440,0,images/82c440.jpg
1135,subway graffiti morning commute,b87sm1,0,images/b87sm1.jpg
1136,joaquin phoenix in a scene from joker,bcm8pk,0,images/bcm8pk.jpg
1137,two brotherly people set up a date above an enemy city their every handshake makes nazi germany crack world war ii poster,1hrhef,0,images/1hrhef.jpg
1138,the marijuana industrys newest customers are sick and elderly dogs,32gev0,1,images/32gev0.jpg
1139,this milk wasnt too happy i spilt it,1a1que,0,images/1a1que.jpg
1140,ive seen things no mail box should ever see,7xzc25,0,images/7xzc25.jpg
1141,trumps leaked iq shocks the nation,766yxk,0,images/766yxk.jpg
1142,a clock that my grandparents gave me with a panel that slides open,9cg2zv,1,images/9cg2zv.jpg
1143,my new motherboard,41mib0,0,images/41mib0.jpg
1144,lucky escape for driver as truck full of ammonium nitrate catches fire on wa highway,8e8cf7,1,images/8e8cf7.jpg
1145,this do not enter is orange and all the others are red,d20ehk,1,images/d20ehk.jpg
1146,cat chases a fox,1mzdn5,1,images/1mzdn5.jpg
1147,waterspout in tampa bay,25xxuh,1,images/25xxuh.jpg
1148,dolphin ready to take a bite,3e5re6,0,images/3e5re6.jpg
1149,bought a strawberry with no beginning and no end gif below,caafgy,1,images/caafgy.jpg
1150,sign in the bathroom of bar advertising special on bottles of beer has picture of a can of beer,av9arl,1,images/av9arl.jpg
1151,happy stereo,1c1zlf,0,images/1c1zlf.jpg
1152,army recruiter running out of arguments for a war with iran,cj9sz5,0,images/cj9sz5.jpg
1153,trump just changed obamas oval office decor and people are definitely talking,5r1mfh,0,images/5r1mfh.jpg
1154,no expotus in yrs has set up a bounce house its degrees and they dont hit anything,5z2zph,0,images/5z2zph.jpg
1155,vape pen lying in the dirt,bc5la7,0,images/bc5la7.jpg
1156,barry manilow reveals why he was the justin bieber of the s,18bfle,1,images/18bfle.jpg
1157,nestle creates wrapper that degrades in the sea within six months,c924d9,1,images/c924d9.jpg
1158,hey there big boy,p6kfk,0,images/p6kfk.jpg
1159,smug shoeboxes,831wxg,0,images/831wxg.jpg
1160,i accidentally created a reverse egg when i broke the yolk,d9rhfc,1,images/d9rhfc.jpg
1161,this ninja lizard reaching,342k3j,1,images/342k3j.jpg
1162,gerhardt huffmann quartet qr,cluqky,0,images/cluqky.jpg
1163,hayden christensen on a roller coaster,65pojk,1,images/65pojk.jpg
1164,cat laying on its back in a bedroom,2p61om,1,images/2p61om.jpg
1165,til rami malek made a sample file demonstrating rendered animation using a racial slur to identify individuals they used to be praised as a leap year the year he died and his rider for years,d0na9g,0,images/d0na9g.jpg
1166,i found a big ol cheese chunk in my snack today,calyby,1,images/calyby.jpg
1167,this crosswalk button,bzf45h,1,images/bzf45h.jpg
1168,cool kid in a toy car,2po278,1,images/2po278.jpg
1169,wayward women future present past,89po5c,0,images/89po5c.jpg
1170,george washington inaugurated as the first president of the united states on at federal hall in new york then the nations capitol unidentified dignitary looks on,cm4mhc,0,images/cm4mhc.jpg
1171,john fitzgerald kennedy rehearsing speeches while on the campaign trail,5wjf9n,0,images/5wjf9n.jpg
1172,star of the north or the comet of one of many mass printed civil war envelope designs depicting abraham lincoln as the great comet which appeared in the night sky for three months in printer unknown,bcbqki,0,images/bcbqki.jpg
1173,new river gorge bridge,3lajzq,1,images/3lajzq.jpg
1174,these baby doll heads were cemented into a highway median,c7nzj8,1,images/c7nzj8.jpg
1175,fever pitch measles outbreaks in america are getting harder to contain the biggest have occurred among insular religious or immigrant groups,b32t2w,1,images/b32t2w.jpg
1176,friend thinks her loser boyfriend could be friends with your boyfriend,9fa2kg,0,images/9fa2kg.jpg
1177,coasters sense of accomplishment,3e9hdu,0,images/3e9hdu.jpg
1178,cat sitting like a hooman,55jm3h,1,images/55jm3h.jpg
1179,at the helsinki summit press conference trump was asked if he would with the whole world watching denounce what russia did in and warn putin to never do it again trump did neither,8zrerh,1,images/8zrerh.jpg
1180,twitter rant whoa katy perry just ripped into the treaty of westphalia for setting the stage for eurocentric imperialism in a blistering twitter tirade,6vz47g,0,images/6vz47g.jpg
1181,hanging out above the colorado river in corvallis oregon oc x,5mqqam,0,images/5mqqam.jpg
1182,kyrie irving promises celtics he wont quit on whatever team he signs with this offseason,bmnjhz,0,images/bmnjhz.jpg
1183,two street musicians that lost their sight in world war i in berlin c they traveled on foot from breslau to hamburg via berlin cologne and amsterdam,1lgbe2,1,images/1lgbe2.jpg
1184,hitler during is visit in italy th,c81zw7,0,images/c81zw7.jpg
1185,the cushion from my kids bouncer has seen some shit,7yfvey,0,images/7yfvey.jpg
1186,cat tries to get on table,97lkqz,0,images/97lkqz.jpg
1187,a man after kicking a football down field,8s369r,1,images/8s369r.jpg
1188,my dog has twotone eyes his other eye has brown at the bottom and blue at the top and he has brown and pink toe beans,byd9tl,1,images/byd9tl.jpg
1189,saw this guy on a boat hes surprised to see me,2hdsr6,0,images/2hdsr6.jpg
1190,flatbush avenues clinical overtaking,8p1z4z,0,images/8p1z4z.jpg
1191,these two different coloured eggs from one carton,bfezve,1,images/bfezve.jpg
1192,a vintage vending machine in a s dinerinspired auto shop,csg6af,1,images/csg6af.jpg
1193,holy shit yoga edition,1ofamj,1,images/1ofamj.jpg
1194,waiting for someone to do this,cuqv7zd,0,images/cuqv7zd.jpg
1195,new star brand condoms,bgn4vz,0,images/bgn4vz.jpg
1196,the spire of the notre dame collapsing,bepti7,0,images/bepti7.jpg
1197,horrifying war footage of the south china sea war,5zslze,0,images/5zslze.jpg
1198,my sheraton hotel room came with a book of mormon and no bible,blxy4n,1,images/blxy4n.jpg
1199,this monkey with a stolen sandwich,93ib29,1,images/93ib29.jpg
1200,rudy giuliani ive saved more black lives than beyonce,50bm40,1,images/50bm40.jpg
1201,this baby in costume,89j35w,1,images/89j35w.jpg
1202,a yellow rose,365e0p,0,images/365e0p.jpg
1203,mirror wise a precarious story,avdpgb,0,images/avdpgb.jpg
1204,the inhuman crimes of the gangsters pilots always points to the government of the united states by gino boccasile note the gangster clothing with the tommy gun and the swarthy complexion of the american reminding italians of sicilian mafia in occupied sicily and the united states,3ma2w6,0,images/3ma2w6.jpg
1205,cassowarys surprise visit surprises australian family,4eukw8,1,images/4eukw8.jpg
1206,mouthful of grass,bh0y3c,0,images/bh0y3c.jpg
1207,local burger king ran out of drinks so i got a shake with my meal,df5tkf,1,images/df5tkf.jpg
1208,an australian writer is writing kids books in days all posted online for free,cc7q56,1,images/cc7q56.jpg
1209,bear grylls has been highly praised as a better job of fighting the allies,3we0z8,0,images/3we0z8.jpg
1210,happy little scaffold tag,davxen,0,images/davxen.jpg
1211,what,97xwh4,0,images/97xwh4.jpg
1212,hearing protection act would remove tax on gun silencers,3ptvn5,1,images/3ptvn5.jpg
1213,the floor of my pool is dirty so it kind of looks like the moon,ax180x,1,images/ax180x.jpg
1214,from the garden peter peppers,9iw8rx,1,images/9iw8rx.jpg
1215,this soldier shaking hands with another soldier ww,7xtblf,0,images/7xtblf.jpg
1216,this wario at fan expo dallas,4mnk3z,1,images/4mnk3z.jpg
1217,family gets a christmas surprise at an nhl game,3xtvfe,1,images/3xtvfe.jpg
1218,a new type of bullet,442k7v,0,images/442k7v.jpg
1219,sad boxrobot isnt enjoying the christmas rush,5jdarf,0,images/5jdarf.jpg
1220,green bird with top hat,1zsikm,0,images/1zsikm.jpg
1221,early italian nuclear test,8sj1ew,0,images/8sj1ew.jpg
1222,great dane about to miss his catch,1wo59i,1,images/1wo59i.jpg
1223,upshot of woman with birds flying overhead,30kwqr,1,images/30kwqr.jpg
1224,leaning pomeranian,3i1wdv,1,images/3i1wdv.jpg
1225,old to new building design downtown seattle,df8mog,1,images/df8mog.jpg
1226,this beautiful pose,1da4bu,1,images/1da4bu.jpg
1227,found an old keychain of the ny city skyline that still had the twin towers,d6hun1,1,images/d6hun1.jpg
1228,these ants going crazy over something in my backyard,c7hldp,1,images/c7hldp.jpg
1229,sudden strike please forgive me,68w7d2,0,images/68w7d2.jpg
1230,foolish humans blindly follow robot guides into danger,48ctmb,1,images/48ctmb.jpg
1231,pilots draws dinosaur with flight pattern,astvxc,0,images/astvxc.jpg
1232,a muscular kangaroo with a punching bag,2ivk26,1,images/2ivk26.jpg
1233,its becoming increasingly clear that jared kushner is part of trumps russia problem,6chjse,1,images/6chjse.jpg
1234,millionaire pitcher alex meyer subs for day,1to27r,1,images/1to27r.jpg
1235,former bush speechwriter lashes fellow conservatives for pushing seth rich conspiracy the conservative mind in some very visible cases has become diseased,6doy6l,1,images/6doy6l.jpg
1236,carrie fisher dies at,5kl2as,1,images/5kl2as.jpg
1237,hungry children midnight snack,7qwf6h,0,images/7qwf6h.jpg
1238,a cassette tape,2zzwar,0,images/2zzwar.jpg
1239,looks like the man was photoshopped into the photo,cblvzb,0,images/cblvzb.jpg
1240,this candle my sisterinlaw got me for christnas,auh2sh,1,images/auh2sh.jpg
1241,everyone parked with exactly one spot between them nobody decided to mess it up this time,bj919b,1,images/bj919b.jpg
1242,whawhatre you doing with that knife pal,296p5s,0,images/296p5s.jpg
1243,father and sons have volunteered over years as firefighters,33usx4,1,images/33usx4.jpg
1244,found this bottle in my grandmothers basement,c3pzpq,1,images/c3pzpq.jpg
1245,katie price on a massive horse,6mvnv5,1,images/6mvnv5.jpg
1246,woman posing with lifesize lego man,5gc0ys,1,images/5gc0ys.jpg
1247,this disinterested guitar,7qwgkc,0,images/7qwgkc.jpg
1248,metta world peace changes name to metta minaj,2qu3mm,1,images/2qu3mm.jpg
1249,static whats left,6kj5qi,0,images/6kj5qi.jpg
1250,the producers of the atlas shrugged part iii are asking for a handout,1n3lat,1,images/1n3lat.jpg
1251,swiss army trains for french invasion,1nh2j7,1,images/1nh2j7.jpg
1252,facekini the swimwear trend that refuses to die,3ecy4e,1,images/3ecy4e.jpg
1253,this white house in wroclaw poland,cbz5io,1,images/cbz5io.jpg
1254,the pavilion is pleased after the oktoberfest sacrifice,3m99vs,0,images/3m99vs.jpg
1255,this womans purse is made out of seatbelts,detdie,1,images/detdie.jpg
1256,in an egyptian promubarak newspaper photoshopped a picture to make mubarak look more in charge than obama,heqpf,0,images/heqpf.jpg
1257,had a vase with a bubble in the bottom so i added some water food coloring and flex tape neat thanks phil swift,cm1t3v,1,images/cm1t3v.jpg
1258,i thought i was rescuing a dog but it turned out to be a bear claims arrested malaysian singer,c0375y,1,images/c0375y.jpg
1259,pfumo revanhu rhodesian bush war black security force auxiliaries,430vm0,0,images/430vm0.jpg
1260,my dad enjoying himself way too much,2qc8ku,1,images/2qc8ku.jpg
1261,death of karl marx,b2ntnp,0,images/b2ntnp.jpg
1262,obamas secondterm surprise yes aliens are real,1sl8aw,1,images/1sl8aw.jpg
1263,to help destigmatize hiv victims this magazine was printed with infected blood,34epzs,1,images/34epzs.jpg
1264,offshore colorblind,9ic4dh,0,images/9ic4dh.jpg
1265,major disappointment this little boy wanted spongebob squarepants at his birthday party but his parents could only find a square man who claims that he lives in the ocean,6b13hc,0,images/6b13hc.jpg
1266,found this butterfly laying its eggs on my willow tree today,bk02i9,1,images/bk02i9.jpg
1267,i didnt ask pres trump to be the guest host of his job performance new poll finds,6eib8t,0,images/6eib8t.jpg
1268,my japan us treasury wwii,1w4iz8,0,images/1w4iz8.jpg
1269,fashionable chihuahua,1dzfxp,1,images/1dzfxp.jpg
1270,this bridge made out of balsa wood held kgs,c3525y,1,images/c3525y.jpg
1271,flyin,arseta,0,images/arseta.jpg
1272,smiling guy with a weird helmet,2md98c,1,images/2md98c.jpg
1273,stanford solar car project,9bz33g,1,images/9bz33g.jpg
1274,happy face formed in spilled milk,1qztvz,0,images/1qztvz.jpg
1275,storage of questionable emotion,2oj055,0,images/2oj055.jpg
1276,nazi soldier gives one last heil hitler seconds before death,9a8wo0,0,images/9a8wo0.jpg
1277,trump is poised to remove protections on transgender students rights,5vl3fb,1,images/5vl3fb.jpg
1278,you can see the apple store desk power supply with a thermal camera my hand print from resting it there before taking the picture,btcpfp,1,images/btcpfp.jpg
1279,this trashcan loves his job,4vyi1g,0,images/4vyi1g.jpg
1280,hmb while my buddies use the lighter inside the car hmb while i load my car on a table,3mvzyu,0,images/3mvzyu.jpg
1281,cleaning cat,7sk01p,1,images/7sk01p.jpg
1282,taiwanese police help ill elderly man clean himself,3b0zwg,1,images/3b0zwg.jpg
1283,french catacombs,arlker,0,images/arlker.jpg
1284,the first aid cabinet in my office,ayjvvh,1,images/ayjvvh.jpg
1285,spotted a real lad today,c8o88i,1,images/c8o88i.jpg
1286,you will go more than twice in this restaurant,atzgod,1,images/atzgod.jpg
1287,ozzy osbourne posing at the grammys,2n1xh2,1,images/2n1xh2.jpg
1288,this beachcliff in ireland,91tazq,0,images/91tazq.jpg
1289,glory days the boogie woogie,82ncf5,0,images/82ncf5.jpg
1290,italian soldier holds intestine in hand,8c3dfl,0,images/8c3dfl.jpg
1291,i was told this was the place for this,23ecoc,0,images/23ecoc.jpg
1292,this can remained overfilled after i opened it with no foam,9hk4kf,1,images/9hk4kf.jpg
1293,hitler displays his newly mastered ninjutsu to nazi germany ca,8c5faz,0,images/8c5faz.jpg
1294,this traveler is determined to spread positivity across america,6ojqa9,1,images/6ojqa9.jpg
1295,dog rescued from subway tracks in new york,8bz0q0,1,images/8bz0q0.jpg
1296,the nazis recruiting young members,9c3gci,0,images/9c3gci.jpg
1297,orgy gone terribly wrong,7d4f6m,0,images/7d4f6m.jpg
1298,sweet attack on america,9f4ntj,0,images/9f4ntj.jpg
1299,my new amish dining room set,dgj62g,1,images/dgj62g.jpg
1300,rare image of an armed soldier involved in the libyanegyptian war,6w90i1,0,images/6w90i1.jpg
1301,th president of the united states donald trump during his inauguration speech early,704klr,0,images/704klr.jpg
1302,thanks for letting me watch you pee,b230cc,0,images/b230cc.jpg
1303,rick santorum susan boyle faithbased film christmas candle blown out in theaters,1rfb2f,1,images/1rfb2f.jpg
1304,elon musk personally deletes teslaspacex facebook pages mar,86nzw1,0,images/86nzw1.jpg
1305,sydney pensioner takes it upon himself to fix councils woeful christmas decorating attempt,5jmrmt,1,images/5jmrmt.jpg
1306,this guy riding a mini bike,6oa821,1,images/6oa821.jpg
1307,man stabbed with legend of zelda master sword in serious condition,23zd9a,1,images/23zd9a.jpg
1308,trump lawyer forwarded email comparing washington robert e lee report,6u9oy3,1,images/6u9oy3.jpg
1309,this light creates a spirograph pattern with shadows,bhbxss,1,images/bhbxss.jpg
1310,playland get a soul little man,9dpf9m,0,images/9dpf9m.jpg
1311,i just realized the guy under my steering wheel stares at my crotch all day,2aqak2,0,images/2aqak2.jpg
1312,hutu against tutsi and the un general dallaire and his army have fallen into the trap of tutsi femme fatales it refers to gen romeo dallaire head of un peacekeeping forces,6ix9ea,0,images/6ix9ea.jpg
1313,general macarthur consulting with africanamerican truck driver after the retreat from the philippines circa,8k6cp8,0,images/8k6cp8.jpg
1314,public servant and millionaire on how to live large on very little,auj8le,1,images/auj8le.jpg
1315,was your daughter weeks old two years ago today melania trumps first public appearance in a battle royale game,8pfnok,0,images/8pfnok.jpg
1316,this water pump looks happy while being tortured,7zzb4g,0,images/7zzb4g.jpg
1317,i took a picture of random ostrich in negev desert south israel,2qiuvj,1,images/2qiuvj.jpg
1318,this shoe that shrank in the sun,c5y687,1,images/c5y687.jpg
1319,i was able to get this photo on my really cheap phone,dhdosf,1,images/dhdosf.jpg
1320,light hitting the curtain makes a cat silhouette by where my cats are all laying,cr7ah4,1,images/cr7ah4.jpg
1321,heres how you thank the fbi for recovering your yearold stradivarius violin,2tjj87,1,images/2tjj87.jpg
1322,this protein bar my girlfriend snuck into my lunch is made of crickets,bb0ylk,1,images/bb0ylk.jpg
1323,this pointy eared attentive dark lord is sticking his dick tongue out at you,4ny89c,0,images/4ny89c.jpg
1324,a sketch of a beautiful girl,8sbeiw,0,images/8sbeiw.jpg
1325,someone bothered to carve this walls moss into spiraling forms,c4ntgg,1,images/c4ntgg.jpg
1326,a rather flowery disguise,257dw3,1,images/257dw3.jpg
1327,this drum with a bite missing,ce5jqc,1,images/ce5jqc.jpg
1328,republicans say trumps infrastructure plan should be deficitneutral,bjn5wt,1,images/bjn5wt.jpg
1329,how baby oil is made,dcx0rq,0,images/dcx0rq.jpg
1330,police officer claims burger king served him dirt in viral facebook post it was actually seasoning,8w9ar1,1,images/8w9ar1.jpg
1331,summer breeze by park bench counselors first post,9avx8r,0,images/9avx8r.jpg
1332,crew of the enola gay moments before dropping the little boy on hiroshima th,adc7x1,0,images/adc7x1.jpg
1333,this accommodating tree,cq0kmv,1,images/cq0kmv.jpg
1334,rescuing a sheep with no concern for their own lives,8xxril,1,images/8xxril.jpg
1335,wall monster hungry,b6p211,0,images/b6p211.jpg
1336,this unflattend mm,ashuc4,1,images/ashuc4.jpg
1337,a bunch of matches after being lit,d1i7jv,0,images/d1i7jv.jpg
1338,scared little guy,93tuws,0,images/93tuws.jpg
1339,metallicas james hetfield screaming at bassist robert trujillo midperformance,6qj6dk,1,images/6qj6dk.jpg
1340,furrysuited zebra simulates zoo rampage in japan,43xwlu,1,images/43xwlu.jpg
1341,good samaritan finds lost san anselmo puppy,1lgpon,1,images/1lgpon.jpg
1342,meat packers strike forces arbys to go to plan b,836z53,0,images/836z53.jpg
1343,from tiny cages to lots of love thai dogs find homes in us,38lmvf,1,images/38lmvf.jpg
1344,restroom sign at a brewery,b1yhdm,1,images/b1yhdm.jpg
1345,this woman training wolves,3nn8a5,1,images/3nn8a5.jpg
1346,tinderbox daydreamer,7mun2d,0,images/7mun2d.jpg
1347,pink cowboy,46wsn4,1,images/46wsn4.jpg
1348,fiveyear plan ahead of schedule,510b8t,0,images/510b8t.jpg
1349,the long room old library trinity college dublin ireland x,2sz0l2,1,images/2sz0l2.jpg
1350,arrest makes yearold womans day,b3grlz,1,images/b3grlz.jpg
1351,california high school under fire for angry arab mascot,1q5oel,1,images/1q5oel.jpg
1352,last boeing c globemaster iii off the production line thinks its absolutely hilarious,2xk9jl,0,images/2xk9jl.jpg
1353,the most impressive acts of charity by famous people,18vx1m,1,images/18vx1m.jpg
1354,aaaaargh i really dont like it in here,z7jbo,0,images/z7jbo.jpg
1355,my school wont allow me to make this the new mom could attend a job fair,9b7knb,0,images/9b7knb.jpg
1356,a man in a suit that doesnt know what to do with his hands,5y1inv,1,images/5y1inv.jpg
1357,destroy the enemies of the peoples ghassan kanafani,76rcvi,0,images/76rcvi.jpg
1358,lipton international players something started in my soul,5o44dw,0,images/5o44dw.jpg
1359,a smiling bear,5c6927,0,images/5c6927.jpg
1360,first mods appear on reddit circa,blaud6,0,images/blaud6.jpg
1361,game of thrones cast in,6pp5lz,1,images/6pp5lz.jpg
1362,owl looking tree here,cvl5w9,1,images/cvl5w9.jpg
1363,metropolitan color burn,6rq2u4,0,images/6rq2u4.jpg
1364,black lightning cable was included with magic mouse instead of white,cjelnv,1,images/cjelnv.jpg
1365,girl makes torso fly,8rznp6,0,images/8rznp6.jpg
1366,what a pervernevermind,bh7khf,0,images/bh7khf.jpg
1367,mississippi kkk salutes alabama chief justice roy moore for gay marriage stance,2vmcww,1,images/2vmcww.jpg
1368,flying dogs,1amali,1,images/1amali.jpg
1369,my heater is sticking its tongue out at me,17cr8v,0,images/17cr8v.jpg
1370,heron taking flight,7opju7,1,images/7opju7.jpg
1371,dried tube of black silicone,cvdyys,1,images/cvdyys.jpg
1372,kushner occasionally used personal email id for white house business clarifies lawyer,729gmr,1,images/729gmr.jpg
1373,my cat has the same palmpaw freckle as me,cgjbna,1,images/cgjbna.jpg
1374,the cover that came on my moleskine notebook has a travel tracker,b9vnzm,1,images/b9vnzm.jpg
1375,denard robinson asleep at the wheel when police find him in a pond,4rfpyu,1,images/4rfpyu.jpg
1376,us bomb tech deactivating missile,5a3s14,0,images/5a3s14.jpg
1377,us metal band isis mistaken for terrorist group isis,2elrxj,1,images/2elrxj.jpg
1378,i didnt realise that my cookies looked like a man,czhu0q,1,images/czhu0q.jpg
1379,baby toss,67y1su,1,images/67y1su.jpg
1380,guess how many zika cases showed up at the olympics,4zq7ba,0,images/4zq7ba.jpg
1381,huaweis meng wanzhou sues canada authorities over arrest,awzstd,1,images/awzstd.jpg
1382,the last flight i took my first picture of the water,3d36yk,0,images/3d36yk.jpg
1383,two bears,bb6ggt,1,images/bb6ggt.jpg
1384,found a group of snowmen over a small ac cooler,c27rru,1,images/c27rru.jpg
1385,i love it kanye west lil pump,9jnid9,0,images/9jnid9.jpg
1386,military bonus spat could cause veteran to become homeless she says army national guard wants bonus back saying veteran didnt serve in arizona long enough before transferring to nevada,5vw1xx,1,images/5vw1xx.jpg
1387,these ceiling fans in my local pub,cz3bzf,1,images/cz3bzf.jpg
1388,a smiling goat,1996j9,1,images/1996j9.jpg
1389,women in games man wins best presenter award,9fhxx2,1,images/9fhxx2.jpg
1390,mrw i win a dance competition but it only recognizes my caw,74pcl2,0,images/74pcl2.jpg
1391,americas renewable energy capacity is now greater than coal,c18htk,1,images/c18htk.jpg
1392,andre the giant holding a dr pepper in the palm of his hand,71znmf,0,images/71znmf.jpg
1393,capybara hugging cat,279og1,1,images/279og1.jpg
1394,a crushing tale,1bl4vz,0,images/1bl4vz.jpg
1395,jenni rivera and her staff th,c773n4,0,images/c773n4.jpg
1396,democrats plan allnight talkathon on climate change,204pjc,1,images/204pjc.jpg
1397,vinton county woman wants possessions back after bank tried to repossess wrong house,1j0v0v,1,images/1j0v0v.jpg
1398,kim jongun brandishes a notepad,1b2ynb,1,images/1b2ynb.jpg
1399,the way the egg settled on the lid looks like a smiley face,bb73vg,1,images/bb73vg.jpg
1400,this onearmed basketball player is dunking on the competition,5t0nzn,1,images/5t0nzn.jpg
1401,i found a beach full of perfect skipping stones,bc8p3g,1,images/bc8p3g.jpg
1402,russian hacking claims biden tells trump to grow up,5mblu5,1,images/5mblu5.jpg
1403,nation elects first blackhearted president,5bzxni,0,images/5bzxni.jpg
1404,new department of agriculture study finds of us farmers woefully kicking at dirt,b4k50b,0,images/b4k50b.jpg
1405,french navy launching missile on syria circa,8cprac,0,images/8cprac.jpg
1406,this thrift store spiderman has his hands on backwards,bpyy1m,1,images/bpyy1m.jpg
1407,macroshot of a bill x,2uqubm,1,images/2uqubm.jpg
1408,this piece of dangly skin on my thumb looks like a little man,9djhc3,1,images/9djhc3.jpg
1409,secret nazi battleplans before operation barbarossa,77spvz,0,images/77spvz.jpg
1410,this baconreader ad looks like smokey has a really muscular right arm,4xa6kv,0,images/4xa6kv.jpg
1411,eat you while you sleep,4twu93,0,images/4twu93.jpg
1412,it does exists,1wfmq7,1,images/1wfmq7.jpg
1413,these two mannequin arms on the floor,asf2q0,1,images/asf2q0.jpg
1414,the rare coffee stain foxsnake,57dmrf,0,images/57dmrf.jpg
1415,retirement of only black house republican creates issue for gop for,clacwu,1,images/clacwu.jpg
1416,electric tech could help reverse baldness,d6lmjv,1,images/d6lmjv.jpg
1417,a pelican with the silhouette of a fish in his beak,1c36xw,1,images/1c36xw.jpg
1418,minimalist deck of playing card,bwbitz,1,images/bwbitz.jpg
1419,custom made couchblanket fort,3vgiyd,0,images/3vgiyd.jpg
1420,worlds smallest copyright infringement,7ilso,1,images/7ilso.jpg
1421,thompson epstein taxare,3940sg,0,images/3940sg.jpg
1422,cat kick,6zb4ug,1,images/6zb4ug.jpg
1423,spanish pm faces crisis after violent secession vote in catalonia,73rtau,1,images/73rtau.jpg
1424,one million moms protests genderbending kids cartoon shezow,1fuedq,1,images/1fuedq.jpg
1425,i promise its not what you think,94iurq,0,images/94iurq.jpg
1426,either way i think elizabeth warrens tshirt should be blamed on bernie sanders,7tstjc,0,images/7tstjc.jpg
1427,press to record sex in your pocket,83gyd8,0,images/83gyd8.jpg
1428,zombie saves terrified times square cat,1bzdqo,1,images/1bzdqo.jpg
1429,fushia arello teal,c28w27,0,images/c28w27.jpg
1430,my friend for the day,crqw86,1,images/crqw86.jpg
1431,i dropped my chicken drumsticks on the grass,9an187,0,images/9an187.jpg
1432,wri the future begins in the past x,1aw6lf,0,images/1aw6lf.jpg
1433,people are still finding well preserved bodies in peat bogs,armvgm,0,images/armvgm.jpg
1434,wheat penny in my garden,bq7i4e,1,images/bq7i4e.jpg
1435,back breaking worker gets rewarded with new car,5dzqwk,1,images/5dzqwk.jpg
1436,birds on the beach,98osmp,0,images/98osmp.jpg
1437,the bachelor season ben higgins winner revealed spoilers variety,4agokj,0,images/4agokj.jpg
1438,the difference between the airline seats in the back of the plane,cjxrev,1,images/cjxrev.jpg
1439,these gummi bears in my peach rings,cif4du,1,images/cif4du.jpg
1440,john marstons last moments circa,ba1ci2,0,images/ba1ci2.jpg
1441,dog ignored by guy playing vr,5egzns,1,images/5egzns.jpg
1442,donald trump playing golf in his own club west palm beach florida,8e7eg8,0,images/8e7eg8.jpg
1443,trump appoints death by china author as head of us trade council,5jod45,1,images/5jod45.jpg
1444,available here,eqn5nkr,0,images/eqn5nkr.jpg
1445,kevinspacey luring anthony rapp in his den,7h2398,0,images/7h2398.jpg
1446,helicopter landing,21quxd,0,images/21quxd.jpg
1447,why is la raising speed limits on some of its most dangerous streets,83v1mv,0,images/83v1mv.jpg
1448,heavy set guy running in speedo,1z1pja,1,images/1z1pja.jpg
1449,toddler about to be snake food,3e570w,1,images/3e570w.jpg
1450,first gay couple to hold hands in a public area cicra,7th6ye,0,images/7th6ye.jpg
1451,the eyes of dr tj eckleburg,chjosl,0,images/chjosl.jpg
1452,instructions on my weighted blanket,awccyz,1,images/awccyz.jpg
1453,tiwns,b7aazw,0,images/b7aazw.jpg
1454,simple ways to hack your breadstick troublehacking with drew cleary,ax7oyp,0,images/ax7oyp.jpg
1455,this lb elephant seal smiling,4t7rcr,1,images/4t7rcr.jpg
1456,man fined for purposely swallowing human toe at yukon hotel,1l8o0d,1,images/1l8o0d.jpg
1457,kellyanne conway sitting in public,5wn3f6,1,images/5wn3f6.jpg
1458,this really tiny gummy bear i found at the bottom of a bag of candy,cbl9yi,1,images/cbl9yi.jpg
1459,that guy is a phony,1a006f,0,images/1a006f.jpg
1460,the way the letters are peeling off my umbrella,atlrsk,1,images/atlrsk.jpg
1461,kids and a birthday cake,ceihe0,1,images/ceihe0.jpg
1462,guys i just inhale fiberglass,3bo5lg,0,images/3bo5lg.jpg
1463,federal jury costco should pay million for selling fake tiffany rings,55961g,1,images/55961g.jpg
1464,i want your ticket,3ugil3,0,images/3ugil3.jpg
1465,trump trade policy ideas could trigger recession stagflation economists say,5ccxko,1,images/5ccxko.jpg
1466,a patch on skin could be leprosy papua new guinea,4r6rjo,0,images/4r6rjo.jpg
1467,congress expands entitlements for chimpanzees,1qw41t,1,images/1qw41t.jpg
1468,a man displaying his cat,cydwbp,1,images/cydwbp.jpg
1469,rodent wearing a mini turtle shell,5523ir,0,images/5523ir.jpg
1470,this rusty engine on the beach,az9a9m,1,images/az9a9m.jpg
1471,yearold donates over to hospital on his birthday,734fpz,1,images/734fpz.jpg
1472,christmas day rescue firefighters save deer stuck on frozen huron river,1trai8,1,images/1trai8.jpg
1473,i believe in chris nolan,c5c6jri,0,images/c5c6jri.jpg
1474,san ignacio from a mountaintop,4s78ee,0,images/4s78ee.jpg
1475,vineyard in california charred by the wildfires,767wfx,0,images/767wfx.jpg
1476,sudafed introduces new sinus drill for immediate congestion relief,4bu42j,0,images/4bu42j.jpg
1477,moontitan orb,8qfvh5,0,images/8qfvh5.jpg
1478,trump condemns all forms of voter fraud real and imaginary i condemn any voter fraud of any kind whether its democrat or republican,att1ow,1,images/att1ow.jpg
1479,my serious face picture on my halfmarathon event,18kdiz,1,images/18kdiz.jpg
1480,brazillian football player fred diving in last night world cup opening vs croatia,281bqh,1,images/281bqh.jpg
1481,the suns reflection melted a sideviewmirrorshaped pattern on my frost covered window,bf6l50,1,images/bf6l50.jpg
1482,historical fencing coach teaching spear,42q6de,1,images/42q6de.jpg
1483,new highresolution photo of mars from a nasa satellite,6p4pkt,0,images/6p4pkt.jpg
1484,hipster glasses banned from orthodox brooklyn school,1ebhkx,1,images/1ebhkx.jpg
1485,this message on reddit boost,auagm8,1,images/auagm8.jpg
1486,monopoly kicks out three classic game tokens,60170e,0,images/60170e.jpg
1487,a coworker of mine dressed up as superman,2n44lv,1,images/2n44lv.jpg
1488,dermatologist devastated by unbreakable kimmy schmidt parody commits suicide,31oe99,1,images/31oe99.jpg
1489,cat staring at food,4ihd7d,1,images/4ihd7d.jpg
1490,my chocolate bar came with two covers,d7tunh,1,images/d7tunh.jpg
1491,test pilot neil armstrong future astronaut and leader of the imperial senate bails from an experimental fighter roswell new mexico,698evo,0,images/698evo.jpg
1492,fbi bought m iphone c hack but doesnt know how it works,4h0vce,1,images/4h0vce.jpg
1493,legal battles to test trump and his travel ban,5scvdl,1,images/5scvdl.jpg
1494,kashyyk envoy meets with republican representative bby,8kvh1w,0,images/8kvh1w.jpg
1495,this guy dancing matrixstyle x,28ymi2,1,images/28ymi2.jpg
1496,india continues surge towards status as first world nation by reelecting racist rightwing authoritarian,bs5gux,0,images/bs5gux.jpg
1497,news dispelling health concerns hillary clinton ripped out her femur on stage and proved it is unbreakable,52h1n0,0,images/52h1n0.jpg
1498,boy raised by wolves disappointed by wolves,8asdjy,0,images/8asdjy.jpg
1499,left my coffee cup in truck overnight c removed lid,asppaz,1,images/asppaz.jpg
1500,this brick pattern,ba8eq0,1,images/ba8eq0.jpg
1501,skinny jeans hospitalize fashion victim for four days,3aykol,1,images/3aykol.jpg
1502,reddit detectives discover the word temporarily in a statement released by electronic arts on the topic of microtransactions,7dl2h3,0,images/7dl2h3.jpg
1503,this footprint jump out at you illusion,cjj9ua,1,images/cjj9ua.jpg
1504,greek god,d94tmd,0,images/d94tmd.jpg
1505,scared of his reflection,30fpmt,0,images/30fpmt.jpg
1506,this guy jumping off of a swing set,7o4q09,1,images/7o4q09.jpg
1507,department of education were done being involved with transgender students and bathrooms,7xbkyc,1,images/7xbkyc.jpg
1508,tree man of bangladesh had successful surgery saturday to remove large growths from hands,46ueex,1,images/46ueex.jpg
1509,this shadow at lake powell,9jilil,1,images/9jilil.jpg
1510,this oil slick in my parking lot,b5q1co,1,images/b5q1co.jpg
1511,disneyland worker sleeping in car proud of her employers moral stance against james gunns year old jokes,994hke,0,images/994hke.jpg
1512,parachutists jumping from a plane,5pk6b8,1,images/5pk6b8.jpg
1513,chris christie in a baseball uniform,41g1gn,1,images/41g1gn.jpg
1514,tire goatee,36kgj2,0,images/36kgj2.jpg
1515,area dad stares longingly at covered grill in backyard,40o679,0,images/40o679.jpg
1516,ann coulter on twitter a female president of the day,4na4hz,0,images/4na4hz.jpg
1517,great dane,atpttt,1,images/atpttt.jpg
1518,metropolitan police office staring into a box,2n9hvc,1,images/2n9hvc.jpg
1519,youre finally working on the house again,b3j92b,0,images/b3j92b.jpg
1520,this graffitied dollar bill someone paid with at work a few days ago,cpyf7x,1,images/cpyf7x.jpg
1521,this hand blown star dragon ball egg i made my son for easter,bfibqs,1,images/bfibqs.jpg
1522,the difference in colour from sun exposure on my rear view ornament under the puffins wing is the original colour,c1q551,1,images/c1q551.jpg
1523,apple took days to give me the data it had collected on me it was eye opening,8h0zih,0,images/8h0zih.jpg
1524,brick man dog days,8fmpzz,0,images/8fmpzz.jpg
1525,operation eggcorn,5sxysm,1,images/5sxysm.jpg
1526,dead puerto rican man dressed in green lantern costume for his wake,2wba1f,1,images/2wba1f.jpg
1527,my planet fitness gives members free pizza and bagels cause they want to keep us fit,bfuc1r,1,images/bfuc1r.jpg
1528,for those looking for a challenge football player slips on hat gif,10dh6x,1,images/10dh6x.jpg
1529,fowl play someone bbqd the queen of englands pet swan,1lv392,1,images/1lv392.jpg
1530,polish army to teach women selfdefence for free,5c87ai,1,images/5c87ai.jpg
1531,i found a real penny and one that reads copy in a parking lot when i stepped out of my car,al4awz,1,images/al4awz.jpg
1532,teachers are turning to sugar daddy dating site to supplement their salary,dbs52k,1,images/dbs52k.jpg
1533,this little girl eating,60xioz,1,images/60xioz.jpg
1534,laying on the couch petting his sister and i turned to see where he was plotting hes on the top stair,bx5d95,0,images/bx5d95.jpg
1535,chinas million are the strong backup force of the vietnamese people pr china,8xz4r9,0,images/8xz4r9.jpg
1536,trump urged top aide to help giuliani client facing doj charges,dfpjnn,1,images/dfpjnn.jpg
1537,festival in papua,3wkk9m,1,images/3wkk9m.jpg
1538,test wear glasses to see the beautiful pattern,c83onc,1,images/c83onc.jpg
1539,found digglet while watching spongebob squarepants,1qrpgx,0,images/1qrpgx.jpg
1540,sandy controlled,8rmk4a,0,images/8rmk4a.jpg
1541,this naturally spooky pumpkin,dbh7u9,1,images/dbh7u9.jpg
1542,piece of ice that form around the top of my water bottle,bpkm61,1,images/bpkm61.jpg
1543,mexican crosscountry skier finishes last but raises the roof with heartwarming celebrations,7y1eyi,1,images/7y1eyi.jpg
1544,for sale canadas children canadian wwii poster,11oor7,0,images/11oor7.jpg
1545,harvey weinstein l turns himself in to police custody alongside legal advisor r,8m4ant,0,images/8m4ant.jpg
1546,hallway in an old night club,9gexrj,0,images/9gexrj.jpg
1547,this is the end the exorcism of jonah hill,bigpjg,0,images/bigpjg.jpg
1548,taste o douglas o douglas,5rynjd,0,images/5rynjd.jpg
1549,this man and his pizza,4ctv0m,1,images/4ctv0m.jpg
1550,strangers incredible act of kindness moves airline passenger to tears,52e75n,0,images/52e75n.jpg
1551,grumpy ewok in banana,9fznjy,0,images/9fznjy.jpg
1552,found these two beat up coins at work this morning,cwjb8e,1,images/cwjb8e.jpg
1553,hmmm,912wc7,0,images/912wc7.jpg
1554,robert allenby fires caddie mick middlemo midround after dispute,3egoah,1,images/3egoah.jpg
1555,oh my gawd,2qrqyp,0,images/2qrqyp.jpg
1556,a bee landed on my side mirror,brvsd5,1,images/brvsd5.jpg
1557,ann coulter blames euthanization of bear that ate man who overdosed on meth on lack of border wall,ceg575,1,images/ceg575.jpg
1558,human cat waving at you,7qp2jb,1,images/7qp2jb.jpg
1559,batman,bndc52,0,images/bndc52.jpg
1560,cambodia vows to send back containers of plastic trash to us and canada national,ceg2qn,1,images/ceg2qn.jpg
1561,taste the feeling st,8bwgfp,0,images/8bwgfp.jpg
1562,north korea asks for international help with volcano,2go6t4,1,images/2go6t4.jpg
1563,mother frustrated by sons suspension for saying the number while on a school field trip,47tkx8,1,images/47tkx8.jpg
1564,east german citizen gazing at the newly constructed berlin wall,cpzg1v,0,images/cpzg1v.jpg
1565,this cookie isnt happy to be eaten,8sds08,0,images/8sds08.jpg
1566,roll call comment present below to verify that you are in attendance on clickholecom,8bkn3a,0,images/8bkn3a.jpg
1567,sadmaybe crying outlet,d9l0bj,1,images/d9l0bj.jpg
1568,beluga whale attempting to eat a baby,1mg3lm,1,images/1mg3lm.jpg
1569,childish gambino freaks and geeks,c60kie,0,images/c60kie.jpg
1570,this robot detects spills at the store for you his name is marty,bvkx1e,1,images/bvkx1e.jpg
1571,msp man was watching porn while driving before fatal crash,42yvmv,1,images/42yvmv.jpg
1572,this piece of ginger that looks like a woman holding a baby,92252h,0,images/92252h.jpg
1573,dog shrugging with googly eyes,6k56a1,1,images/6k56a1.jpg
1574,mark zuckerberg reacting to facebooks stock drop after the cambridge analytica leak c,8ki85p,0,images/8ki85p.jpg
1575,a white paint bucket dropped on the street,7x16sc,1,images/7x16sc.jpg
1576,we caught hell someone must have talked,2n6k67,0,images/2n6k67.jpg
1577,bob the sponge coloring book,6cjuxc,0,images/6cjuxc.jpg
1578,vancouver aquarium releases lovelorn octopus,86iq99,1,images/86iq99.jpg
1579,barely even registers president trump just revealed that his tongue is long enough to comb his hair but it got lost in all the other crazy trump news from today,buvman,0,images/buvman.jpg
1580,phrases peace defence disarmament and bases antiusanato poster,2gun5q,0,images/2gun5q.jpg
1581,danny rumsey has down syndrome but he has also found love,be53a6,1,images/be53a6.jpg
1582,zoe saldana says her mom keeps confusing her with thandie newton,bbqsf4,1,images/bbqsf4.jpg
1583,honda sure know how to make carburettors look surprised,4h0pxa,0,images/4h0pxa.jpg
1584,chinese man trapped in india goes home after years,5tfajm,1,images/5tfajm.jpg
1585,these cds collecting dust in a corner,c0zq21,0,images/c0zq21.jpg
1586,woman yelling while holding a fish,93i93g,1,images/93i93g.jpg
1587,this spider in the holder in my car,ch0dtt,1,images/ch0dtt.jpg
1588,mother jailed for ripping off sons genitals gluing them back on,1p5c8x,1,images/1p5c8x.jpg
1589,done with tinder try sindr the vaticans new confession finder app,5egrh6,1,images/5egrh6.jpg
1590,fatherland homecoming,b19qe5,0,images/b19qe5.jpg
1591,i was cleaning up the kitchen and realized this rag looks like a face,8z7nsc,0,images/8z7nsc.jpg
1592,drink i insist,6749xp,0,images/6749xp.jpg
1593,firewood vending machine in the middle of the woods while camping,awalsp,1,images/awalsp.jpg
1594,lady with a snowblower,1uuo2l,1,images/1uuo2l.jpg
1595,daenerys and viserys targaryen fight over the iron throne featuring drogon circa war of the five kings ac,86yrj8,0,images/86yrj8.jpg
1596,this badass hawk,55dma0,1,images/55dma0.jpg
1597,black panther corgi,7zs1qh,1,images/7zs1qh.jpg
1598,czech nurse honoured for sleeping with nazi soldiers to give them stds and kill them,2iuyzl,1,images/2iuyzl.jpg
1599,a decade later the question still remains where the gold at,4azow0,1,images/4azow0.jpg
1600,pharmaceutical rep assures doctor he personally tries every drug he promotes,33skc0,0,images/33skc0.jpg
1601,pennnywise luring children to him by doing a commercial,706trm,0,images/706trm.jpg
1602,tent with a view,112tds,1,images/112tds.jpg
1603,mueller punted his report to a congress illequipped to deal with it,bfby32,1,images/bfby32.jpg
1604,penn state president sentenced to years in captivity in venezuela josh holt will be frigid in midwest eastern us,8peuky,0,images/8peuky.jpg
1605,youtube forgot to put dads army on the radical islamic jihad,4g2hzn,0,images/4g2hzn.jpg
1606,the picture of the calf makes the whole thing,bre07o,1,images/bre07o.jpg
1607,this car is covered in corks,deodx9,1,images/deodx9.jpg
1608,a man and his hot dog,3n1str,1,images/3n1str.jpg
1609,man torn between wife and harley davidson puts both of them up for sale on craigslist,1sb2nn,1,images/1sb2nn.jpg
1610,this potato at the store,6xqjq2,1,images/6xqjq2.jpg
1611,this guys license plate is twitter,cj4f62,1,images/cj4f62.jpg
1612,parents must sign permission slip before kids can eat oreos,30dznl,1,images/30dznl.jpg
1613,amazon to open grocery store without checkout to public,7sx34q,0,images/7sx34q.jpg
1614,i cut my finger and had to use a finger condom at my workplace,c74xp2,1,images/c74xp2.jpg
1615,iphone fan started waiting in line months early in japan,1xfjwv,1,images/1xfjwv.jpg
1616,bc beetles are invented,d3v26k,0,images/d3v26k.jpg
1617,girl painted in red by a tree,1lfc8m,1,images/1lfc8m.jpg
1618,berkeley bike station made my night,lltx9,1,images/lltx9.jpg
1619,the crusades start,bhd6f5,0,images/bhd6f5.jpg
1620,i havent picked any leaves from my lettuce for a few weeks and now i have a lettuce forrest with little lettuce trees,d0y9l0,1,images/d0y9l0.jpg
1621,every time i wash my hands at work i just see gonzo,tk5ac,0,images/tk5ac.jpg
1622,michael jackson meets nicolas maduro,clo11w,0,images/clo11w.jpg
1623,young people who question the government or media be extremists officials tell parents,3v2mfa,1,images/3v2mfa.jpg
1624,rumours suggest floyd mayweather will fight conor mcgregor with modified rules but theyll only benefit one man,8bhkjt,0,images/8bhkjt.jpg
1625,this restaurant im at offers free sun hats and sun cream for when its sunny,ccro0p,1,images/ccro0p.jpg
1626,area woman not a morning afternoon or night person,3a065s,0,images/3a065s.jpg
1627,beating a dead horse,81fyc9,0,images/81fyc9.jpg
1628,joe from sourcefed,xyqs0,1,images/xyqs0.jpg
1629,ferry boat plying the waters of halong bay vietnam,1w3faf,1,images/1w3faf.jpg
1630,the tree roots have grown following the gap between these tiles,9cycgi,1,images/9cycgi.jpg
1631,apollo landing photos released after years,8in5rj,0,images/8in5rj.jpg
1632,is it spinning left or right,b8ix9g,0,images/b8ix9g.jpg
1633,while driving today my cruise control range and the outside temperature were all the same number,cqhnqw,1,images/cqhnqw.jpg
1634,existential crisis cat,2hpi5w,1,images/2hpi5w.jpg
1635,books are weapons in the war of ideas,jw2ke,0,images/jw2ke.jpg
1636,this kid trying to be a flag,6o9vl7,1,images/6o9vl7.jpg
1637,top down view of a tree stump,28dt8m,0,images/28dt8m.jpg
1638,anarchist poster reddit,3siomm,0,images/3siomm.jpg
1639,mrw the human god that i am a human that the moon is not a robot this entire time,86h4vg,0,images/86h4vg.jpg
1640,is this how its going to be impressive and well executed when you dump a dumpster in the s,3pkt6x,0,images/3pkt6x.jpg
1641,a very futuristic room with the latest decor and innovations,b6xbro,0,images/b6xbro.jpg
1642,mexican drug lord el chapo guzman requests us extradition,48ob16,1,images/48ob16.jpg
1643,entire police department resigns saying town seemingly cares so little about us,94gera,1,images/94gera.jpg
1644,when the fart was more than a fart oo,63ivof,0,images/63ivof.jpg
1645,anne frank being found,auoapq,0,images/auoapq.jpg
1646,elderly man with prostitute under bed loses housing subsidy,35ptte,1,images/35ptte.jpg
1647,logo of the anarchosyndicalist faud free workers union germany s,6i6jo3,0,images/6i6jo3.jpg
1648,this graffiti on concrete,cpxaie,0,images/cpxaie.jpg
1649,football goalkeeper thibaut courtois trying to prevent the ball going over his head,31o4hz,1,images/31o4hz.jpg
1650,pret a manger under fire over its liberal use of coriander,3p4e8e,1,images/3p4e8e.jpg
1651,japanese leaflet listing allied losses date unknown,48aot9,0,images/48aot9.jpg
1652,charlie chaplin in modern times,2mlvlg,1,images/2mlvlg.jpg
1653,my camp spatula is giving me looks,93f0hn,0,images/93f0hn.jpg
1654,look twice,96sua6,0,images/96sua6.jpg
1655,this guy stares at me on my way home from work,1fy8v3,0,images/1fy8v3.jpg
1656,horst wessel song song by horst wessel a nazimartyr killed by a communist after his death it became the anthem of the nazi party,hkwq1,0,images/hkwq1.jpg
1657,spec sharp its nearly over,6h3q22,0,images/6h3q22.jpg
1658,jewish prisoners are unable to escape as zyklon b seeps into the room,7a6bko,0,images/7a6bko.jpg
1659,russia says their new jet plane will outmatch of the worlds fighter planes,3ta7zw,0,images/3ta7zw.jpg
1660,i found this hawk feather,cf6pdj,1,images/cf6pdj.jpg
1661,return of the jedi ewok celebration unreleased han leia outtake,8evji5,0,images/8evji5.jpg
1662,little logan returns as cap oc,d8nfcm,1,images/d8nfcm.jpg
1663,little angry dog intimidates big scared dog,3ns9x6,1,images/3ns9x6.jpg
1664,day dreamed xylo,8l6d3s,0,images/8l6d3s.jpg
1665,bedtime mike wazowski,6eozxb,1,images/6eozxb.jpg
1666,a new app will let you share your leftovers with strangers,1ja160,1,images/1ja160.jpg
1667,trying to pee at my theatre is very disorienting,bn1clv,0,images/bn1clv.jpg
1668,these two have seen some shit,93i2oi,0,images/93i2oi.jpg
1669,dingo viciously mauled by lion,92v0ba,0,images/92v0ba.jpg
1670,happy couples are really comfortable doing this one thing together,52go4a,0,images/52go4a.jpg
1671,cat playing ps like a human,5ij12f,1,images/5ij12f.jpg
1672,my doorknob looks like a pig,9hbkdr,1,images/9hbkdr.jpg
1673,this company photoshopped the models tattoos off,b0uglk,1,images/b0uglk.jpg
1674,exclusive federal probe of fox news expands,67zn8w,1,images/67zn8w.jpg
1675,if you gaze deep into the tangerine it will gaze back into yourself,dfw5ct,0,images/dfw5ct.jpg
1676,local veterans helping homeless veterans,4lpj04,1,images/4lpj04.jpg
1677,obama raising it to,4w4ztm,1,images/4w4ztm.jpg
1678,wessels tired of being baffled,3ah84z,0,images/3ah84z.jpg
1679,george w bush paints portraits of veterans wounded carrying out his orders,5cm95j,1,images/5cm95j.jpg
1680,interior advocate for federal land sales ascends to top at blm,cixjy4,1,images/cixjy4.jpg
1681,this jumping dog,cyq1gn,1,images/cyq1gn.jpg
1682,old aircraft listening device,224p3c,1,images/224p3c.jpg
1683,tiendeveen good and evil,5v47jc,0,images/5v47jc.jpg
1684,this company specializes in horse transportation,db0s7q,1,images/db0s7q.jpg
1685,a dad reprimanding his daughter photo circa actual date a long time ago,88dk2u,0,images/88dk2u.jpg
1686,what remains of this buddha statue after the winter,bkypw6,1,images/bkypw6.jpg
1687,crowded pool in china,4xt1ir,0,images/4xt1ir.jpg
1688,this tree is split right open,bfa2c7,1,images/bfa2c7.jpg
1689,you smug little shit,2q7bov,0,images/2q7bov.jpg
1690,radiohead the bends,7chw68,0,images/7chw68.jpg
1691,the way this shadow extends the line of the wall,did6xj,0,images/did6xj.jpg
1692,who feels like a pickled egg,65t210,0,images/65t210.jpg
1693,vendor says nypd cops ate her churros after arrest report,31rpl9,1,images/31rpl9.jpg
1694,tiny taco,69ugue,0,images/69ugue.jpg
1695,man taking picture on cell phone while sitting on a nikon,4vo7y8,1,images/4vo7y8.jpg
1696,why you dont put your fingers in the power socket,d6vduh,0,images/d6vduh.jpg
1697,pilots death in plane crash caused by his pound dog in passenger seat,bc1f3l,1,images/bc1f3l.jpg
1698,this bus stop id used an upside down as a but and are completely different in braille,ccyetd,1,images/ccyetd.jpg
1699,this spermlike pancake,9d05ru,1,images/9d05ru.jpg
1700,marine who lost both legs in afghanistan visits white house to discuss veterans issues,5wrz51,0,images/5wrz51.jpg
1701,gulliver scales surprise,ayz2kp,0,images/ayz2kp.jpg
1702,filmmaker forces british film board to watch paint dry for hours,435s5f,1,images/435s5f.jpg
1703,this composition ive been working on,92kox9,0,images/92kox9.jpg
1704,mexico sells off cars from corrupt rich to give to the poor,bsawgl,1,images/bsawgl.jpg
1705,washington legislature oks pesticide safety panel,bgsgzj,1,images/bgsgzj.jpg
1706,majority whip displays impaled senator outside capitol building as warning to all who cross party lines,3rneo5,0,images/3rneo5.jpg
1707,man does pushups without stopping now has very tired triceps,2hrd4s,1,images/2hrd4s.jpg
1708,grenfell tower fire woman offers to house dozens of homeless victims in empty student flats,6hpjr9,1,images/6hpjr9.jpg
1709,this grain of rice held up by a single bubble,c5a3kf,1,images/c5a3kf.jpg
1710,rare photograph of archduke franz ferdinand being approached by gavrilo princip mere moments before being shot little did the photographer know this event would spark the catastrophe known as the great war,5fw4t6,0,images/5fw4t6.jpg
1711,a man carrying a woman carrying baby through floodwater,6wixdg,1,images/6wixdg.jpg
1712,th international womens day general union of palestinian women,5y99rs,0,images/5y99rs.jpg
1713,no by tadeusz trepkowski poland,95qe8o,0,images/95qe8o.jpg
1714,japanese samurai circa,72t4sr,0,images/72t4sr.jpg
1715,interracial marriages are on the rise in us with over of the population approve of it,cufug8,1,images/cufug8.jpg
1716,president obama vetoes keystone pipeline bill,2x137c,1,images/2x137c.jpg
1717,biden vs ryan,11ceo9,1,images/11ceo9.jpg
1718,black naacp leader outed as white woman,39jc6y,1,images/39jc6y.jpg
1719,coffee stain in the bottom of my wifes keurig,awyuz4,1,images/awyuz4.jpg
1720,the reflection if the oen looks like an eye staring,b4fssl,1,images/b4fssl.jpg
1721,girl getting surprised with a ring,2q31m7,1,images/2q31m7.jpg
1722,he bought the fencing coachs house then his son got into harvard the boston globe,b9jz4j,1,images/b9jz4j.jpg
1723,news staying pure mike pence is crushing his testicles with the lincoln bible after being aroused by the feminine contours of the capitol building,5p4y2g,0,images/5p4y2g.jpg
1724,homeschooled with mit courses at accepted to mit at,3tgqew,1,images/3tgqew.jpg
1725,stoop looks like some sort of indiana jones trap,d9uq8r,1,images/d9uq8r.jpg
1726,this insect i found on my back patio,bsbrhe,1,images/bsbrhe.jpg
1727,axis relations in wwii,8nrkvd,0,images/8nrkvd.jpg
1728,my coworkers happy little miata,dfk9rm,0,images/dfk9rm.jpg
1729,a family dog likely saved lives waking humans up when their smoke alarm didnt go off,7sa1r3,1,images/7sa1r3.jpg
1730,the wear on my keyboard cover shows what keys i use most,bqng6b,1,images/bqng6b.jpg
1731,this shopping cart has a calculator attached,c8agdy,1,images/c8agdy.jpg
1732,i just noticed this on my kitchen countertop,10bobd,0,images/10bobd.jpg
1733,a baguette vending machine spotted in a french village,d8lv7q,1,images/d8lv7q.jpg
1734,meercat taken from raww,184jre,1,images/184jre.jpg
1735,the way the suns light split up in perfect orientation with the wood floor,atv09j,1,images/atv09j.jpg
1736,syrian rebel defends eating soldiers heart,1ect38,1,images/1ect38.jpg
1737,years after this girl posed for a preschool photo her fiance looked at the picture and gasped,692hom,0,images/692hom.jpg
1738,my yard work shoes have dramatically different amounts of wear on them and i have no clue why,bmc8ft,1,images/bmc8ft.jpg
1739,amazon uses their packing tape for advertising,9jft5x,1,images/9jft5x.jpg
1740,the crew of air canada flight seconds after avoiding the worst aviation disaster in history by feet,6okhnu,0,images/6okhnu.jpg
1741,brawny man has different beard style for different paper towel style,awcez0,1,images/awcez0.jpg
1742,cutouts,chcwugl,0,images/chcwugl.jpg
1743,i found this in a copy of the british newspaper the daily mirror from the th of,ar74ir,1,images/ar74ir.jpg
1744,dead frozen soviet soldier propped up by finnish soldiers as a warning to other soviet soldiers during the winter war,6z7uid,0,images/6z7uid.jpg
1745,sunflower mementoes for the families of mh victims journalists desperate to give something tangible from the wartorn and inaccessable mh crash site brought home sunflower seeds germinated them in quarantine and gave the safe seeds to the families to carry the memory of the lost,3dk4sj,1,images/3dk4sj.jpg
1746,secret files on jets and navy ships stolen in extensive and extreme hack,75sc3c,0,images/75sc3c.jpg
1747,david attenborough telling her majesty the queen a thrilling tale,5db03s,1,images/5db03s.jpg
1748,a shark made in sand,3tok9f,1,images/3tok9f.jpg
1749,this fab ice lolly had two sticks in it instead of one,bu2ip9,1,images/bu2ip9.jpg
1750,a keyboard with way too many keys,bqex2g,0,images/bqex2g.jpg
1751,robot enjoying some ski jumping,23vu6f,0,images/23vu6f.jpg
1752,redditors upon hearing the news of a public figure battling serious health issues,9aciym,0,images/9aciym.jpg
1753,my classmates think i am crazy because i am quite obsessive about my note taking,azih92,1,images/azih92.jpg
1754,ya know theres donuts in the conference room today me,awiphk,0,images/awiphk.jpg
1755,arial shot of a city,3i1tn6,0,images/3i1tn6.jpg
1756,happy,davamy,0,images/davamy.jpg
1757,this is the number one reason why people dont unplug from work while on vacation,8xzo96,0,images/8xzo96.jpg
1758,this little space dude is stuck in my lava lamp,22dq7z,0,images/22dq7z.jpg
1759,caveman santa,5inib6,1,images/5inib6.jpg
1760,cute little leaf,3vxlz1,0,images/3vxlz1.jpg
1761,my apple has two belly buttons or whatever the ends are called,cj0ag4,1,images/cj0ag4.jpg
1762,childish gambino murders donald glover and assumes his identity,coj9zv,0,images/coj9zv.jpg
1763,ark courthouse to visitors stop urinating in the elevator,6hgphr,1,images/6hgphr.jpg
1764,my external battery does not enjoy being charged,37krpu,0,images/37krpu.jpg
1765,a woman with long brown hair watching the city skyline from her balkony,6dl4ya,0,images/6dl4ya.jpg
1766,house republicans seek probe of dc monument closures,1nnv5d,1,images/1nnv5d.jpg
1767,robot cat,4bftue,0,images/4bftue.jpg
1768,puppies playing in a big bed,34c153,0,images/34c153.jpg
1769,white supremacists for obama true,7b4j5,1,images/7b4j5.jpg
1770,lady of the birch,3rbq9n,0,images/3rbq9n.jpg
1771,an infant xi jinping current general secretary of the communist party of china begins to wean off of breastmilk circa colourized,bzpsvb,0,images/bzpsvb.jpg
1772,at charity on wheels helping the homeless is a twoway street,5hsigv,1,images/5hsigv.jpg
1773,martin short screaming,7ge0dz,1,images/7ge0dz.jpg
1774,the clouds over the interstate tonight are forming a straight line,9jsbhy,1,images/9jsbhy.jpg
1775,elon musks reaction to the falcon heavy launch,7wq36l,1,images/7wq36l.jpg
1776,chef juggling,1wpwba,1,images/1wpwba.jpg
1777,a tattoo artist at work,23d4e8,0,images/23d4e8.jpg
1778,president trumps wrinkled neck,db5f1u,1,images/db5f1u.jpg
1779,a brazilian soldier desperately calls for help after his colleague was shot in the paraguay war,6yffsp,0,images/6yffsp.jpg
1780,this majestic snake pressing its head against a mirror,7uxg0c,0,images/7uxg0c.jpg
1781,ghost from past in my sauce,5l2rw0,0,images/5l2rw0.jpg
1782,yearold who served behind nazi lines reveals the most terrifying thing he experienced during the battle of the bulge his team split up and he was by himself with just a radio for two days,482xqu,0,images/482xqu.jpg
1783,this dog with no neck,439ecw,1,images/439ecw.jpg
1784,trump steps back from hardline stance on deporting illegal immigrants,4zkkeg,1,images/4zkkeg.jpg
1785,cleveland man accused of joking about ebola charged with felony inducing panic,2jk76v,1,images/2jk76v.jpg
1786,stumbled upon a neat beer bottle terrarium growin in the woods,b2baji,1,images/b2baji.jpg
1787,german poster of the askari colonial soldier of german east africa,71cr38,0,images/71cr38.jpg
1788,supernatural starbucks sippy cup,8zr245,0,images/8zr245.jpg
1789,europe reels in shock as politician tells the truth,1b2b2c,1,images/1b2b2c.jpg
1790,this sad guy was looking at me,7do52q,0,images/7do52q.jpg
1791,all of us unanimously felt compassion first responders pay for homeless disabled womans hotel to get her out of the rain,c2i5ym,1,images/c2i5ym.jpg
1792,suffering from that painful feeling that comes from being fucked over too many times a governor like pete wilson can do that to you usa nsfw,crrsnn,0,images/crrsnn.jpg
1793,looking down this stairwell looks like looking down a hallway,b1umub,0,images/b1umub.jpg
1794,boy reads mean youtube comments about himself note its sad but uplifting because hes doing this to send a antibullying message,3cncgu,1,images/3cncgu.jpg
1795,sloth cookie,8z9ydz,0,images/8z9ydz.jpg
1796,todays forecast,dfwzo9,0,images/dfwzo9.jpg
1797,uae call to ban hypnotic music as illegal digital drug,2l8xm7,1,images/2l8xm7.jpg
1798,the thermosphere murders distinguishing time from eternity,719758,0,images/719758.jpg
1799,jack skellington or momo im truly haunted,b5i16a,0,images/b5i16a.jpg
1800,hitler obtains plenary powers,a2gyvf,0,images/a2gyvf.jpg
1801,close up of chipped and cracked metal,bg8mqn,0,images/bg8mqn.jpg
1802,michelle obama posing on white house steps,5cinn5,1,images/5cinn5.jpg
1803,my cousin at his wedding wearing a crown,13ihwj,1,images/13ihwj.jpg
1804,grateful recovering addict secretly pays for emts meals,91sexa,1,images/91sexa.jpg
1805,my friend had a long grape in his lunch it tastes like a normal grape my hand is about in cm in length for scale,d056ax,1,images/d056ax.jpg
1806,the fbi and ice have turned state drivers license databases into a facialrecognition gold mine scanning through millions of americans photos without their knowledge or consent newly released documents show,caghtp,1,images/caghtp.jpg
1807,unacceptable hnnggh,73cj2a,0,images/73cj2a.jpg
1808,cat living in home depot for years will be allowed to stay,1w4gon,1,images/1w4gon.jpg
1809,new proclinton ad blasts trump as unfit to lead the military,4rk35b,1,images/4rk35b.jpg
1810,you should definitely get that checked out by a doctor,68wyi6,0,images/68wyi6.jpg
1811,this panel in my car looks a bit sad,4actrh,0,images/4actrh.jpg
1812,a mustang with the uklegal license plate mustang,coiom3,1,images/coiom3.jpg
1813,ann arbor oks plan to keep diarrheacausing parasite out of citys water,ber4yw,1,images/ber4yw.jpg
1814,this halloween decoration has a typo on it,9ehcwj,1,images/9ehcwj.jpg
1815,louis armstrong plays for his wife in giza,10l7ua,1,images/10l7ua.jpg
1816,soda cup has an rfid chip that stops you getting refills,d8bgmv,1,images/d8bgmv.jpg
1817,save the planet modern anticapitalism,4erxx3,0,images/4erxx3.jpg
1818,french millionaires discovering not everyone has contributed to the notre dame repairs circa,bempa5,0,images/bempa5.jpg
1819,found this guy hanging on the side of the road,1mbvj6,0,images/1mbvj6.jpg
1820,the country is full,bas2p3,0,images/bas2p3.jpg
1821,fourteen accidental genocide attempt,9i3cdt,0,images/9i3cdt.jpg
1822,my sister got two birthday cards made by different manufacturers who used the same picture,c5fi4h,1,images/c5fi4h.jpg
1823,straightrazor failings,8k9cz8,0,images/8k9cz8.jpg
1824,a disassembly of a very old piano in progress,bzjjft,1,images/bzjjft.jpg
1825,this mandarine,az8x88,1,images/az8x88.jpg
1826,texas biolab loses deadly guanarito virus,1b0ozl,1,images/1b0ozl.jpg
1827,otter looking on with mouth agape,5a9ear,1,images/5a9ear.jpg
1828,the american lifestyle every seconds a serious crime takes place in the usa ussr,cmrihx,0,images/cmrihx.jpg
1829,residential suite space,bbw0ao,0,images/bbw0ao.jpg
1830,neuroscience says listening to this song reduces anxiety by up to percent,5eiafr,0,images/5eiafr.jpg
1831,president donald trump announcing his future presidency run,91m0mi,0,images/91m0mi.jpg
1832,this guy running away,2gutu4,1,images/2gutu4.jpg
1833,antman vs thanos,b32fjo,0,images/b32fjo.jpg
1834,biological umbrellas,azjlcp,0,images/azjlcp.jpg
1835,soviet cosmonauts take their first steps on the moon,69n8ym,0,images/69n8ym.jpg
1836,hair the rocket opera circa,7gpao9,0,images/7gpao9.jpg
1837,this airport has an animal relief room,cachlx,1,images/cachlx.jpg
1838,alita battle angel star offers update on the sequel,ck3jfo,0,images/ck3jfo.jpg
1839,columbine high school shooting,av6me8,0,images/av6me8.jpg
1840,london police officer at the student protests,2mso58,1,images/2mso58.jpg
1841,freeze hands up,56r9ip,0,images/56r9ip.jpg
1842,piston is feeling a little shocked,3ila6r,0,images/3ila6r.jpg
1843,that snowman cannot be the only thing that frightens him,ws2pk,1,images/ws2pk.jpg
1844,protester rushing the court at the french open nadal vs ferrer,1fzk4q,1,images/1fzk4q.jpg
1845,family to be reunited with child captured by isis over years ago,6tzk0p,1,images/6tzk0p.jpg
1846,toy has many faces,4hri9v,0,images/4hri9v.jpg
1847,little black cat,avryaj,1,images/avryaj.jpg
1848,monica lewinsky reveals who shes voting for and its not who you think it is,5ajmjq,0,images/5ajmjq.jpg
1849,project page not existant,87d512,0,images/87d512.jpg
1850,apple pie expires mins after buying it,ckpj3y,1,images/ckpj3y.jpg
1851,nfl kirk cousins hopes centers butt doesnt sweat so much in games,cnr1mr,1,images/cnr1mr.jpg
1852,the ceo of electronic arts acting like its business as usual,7dhv49,0,images/7dhv49.jpg
1853,im worried that mr crag is showing signs of a stroke on the right side of his face,5ibjtp,0,images/5ibjtp.jpg
1854,this penny that went through the washer so many times the copper coating is starting to come off,d8s8ll,1,images/d8s8ll.jpg
1855,rare image of american citizens under donald trumps th year as president what a time to be alivecirca,6hgeba,0,images/6hgeba.jpg
1856,happy bag people greet you,3z9l67,0,images/3z9l67.jpg
1857,nasa issues space herpes warning as virus reactivates in astronauts,b2jmy9,1,images/b2jmy9.jpg
1858,nasa finds ancient organic material mysterious methane on mars,8zsmj3,1,images/8zsmj3.jpg
1859,a little moon in a little ball,bb2389,0,images/bb2389.jpg
1860,woman falsely reported that her husband killed her police say,c6kc5x,1,images/c6kc5x.jpg
1861,norway finds russian spy whale off arctic coast,bj1416,0,images/bj1416.jpg
1862,my grandfathers ww bayonet,b96dfx,1,images/b96dfx.jpg
1863,this chamois standing her ground,cuu7xj,1,images/cuu7xj.jpg
1864,ozone chilling,9fausd,0,images/9fausd.jpg
1865,this capybera and its children,b4oe4v,1,images/b4oe4v.jpg
1866,this really really long fry as long as my handwidth,dkcb58,1,images/dkcb58.jpg
1867,my zester doesnt zest off the brown parts of the lime just the green,c9wsxg,1,images/c9wsxg.jpg
1868,dachshund puppy,cc63he,1,images/cc63he.jpg
1869,this huge fourleafed clover i found,bnekzo,1,images/bnekzo.jpg
1870,my dog in a box,2lie4m,1,images/2lie4m.jpg
1871,vote with your used cigarette for icecream,9gbve1,1,images/9gbve1.jpg
1872,watch band broke so i made one using a plastic bottle,c4ylx2,1,images/c4ylx2.jpg
1873,photo i took in a mirror room on my trip to tokyo,bb6lj2,0,images/bb6lj2.jpg
1874,kodiak the majestic dog,1d5f2i,1,images/1d5f2i.jpg
1875,muellers team has leveled over criminal charges against people,7zk4w5,1,images/7zk4w5.jpg
1876,this pencil from a judge is shaped like a gavel,9uhq7q,1,images/9uhq7q.jpg
1877,these individually packed fries,ddv5xr,1,images/ddv5xr.jpg
1878,a c in the clark memorial bridge,bcyr4p,0,images/bcyr4p.jpg
1879,the sunlight hitting my back resembles vertebrae,b7f7ni,1,images/b7f7ni.jpg
1880,this unhappy toddler,5wuql1,1,images/5wuql1.jpg
1881,will rick perrys prowind power stance carry on in the trump administration,5ij2jy,1,images/5ij2jy.jpg
1882,irish whales its in my blood,7rszx4,0,images/7rszx4.jpg
1883,confused painting,8pjz1w,0,images/8pjz1w.jpg
1884,an upclose look at the planet jupiter,8mnt6z,0,images/8mnt6z.jpg
1885,this hurricane prep,cywu6l,1,images/cywu6l.jpg
1886,elephant drinking out of a toilet,5qd6um,1,images/5qd6um.jpg
1887,there were two fruit rolls in my fruit by the foot,bszwsz,1,images/bszwsz.jpg
1888,th the easter bunny preparing for his busy day tomorrow,bfipbz,0,images/bfipbz.jpg
1889,japanese soldier reciting an infamous battle cry as he runs into battle,8bt2wa,0,images/8bt2wa.jpg
1890,good morning america doesnt know what the kids with high incomes,5835i0,0,images/5835i0.jpg
1891,what astigmatism visioned ppl see without their glasses,axh9tp,1,images/axh9tp.jpg
1892,this dog,296a8f,1,images/296a8f.jpg
1893,trump slump seen in tourism industry connected to travel ban,5yr8mh,1,images/5yr8mh.jpg
1894,saudi executioner thinks he pulled something in shoulder during last decapitations,407qa9,0,images/407qa9.jpg
1895,he taught me to take a bath today,5cdqse,0,images/5cdqse.jpg
1896,falsehood neighborhood under control x,csld6h,0,images/csld6h.jpg
1897,tile grout stains from people who haves missed the urinal over the years,d5a0zo,1,images/d5a0zo.jpg
1898,two titans battle in the middle of shinganshina,7ss88p,0,images/7ss88p.jpg
1899,australia,cm8al0,1,images/cm8al0.jpg
1900,a bee with pollen sacs,dc51v4,1,images/dc51v4.jpg
1901,mesa happy to see you,8shg3i,0,images/8shg3i.jpg
1902,original photo of great tenmei famine victim circa,5bx74a,0,images/5bx74a.jpg
1903,reporter stopped by tsa agent who didnt know district of columbia is in us,2arm0f,1,images/2arm0f.jpg
1904,hfka and ive learned something too,3hhyea,0,images/3hhyea.jpg
1905,we goin for a ride,1m3pqi,0,images/1m3pqi.jpg
1906,florida man bank robber was arrested after driving drunk with month old in back seat of police cruiser,4d1ehv,0,images/4d1ehv.jpg
1907,the british media just roasted donald trump and he hated it,5qmoqh,1,images/5qmoqh.jpg
1908,a pride of lions in a tree,5coumk,1,images/5coumk.jpg
1909,james mattis no doubt syria still has chemical weapons,66wztt,1,images/66wztt.jpg
1910,cat performing ritual for seconds while trying to win at risk,55c1ry,0,images/55c1ry.jpg
1911,this childrens novel i came across in the school i work is ish pages of which are these beautiful narrative pencil drawings,cgvuzn,1,images/cgvuzn.jpg
1912,angler fish desk clamp,19r1qo,0,images/19r1qo.jpg
1913,super chair puts a smalltown barber back in business,ug0im,1,images/ug0im.jpg
1914,joseph goebbels member of the nazi party visits concentration camp,ce1ol6,0,images/ce1ol6.jpg
1915,you might not ever guess why this wedding party looks so shocked,58w91j,0,images/58w91j.jpg
1916,i dprinted a few nano tetris blocks fitted them in a mini pill bottle with a pair of tweezers,b0hizu,1,images/b0hizu.jpg
1917,arcade group promises ticket and claw games will no longer be rigged,69mqn1,1,images/69mqn1.jpg
1918,peafowl mating season,8p07go,0,images/8p07go.jpg
1919,intel republicans dismiss muellers intelligence findings before seeing them,b6wnxr,1,images/b6wnxr.jpg
1920,sarajevo hosts landmark gay pride parade the capital of bosniaherzegovina sarajevo has held its first ever gay pride event amid heavy security the event was dubbed ima izac which roughly translates as coming out,d1gz3z,1,images/d1gz3z.jpg
1921,oscar mayer wants to buy the worlds largest catsup bottle,2cpcnz,1,images/2cpcnz.jpg
1922,dame maggie smith walking away from,1orldx,1,images/1orldx.jpg
1923,this fork i got in the cafeteria today had one tong shorter than the others,cweryl,1,images/cweryl.jpg
1924,found a potato leaf in my chips bag,cjuxyk,1,images/cjuxyk.jpg
1925,autism awareness police car,dbrt9m,1,images/dbrt9m.jpg
1926,pablo the chihuahua looking for escape route,21whfj,1,images/21whfj.jpg
1927,dylann roof guilty of south carolina church killings,5imppq,1,images/5imppq.jpg
1928,extradition hard of hearing,7kstu2,0,images/7kstu2.jpg
1929,how to fix loud squealing screeching bike brakes,4xoxw7,0,images/4xoxw7.jpg
1930,boston marathon runner returns home to texas to witness plant explosion,1cn8rk,1,images/1cn8rk.jpg
1931,the same tweet posted in two different subreddits showed up right next to each other one was taken in light mode and one was taken in dark mode,cugdd6,1,images/cugdd6.jpg
1932,i saw this little guy freaking out today,6v27li,0,images/6v27li.jpg
1933,einsteins icecream,coxulaf,0,images/coxulaf.jpg
1934,hmb while i flip into this beer while i do pushups on water,d5nxep,0,images/d5nxep.jpg
1935,these oranges with oranges in them orangeception,ch02ku,1,images/ch02ku.jpg
1936,transportation of adolescent panda,4tzr46,1,images/4tzr46.jpg
1937,i caugt a tv in the middle of it changing frames,bfp8zp,1,images/bfp8zp.jpg
1938,shocked windowlock,1cenmf,0,images/1cenmf.jpg
1939,all five living former us presidents make rare appearance together presidents gather for fundraiser for those affected by hurricanes that struck texas florida puerto rico and us virgin islands,77y852,1,images/77y852.jpg
1940,bedside concert series brings hope and relief for farmington man popular maine musicians who perform in nick stanleys home say they get as much from him as they give,223qqe,1,images/223qqe.jpg
1941,the thing that will immediately kill your acting career,6czq5j,0,images/6czq5j.jpg
1942,einstein bohr,11mw7g,1,images/11mw7g.jpg
1943,the aftermath of a hailstorm in nc,bvdnw1,1,images/bvdnw1.jpg
1944,kung fu gorilla x,2aeqdi,1,images/2aeqdi.jpg
1945,little guests in the moon palace china,3oh0tx,0,images/3oh0tx.jpg
1946,this seal in a sea of penguins,652n0u,1,images/652n0u.jpg
1947,shaking and twisting makes me happy,2a3xuc,0,images/2a3xuc.jpg
1948,the totally harsh reason chloe kim split with her boyfriend before winning gold at the olympics,8e9trm,0,images/8e9trm.jpg
1949,chris pratt hasnt said anything offensive yet but hes already very sorry,37846d,1,images/37846d.jpg
1950,spoooooky,c43yva,0,images/c43yva.jpg
1951,this black flower of cove,dg05kr,1,images/dg05kr.jpg
1952,cut the onion and it makes you cry,6i3z4s,0,images/6i3z4s.jpg
1953,american tries to be asian circa,90vr94,0,images/90vr94.jpg
1954,morning frost,12wf9g,1,images/12wf9g.jpg
1955,on top of shanghai tower,24a1ac,1,images/24a1ac.jpg
1956,chris christie knew about bridge lane closings as they happened prosecutors say,53jumh,1,images/53jumh.jpg
1957,a michigan marxist restaurant closes after failed group decisions and long sandwich waits,5i2cm3,1,images/5i2cm3.jpg
1958,these people on the green street,6nm5zi,1,images/6nm5zi.jpg
1959,principal cancels honors night because it might be devastating to students who didnt make it,1apnhr,1,images/1apnhr.jpg
1960,other discussions,cc7k3ip,0,images/cc7k3ip.jpg
1961,someone reading a book about castles,4rbtg0,1,images/4rbtg0.jpg
1962,seinfeld auditions circa,99qxtx,0,images/99qxtx.jpg
1963,from dishwasher to heart doctor atlanta refugee embodies american story,7yo3y2,1,images/7yo3y2.jpg
1964,my puppy taking a bath while looking very mysterious,1irp5u,1,images/1irp5u.jpg
1965,found this guy hiding in moms garden,y0rb9,0,images/y0rb9.jpg
1966,jeffrey epstein plea deal must stand prosecutors tell sex abuse victims,c5k53l,1,images/c5k53l.jpg
1967,sex is no accident usa,5qsne4,0,images/5qsne4.jpg
1968,crusading knights besieging jerusalem ad,b3h1pj,0,images/b3h1pj.jpg
1969,court oks barring high iqs for cops,ybj43,1,images/ybj43.jpg
1970,us cyber bill would shift power away from spy agency,6bvzdf,1,images/6bvzdf.jpg
1971,sins sale st,8jkow7,0,images/8jkow7.jpg
1972,discarded lounger or shetland pony,8wcs0d,0,images/8wcs0d.jpg
1973,a snowmans poker face,bs8bdg,0,images/bs8bdg.jpg
1974,i missed a good party,bfjj35,1,images/bfjj35.jpg
1975,electric bus charging,cnmce1,1,images/cnmce1.jpg
1976,gaming injuries same as basketball players says doctor,d6fdfl,1,images/d6fdfl.jpg
1977,star wars ep ii attack of the clones deleted scene,5qgqlg,0,images/5qgqlg.jpg
1978,this photo of my grandpa turned purple after years,askzbe,1,images/askzbe.jpg
1979,my fruit bowl greeted me with a smile this morning,1g2w73,0,images/1g2w73.jpg
1980,its mr rogers in a bear suitneed i say more,rrbbq,1,images/rrbbq.jpg
1981,i found a ridge crisp in with my packet of regular ones,c3etk3,1,images/c3etk3.jpg
1982,argentine judges dismiss rape of yearold because child is gay,36qbwv,1,images/36qbwv.jpg
1983,sparrows no place id rather be,ck6ah0,0,images/ck6ah0.jpg
1984,pay it forward helping near and far,2a1x8a,1,images/2a1x8a.jpg
1985,had this a long time hung it today,cfss0x,1,images/cfss0x.jpg
1986,this public library near my house,cs8dro,1,images/cs8dro.jpg
1987,a friends keyboard hasnt been cleaned in a while,5lh5re,0,images/5lh5re.jpg
1988,lindsey graham on obamacare repeal i had no idea what i was doing,738dyv,1,images/738dyv.jpg
1989,patriothole hoggpacalypse now americas hogg david is using his snout deep state to snatch up our precious american truffles guns and we must stop him hogg before its too late hoggpacalypse now,8a2c5z,0,images/8a2c5z.jpg
1990,owl peeking,2hazm4,1,images/2hazm4.jpg
1991,adolf hitler addresses the masses circa,8xzqv0,0,images/8xzqv0.jpg
1992,beyond prochoice the solution to white supremacy is white abortion,6jsaua,0,images/6jsaua.jpg
1993,traditional japanese art created using excel spreadsheets,1exhgf,1,images/1exhgf.jpg
1994,orangutan hiding behind the tree,8s8n5q,1,images/8s8n5q.jpg
1995,inside an old chicago packing plant inspiring proof that urban indoor farming can succeed,23j1x7,1,images/23j1x7.jpg
1996,video firefighter forgets to put down man he saved from burning building before entering gas station bathroom,6pxdqq,0,images/6pxdqq.jpg
1997,american spy attempting to infiltrate a german camp greets a guard,9cblui,0,images/9cblui.jpg
1998,man holding the moon,92ljov,1,images/92ljov.jpg
1999,four colors one picture,7c2r2m,0,images/7c2r2m.jpg
2000,gone fatal miscalculation,76ub24,0,images/76ub24.jpg
2001,motor control that nameless charm,3dubxh,0,images/3dubxh.jpg
2002,jumping for joy on kauai,5n9tiq,1,images/5n9tiq.jpg
2003,this ancient stack of floppy disk mailing boxes i found at work,ayrpg7,1,images/ayrpg7.jpg
2004,darius blake cancer risk,66de6e,0,images/66de6e.jpg
2005,took a picture and fused with my dog,al2il9,1,images/al2il9.jpg
2006,pocket monopoly,b1s5yl,1,images/b1s5yl.jpg
2007,got an ad on instagram which appears to be for a bag of ketaminecocaine,cunulk,1,images/cunulk.jpg
2008,now this is how i have seen on my wife,5xr5r9,0,images/5xr5r9.jpg
2009,paul bettany on set reprising his role as vision in avengers infinity war ad,8j7kz3,0,images/8j7kz3.jpg
2010,oh nos,1ufqsp,0,images/1ufqsp.jpg
2011,meat and cheese linked to earlier death,1zl15y,1,images/1zl15y.jpg
2012,years later a plane crash and a jail prove a blessing for one survivor,5qytwn,1,images/5qytwn.jpg
2013,no more to be said,866lgd,0,images/866lgd.jpg
2014,a dog and a goat,9hog7k,1,images/9hog7k.jpg
2015,da investigator suspended after buttbiting at bar,43yb1k,1,images/43yb1k.jpg
2016,pink freud dark side of your mom,8cor5e,0,images/8cor5e.jpg
2017,an entire continent named after the popular song africa by toto,8t8lsz,0,images/8t8lsz.jpg
2018,us the double standard modern political cartoon,2yc5tn,0,images/2yc5tn.jpg
2019,whats up with your leg bro,dkac1t,0,images/dkac1t.jpg
2020,this car with a bunch of toys glued to the roof,clbh0u,1,images/clbh0u.jpg
2021,letter has landed upright after falling through letterbox,d5exsj,1,images/d5exsj.jpg
2022,bike sculpture in someones yard kansas city mo,ddnshk,1,images/ddnshk.jpg
2023,kim jong un pointing at things,2knvdp,1,images/2knvdp.jpg
2024,cat melissa on black background,3tu9qr,1,images/3tu9qr.jpg
2025,i got vanilla yogurt in my orange creme yogurt i just wanted some dang orange creme yogurt,d7k99a,1,images/d7k99a.jpg
2026,i got two fortunes in my cookie,cp5whj,1,images/cp5whj.jpg
2027,you can see the framing and lathe through the never painted plaster in this house i just bought,av89bp,1,images/av89bp.jpg
2028,last supper ad e,85dccl,0,images/85dccl.jpg
2029,more metal more weapons soviet union,6w93xg,0,images/6w93xg.jpg
2030,hair under microscope,8hnib3,0,images/8hnib3.jpg
2031,major survey finds worms are rare or absent in of fields,aueesn,1,images/aueesn.jpg
2032,chitons of new zealand we intend at any and all hazards to return it,66t514,0,images/66t514.jpg
2033,a cinema in blackwood is holding a private screening for homeless people,5gn0tx,1,images/5gn0tx.jpg
2034,who says cops dont have a friend who likes to lift,3au3v4,0,images/3au3v4.jpg
2035,the view from my offices toilet today,91pjrh,0,images/91pjrh.jpg
2036,this garlic my aunt grew that is just one big clove,cnupqe,1,images/cnupqe.jpg
2037,look who is watching you ask you buy your groceries,80119c,0,images/80119c.jpg
2038,finished the outline drawn freehand,bep8t6,1,images/bep8t6.jpg
2039,this bars natural table grain looks like jack skellington pareidolia,cnq5yh,1,images/cnq5yh.jpg
2040,back them up,2iue0z,0,images/2iue0z.jpg
2041,just found out an old army buddy isnt afraid of walking into a burning building to save people,3leee1,1,images/3leee1.jpg
2042,child fairy soldier,54sy3l,1,images/54sy3l.jpg
2043,we were putting an irrigation system in my town responding to a lawsuit filed tuesday,4m1yfn,0,images/4m1yfn.jpg
2044,truck and school bus involved in collisionwithout any drivers,122b3y,1,images/122b3y.jpg
2045,this construction project gives people with a low income the opportunity to buy a home,d9uqwf,1,images/d9uqwf.jpg
2046,this cooler needs to chill,91k7wt,0,images/91k7wt.jpg
2047,this finite element analysis monkey,ay52ts,0,images/ay52ts.jpg
2048,year old dental records,5kbhl6,0,images/5kbhl6.jpg
2049,first known shakespeare quote,bhofjt,0,images/bhofjt.jpg
2050,nfl donating million to hurricane florence relief,9gdv7d,1,images/9gdv7d.jpg
2051,a koala wearing a crown,z1tl0,0,images/z1tl0.jpg
2052,this university newsletter that gets sent out to all the bathrooms and only the bathrooms,d7r36l,1,images/d7r36l.jpg
2053,batman actor robert pattinson drops out of movie due to scheduling conflict,c3zzbe,0,images/c3zzbe.jpg
2054,the lords justice,7ryo74,0,images/7ryo74.jpg
2055,this box is crushed,6pd81d,0,images/6pd81d.jpg
2056,the implementation of automation lead to widespread layoffs of bluecollar workers circa,btb1rs,0,images/btb1rs.jpg
2057,this man on a mobility scooter grappling with a snake in london,99cndf,1,images/99cndf.jpg
2058,has shaun white finally captured enough gold medals to satisfy the snow princess yukionna,7yzfr9,0,images/7yzfr9.jpg
2059,this enormous cave,2vwpa1,1,images/2vwpa1.jpg
2060,this unamused frog at work today,8748lz,0,images/8748lz.jpg
2061,woman charged after allegedly slapping police horse at trump protest in missouri,4bchmz,1,images/4bchmz.jpg
2062,hairy hand resting against a wall in a restroom,54x1sw,1,images/54x1sw.jpg
2063,dat gap,1e39n6,0,images/1e39n6.jpg
2064,lady does headstand split in a field,3v0998,0,images/3v0998.jpg
2065,should baseball fix its pacing issues by limiting visits to the inlaws during games,b6z7mo,0,images/b6z7mo.jpg
2066,this police apprehension vehicle,cia2zs,1,images/cia2zs.jpg
2067,question that rts military mission,7u5tln,1,images/7u5tln.jpg
2068,lacrosse player sliding,384jek,1,images/384jek.jpg
2069,fbi arrests man in myrtle beach allegedly planning attack in the spirit of dylann roof,5ui2u3,1,images/5ui2u3.jpg
2070,nothing butt diversity in europe modern election,23afdo,0,images/23afdo.jpg
2071,unimodal logical conclusion,841m57,0,images/841m57.jpg
2072,a boy breaks down in tears at a memorial ceremony for mussolini,d5znhl,0,images/d5znhl.jpg
2073,us marines liberate the city of fallujah c,8iq224,0,images/8iq224.jpg
2074,israelis and palestinians join forces to combat ebola,2j8ary,1,images/2j8ary.jpg
2075,married man shocked to find himself on dating site,5wf2z2,1,images/5wf2z2.jpg
2076,meerkat expert cleared of assault in zoo love triangle,497xtv,1,images/497xtv.jpg
2077,police suggest colleges kkk robe sighting have really been a woman in a blanket,19px55,1,images/19px55.jpg
2078,this urinal has a target,d2sgw5,1,images/d2sgw5.jpg
2079,pope john paul ii addresses a small crowd at the vatican,6uted2,0,images/6uted2.jpg
2080,soldier loading baby into cannon,2rfn23,1,images/2rfn23.jpg
2081,volunteers could guard some uk borders home office says,7n89uh,1,images/7n89uh.jpg
2082,happy travels snek,637fdg,1,images/637fdg.jpg
2083,sausage station at local market,c3x2s1,1,images/c3x2s1.jpg
2084,youre a mean one mr grinch,3inqgi,0,images/3inqgi.jpg
2085,sad milk face,6otw3j,0,images/6otw3j.jpg
2086,president xi jinping tries convince hong kong protesters to join china circa,dh25a9,0,images/dh25a9.jpg
2087,this movie ticket i found in the parking lot for inside out from,b70smy,1,images/b70smy.jpg
2088,puppys head stuck under a fence,5de9se,1,images/5de9se.jpg
2089,the inside of my friends engine after i removed the valve cover,daivzh,1,images/daivzh.jpg
2090,germany suffers hyperinflation,7eit0q,0,images/7eit0q.jpg
2091,squirrel popping a bubble,81r6o3,1,images/81r6o3.jpg
2092,the horrors of war,7klc3x,0,images/7klc3x.jpg
2093,this ghostly dude,7uc839,0,images/7uc839.jpg
2094,nice guy slides into dms,9amgdc,0,images/9amgdc.jpg
2095,these gold lines made by sunlight when my door was open just a little was in the morning,bp8jvh,1,images/bp8jvh.jpg
2096,my friend found a ladybug with inverted colors,cwkd5x,1,images/cwkd5x.jpg
2097,i found a bike made out of bamboo,9eygi1,1,images/9eygi1.jpg
2098,my popcorn chip bag has a corn farm scene built into it,9go2gy,1,images/9go2gy.jpg
2099,unimpressed big wheel racer little girl with the helmet,269lhb,1,images/269lhb.jpg
2100,huge miniature schnoodles,c9e8er,0,images/c9e8er.jpg
2101,muller ushiri santos experience too much caffeine ep,d0o4db,0,images/d0o4db.jpg
2102,this wood panel imperfection looks like a puppers sitting,d06wb5,0,images/d06wb5.jpg
2103,order coal now united states fuel administration us s utterly boring poster but i love the line work and color,43285e,0,images/43285e.jpg
2104,flying mako shark terrifies fisherman,3g0t7j,1,images/3g0t7j.jpg
2105,only god has a printer this big,c92lqj,0,images/c92lqj.jpg
2106,tommy genesis tommy genesis by me,bp7c70,0,images/bp7c70.jpg
2107,my face when the wife is pissed,5xxupj,0,images/5xxupj.jpg
2108,oh hey didnt hear you come in nothing suspicious going on here,1menjo,0,images/1menjo.jpg
2109,this moth i saw at school,bsa14e,1,images/bsa14e.jpg
2110,guard at school shooting have shot at deputies and wounded student source,bmt65d,1,images/bmt65d.jpg
2111,mileage and degrees,bpip17,1,images/bpip17.jpg
2112,naked oregon man found in kansas wheat field told go back to liberal home,3wcmrp,1,images/3wcmrp.jpg
2113,man with his head buried in the sand,30ivy9,1,images/30ivy9.jpg
2114,disney and sony agree to share spiderman film rights,ctclt9,0,images/ctclt9.jpg
2115,the drain in this urinal shaped like a penis,9hu1wx,1,images/9hu1wx.jpg
2116,man masturbates behind his hat on crowded a train,3b74se,1,images/3b74se.jpg
2117,my cats lying down pattern is visible on my dads truck he lays there everyday and my dad doesnt really cleans his truck a lot,bfklnm,1,images/bfklnm.jpg
2118,moldova votes in showdown between russia eu supporters,5a76p4,1,images/5a76p4.jpg
2119,us state dept honors italian nun during human trafficking report presentation,c3ln7g,1,images/c3ln7g.jpg
2120,a very happy dragon bracelet,avnd9y,0,images/avnd9y.jpg
2121,excuse me good sir,7uf0q0,0,images/7uf0q0.jpg
2122,cute lil eggy friend,8gqdrq,0,images/8gqdrq.jpg
2123,this perfectly made sour patch kid,bfpy4p,1,images/bfpy4p.jpg
2124,how much can hank pad out this segment about the nfl combine,8h1y19,0,images/8h1y19.jpg
2125,ww poster one of a series of various nationalities this man is your friend he fights for freedom,zjo2d,0,images/zjo2d.jpg
2126,varys spying on the game of thrones season script,c11nhy,0,images/c11nhy.jpg
2127,third degree burns of the forearm,axwp6f,0,images/axwp6f.jpg
2128,a sphynx cat at the grand prix royal canin cat show moscow,5gr7w9,1,images/5gr7w9.jpg
2129,truck just hit miles,cecbb5,1,images/cecbb5.jpg
2130,the radio show that got schoolchildren singing,2nown8,1,images/2nown8.jpg
2131,master copy so close a window,cs2vpp,0,images/cs2vpp.jpg
2132,nous vaincrons french wwii at the beginning of the war,72v6bc,0,images/72v6bc.jpg
2133,this tree growing and breaking the lock open,d1blek,1,images/d1blek.jpg
2134,victory from vietnam to palestine usa,awn47r,0,images/awn47r.jpg
2135,after stars dimensions,9cvn6x,0,images/9cvn6x.jpg
2136,i made a collage for anyone who wants a new desktop picture,22b43v,0,images/22b43v.jpg
2137,how to become a successful artist in three easy steps,b72yxx,0,images/b72yxx.jpg
2138,frowning gate,6wa2hc,0,images/6wa2hc.jpg
2139,el chico the pelvis chihuahua,qn9mr,0,images/qn9mr.jpg
2140,looking at your reflection in space,1pa29c,1,images/1pa29c.jpg
2141,cat flown back to owner after hitching km ride to bc,8t9k84,1,images/8t9k84.jpg
2142,unexpected progress against tuberculosis while researching malaria,3nten0,1,images/3nten0.jpg
2143,this sheepish yet mildly creepy grin on the aux cable box,9dmf2z,1,images/9dmf2z.jpg
2144,donald trump discovers kim jung un hiding outside the white house,c8jhfx,0,images/c8jhfx.jpg
2145,this street lamp turned on when the pigeon landed on top of its sensor,cnaktd,1,images/cnaktd.jpg
2146,murderous child,2rfwnx,1,images/2rfwnx.jpg
2147,a boy and his magnifying glass,5z0bt5,1,images/5z0bt5.jpg
2148,tom petty legendary rocker is dead at,73vcgz,1,images/73vcgz.jpg
2149,coach was disappointed with players disrespect so he lined up war heroes directly in front of them,49ld3v,1,images/49ld3v.jpg
2150,the fighting filipinos wwii poster,25otlj,0,images/25otlj.jpg
2151,this bomb shelter sign from the s my dad found on a construction site in long island city its hung in our basement,d4ctcb,1,images/d4ctcb.jpg
2152,its not mccarthyism to demand answers on trump russia and the election,66wd9x,1,images/66wd9x.jpg
2153,this pin is happy to help,6hykce,0,images/6hykce.jpg
2154,max verstappens birthday cake,9k62xh,1,images/9k62xh.jpg
2155,angela merkel pets a kiwi,2m9qvf,1,images/2m9qvf.jpg
2156,shirtless violin guy,65cbqj,1,images/65cbqj.jpg
2157,im amazed by the slew of features its not just three holes that sort of look like two eyes and a mouth,9fpmtc,0,images/9fpmtc.jpg
2158,my envelope had a piece of wood still in it,cn6e5y,1,images/cn6e5y.jpg
2159,pablo picasso found a canvas on my weight bench,xav5s,0,images/xav5s.jpg
2160,nepal,41qva0,1,images/41qva0.jpg
2161,mass gathering of golden retrievers in highlands for th anniversary,90gkdm,1,images/90gkdm.jpg
2162,photo captures servers touching act for yearold veteran server ate with this man during his lunch break because he had no one to talk to,cuccax,1,images/cuccax.jpg
2163,my bottles of the same cola have different lids,cr8w5f,1,images/cr8w5f.jpg
2164,my wheelbarrow isnt impressed with my shoveling,6jfkka,0,images/6jfkka.jpg
2165,cupping the breasts,1zpu65,0,images/1zpu65.jpg
2166,the lemons floating to the top of the water while the limes sink to the bottom,cvotcl,1,images/cvotcl.jpg
2167,doh,v4h93,0,images/v4h93.jpg
2168,dudewhat were you thinking,17upzg,0,images/17upzg.jpg
2169,i aint lying and you dont know if it is done,8oth9k,0,images/8oth9k.jpg
2170,the liquid in the left glass was poured from the right glass,d91h1r,1,images/d91h1r.jpg
2171,medieval doctor,1te6x2,1,images/1te6x2.jpg
2172,iran urban guerrilla fighters poster circa,7iho8h,0,images/7iho8h.jpg
2173,physically fit emotionally stable kim jongun addresses un after finally getting nuclear ambitions out of system the onion,6yovyo,0,images/6yovyo.jpg
2174,french prime minister playing soccer,51qfcd,1,images/51qfcd.jpg
2175,richard nixon waves goodbye as he boards a helicopter after resigning the presidency earlier that day aug,atgfzi,0,images/atgfzi.jpg
2176,outer haven push the limit,7lh5kn,0,images/7lh5kn.jpg
2177,branches covered in ice,bavkag,1,images/bavkag.jpg
2178,donald trump,879g6d,0,images/879g6d.jpg
2179,man holding his dog,5yh689,1,images/5yh689.jpg
2180,this power strip,crqk0f,1,images/crqk0f.jpg
2181,hmm night rides,bs2vhs,0,images/bs2vhs.jpg
2182,cheating wife attempts to scare husband into leaving by having three men pretend to break in husband wakes up and mortally stabs fake burglar,16d91x,1,images/16d91x.jpg
2183,pinchers the eyes,367cb5,0,images/367cb5.jpg
2184,chile man buys cell phone with kilos of avocados,8o8g1t,1,images/8o8g1t.jpg
2185,the lead fell out of this pencil,boarlr,1,images/boarlr.jpg
2186,texas man marries his real doll doll immediately develops headache mode the yew norker,bj3pee,0,images/bj3pee.jpg
2187,a normal clear sprite bottle,c99rsj,1,images/c99rsj.jpg
2188,my movie theater sells themed popcorn containers,bh7kca,1,images/bh7kca.jpg
2189,francesco whats so scary about the jungle,6u2xk4,0,images/6u2xk4.jpg
2190,the secret behind the remarkable success of snow leopard conservation in pakistan,7a5fkn,1,images/7a5fkn.jpg
2191,russian and allied soldiers after the capitulation of nazi germany,5ect4n,0,images/5ect4n.jpg
2192,bear stearns trader howie rubin raped and beat women,7aok8i,1,images/7aok8i.jpg
2193,my father having small talk with a monk while waiting at the dmv,9cfkv1,1,images/9cfkv1.jpg
2194,this is what happens to your body when you stop exercising,5a0i8r,0,images/5a0i8r.jpg
2195,a leaf that set in concrete,bot783,1,images/bot783.jpg
2196,quiz can you match the hey arnold character to the episode where they learned that puberty never stops until you die,6rm6zx,0,images/6rm6zx.jpg
2197,yearold woman shares her secret cans of dr pepper a day,2zm2co,1,images/2zm2co.jpg
2198,cymbal castings look like metal pancakes,boz949,1,images/boz949.jpg
2199,this is a big deal when millions of people have a teacher who hates us writing on calculators demonetized,c2r6vm,0,images/c2r6vm.jpg
2200,first woman driver circa,dapyou,0,images/dapyou.jpg
2201,a topographical floor display,bsh1uz,0,images/bsh1uz.jpg
2202,forbes how commissioner carr can modernize the fcc,6tsmq5,0,images/6tsmq5.jpg
2203,my coffee just came to the realization that its coffee,6knf13,0,images/6knf13.jpg
2204,shipwrecked sailors saved by spelling out help on beach,4e5az3,1,images/4e5az3.jpg
2205,the bay,93p9tw,1,images/93p9tw.jpg
2206,looks like the tiger has a huge tail,cshzm8,0,images/cshzm8.jpg
2207,can you see the lion,7oeeb7,0,images/7oeeb7.jpg
2208,my collection of things i found at the bottom of the pool a golf ball a single sunglass lens a screw a penny from and a hammer,9f3cyx,1,images/9f3cyx.jpg
2209,studios release first image of the new bond,bxxiw9,0,images/bxxiw9.jpg
2210,this almost looks like one tree thats half shed,akeuue,1,images/akeuue.jpg
2211,this rock formation that looks like an angry bird man,d7zb6i,1,images/d7zb6i.jpg
2212,who knew family video sold this,cwoi67,1,images/cwoi67.jpg
2213,a snowy forest,7q1hkw,1,images/7q1hkw.jpg
2214,side by side britannia by james montgomery flagg,2r7orj,0,images/2r7orj.jpg
2215,phoenix in fire,4wssd6,0,images/4wssd6.jpg
2216,an old lady brought a rocking chair and knitting supplies to the airport,ba733g,1,images/ba733g.jpg
2217,the evolution of the bill,dcykpl,1,images/dcykpl.jpg
2218,this squirrel and a small snowman,c0xr1w,1,images/c0xr1w.jpg
2219,mark zuckerberg resisting his urge to shed his skin and reveal his reptilian form,8cnwa8,0,images/8cnwa8.jpg
2220,cat posing on tree,854a9f,1,images/854a9f.jpg
2221,firefighters rescue horse stuck in soft sand in santa cruz,5y6baj,1,images/5y6baj.jpg
2222,all i want to be disturbingly insecure,3xltp5,0,images/3xltp5.jpg
2223,the seats in this belgian train has smiling faces,b45eis,1,images/b45eis.jpg
2224,the creation of the communist party of albania on by saban hysa communism wwii painting,1ffyw5,0,images/1ffyw5.jpg
2225,i am the tank uk s artist unknown,9gtfvw,0,images/9gtfvw.jpg
2226,a mans fortune cookie reads that before him is the love of his life yet he is eating alone,15jlj4,1,images/15jlj4.jpg
2227,senpai noticed me,97sbl4,0,images/97sbl4.jpg
2228,spiderman just chillin on the bus this morning,c8cgxf,1,images/c8cgxf.jpg
2229,flooded slot canyon in utah,boettt,1,images/boettt.jpg
2230,picked this up in dongtai rd shanghai date unknown probably a reprint any idea what this says,ctaiot,0,images/ctaiot.jpg
2231,does anyone know how easy it was cake time,47aesy,0,images/47aesy.jpg
2232,old office mouse shows exactly where it was clicked for nearly two decades,c77obm,1,images/c77obm.jpg
2233,my stepsons bowling ball,3gb6xj,0,images/3gb6xj.jpg
2234,horse wearing blue vest eats pie off chair,5a8cvl,0,images/5a8cvl.jpg
2235,worlds largest fund manager demands cuts to executive pay and bonuses,5oa22a,1,images/5oa22a.jpg
2236,cape kaiser for the triumph of leninism,2sqoc0,0,images/2sqoc0.jpg
2237,this old tobacco pouch i found,481je4,0,images/481je4.jpg
2238,deep blue quietly celebrates th anniversary with garry kasparovs exwife,6c83i2,0,images/6c83i2.jpg
2239,birthday cake,570dvy,1,images/570dvy.jpg
2240,pointe bayeux the canterbury guests,343hh2,0,images/343hh2.jpg
2241,portland will start housing the homeless in tiny pods in peoples backyards,619qv1,1,images/619qv1.jpg
2242,this sand castle,awha9o,1,images/awha9o.jpg
2243,my aunts cat has a different glow on each eye,cy0e03,1,images/cy0e03.jpg
2244,giant silver airship flies for the first time from raviation,33e2ir,1,images/33e2ir.jpg
2245,did a walking dead zombie send ricinlaced letters to obama and bloomberg,1fmjna,1,images/1fmjna.jpg
2246,barack obama riding a tricycle,2b8nvd,1,images/2b8nvd.jpg
2247,ottoman sultan mehmed ii conquers constantinople ad,7vin6o,0,images/7vin6o.jpg
2248,leaked photo of hitler committing game end in,dbae5v,0,images/dbae5v.jpg
2249,available here,cv9y0r6,0,images/cv9y0r6.jpg
2250,girl in clown suit really excited about a bed race,3nd741,1,images/3nd741.jpg
2251,bill murray clapping along with a trumpet player,4k8ydv,1,images/4k8ydv.jpg
2252,weird building,crv6a3,0,images/crv6a3.jpg
2253,crystalline nets harvest water from desert air turn carbon dioxide into liquid fuel,d02f5u,1,images/d02f5u.jpg
2254,the new zelda game is going to let you do something wild,4o2vly,0,images/4o2vly.jpg
2255,my notebook page flipped up on top of my coffee and now the leaf design from the coffee is on the page,cxgwt4,1,images/cxgwt4.jpg
2256,this canadian coin glows in the dark,cfdjug,1,images/cfdjug.jpg
2257,this sunflower is only halfbloomed,d8q2e3,1,images/d8q2e3.jpg
2258,man dies of emotional distress after being forced to clean walgreens bathroom widow says,5gwu6d,1,images/5gwu6d.jpg
2259,what it costs to host the olympic games,3ey984,0,images/3ey984.jpg
2260,john travolta and nikki blonsky,4z78ii,1,images/4z78ii.jpg
2261,an prehistoric species of bird attempts to protect the last living woolly mammoth circa,8z5u8k,0,images/8z5u8k.jpg
2262,an inquisitive lizard,7mh0z0,1,images/7mh0z0.jpg
2263,do legos need anger management figurines grumpier than ever study says,1g5yb4,1,images/1g5yb4.jpg
2264,from a window in his castle bowser spots mario coming over the horizon,7bjbj5,0,images/7bjbj5.jpg
2265,foreigner alpacas in england,8u840g,0,images/8u840g.jpg
2266,nothing to see here,93fg1q,0,images/93fg1q.jpg
2267,spotted this enthusiastic friend on the way home,77gj8z,0,images/77gj8z.jpg
2268,nasas curiosity rover is back to work after bizarre glitch,awrp1y,1,images/awrp1y.jpg
2269,stop to avoid bus stop to avoid crashing into a tank shells trajectory,6dedeh,0,images/6dedeh.jpg
2270,an adult giraffe is taller than you can imagine perfect timing,8q5e6k,0,images/8q5e6k.jpg
2271,this chick put two straws together to drink comfortably laziness out of,awlc8h,1,images/awlc8h.jpg
2272,garbage can is disturbed by your trash,1fy6eo,0,images/1fy6eo.jpg
2273,my band is staying next to a cartoon network hotel tonight,diytex,1,images/diytex.jpg
2274,citizens of miami pushing their city somewhere else to avoid the devastation of hurricane irma circa,6yhz4k,0,images/6yhz4k.jpg
2275,i got hit on the arm during a paintball match and the bruise looks like a smiley,dh2d4t,1,images/dh2d4t.jpg
2276,this garlic bread,be89f2,1,images/be89f2.jpg
2277,martin luther king jr delivers his famous i have a dream speech,c1wvzu,0,images/c1wvzu.jpg
2278,russian president putin holding the olympic torch,1wzo4l,1,images/1wzo4l.jpg
2279,japanese pilots prepare to launch before the bombing of pearl harbor unedited,cb9xuo,0,images/cb9xuo.jpg
2280,gop establishment relieved after conventionally abhorrent beliefs make way onto presidential ticket,4t5kuj,0,images/4t5kuj.jpg
2281,not sure if this belongs here,b6mzca,0,images/b6mzca.jpg
2282,this gym used to be a church,9d85g3,1,images/9d85g3.jpg
2283,a shopping center made of shipping containers,bswx7e,1,images/bswx7e.jpg
2284,its a trap,7lbluh,0,images/7lbluh.jpg
2285,my university has copies of scientific american from the s,chj2l3,1,images/chj2l3.jpg
2286,this mcdonalds in taupo new zealand has seating inside an aeroplane,cc6u6e,1,images/cc6u6e.jpg
2287,sudden realization at a star trek interview,4y758s,1,images/4y758s.jpg
2288,found one of those spinning sunglasses displays yesterday,dckodr,0,images/dckodr.jpg
2289,man speaks out about beating his wife with a mcchicken sandwich,2o9np1,1,images/2o9np1.jpg
2290,the birth of a flower,9i5ffo,1,images/9i5ffo.jpg
2291,my eyes printed on my glasses after a hot shower,d9crse,1,images/d9crse.jpg
2292,a lemon gone bad op udromaeosauridae,1uv3hl,0,images/1uv3hl.jpg
2293,tortoise escape,1m03x9,1,images/1m03x9.jpg
2294,wikipedia logo,84ixvp,0,images/84ixvp.jpg
2295,this as above so below sculpture in someones yard,bxpvd4,1,images/bxpvd4.jpg
2296,the new york times apologizes for not recognizing photo of kel from good burger,2wduj8,1,images/2wduj8.jpg
2297,my younger sibling found a cheeto puff that resembles mew from pokemon,c1hyps,1,images/c1hyps.jpg
2298,a very displeased purple bill clinton from rfunny,1k3p5i,1,images/1k3p5i.jpg
2299,was greeted by this cool afro dude in my apartment complex hallway,bol62n,0,images/bol62n.jpg
2300,the putin hitting on his photographer,1b19vt,1,images/1b19vt.jpg
2301,irani cartoonist and womens rights defender atena farghadani freed after being sentenced to year imprisonment in,4huuk5,1,images/4huuk5.jpg
2302,infographics show why you will never be rich,7yoqoo,0,images/7yoqoo.jpg
2303,water from glass left a perfect pac man,bdd8a9,1,images/bdd8a9.jpg
2304,coast shack when ambien isnt enough,5e2thj,0,images/5e2thj.jpg
2305,how would you describe to any of the usacanada border,7y6rdw,0,images/7y6rdw.jpg
2306,sawdust is my cocaine oc,305ufh,0,images/305ufh.jpg
2307,a happy catfish,2279ex,1,images/2279ex.jpg
2308,st back to school ussr s,cyldsd,0,images/cyldsd.jpg
2309,dog peeking up from bathtub,3kyll2,1,images/3kyll2.jpg
2310,rough ride lawyer says fatally injured arrestee lacked belt re freddie gray case in baltimore md,33olz5,1,images/33olz5.jpg
2311,buzz aldrins many faces during trumps space speech,6l4kdc,1,images/6l4kdc.jpg
2312,this dogs reaction,64z5rn,1,images/64z5rn.jpg
2313,german soldier salutes superior stalingrad,8lr2o2,0,images/8lr2o2.jpg
2314,exclusive gloria allred now faces two bar investigations for alleged misconduct,6s8mu2,1,images/6s8mu2.jpg
2315,soviet antiurban environmental poster,de7nzg,0,images/de7nzg.jpg
2316,ostrich laying down in a field,1uenaq,0,images/1uenaq.jpg
2317,the way this barbershop informs us there are no more walkins for the day,c1plov,1,images/c1plov.jpg
2318,is this is her first time today,9i4zzb,0,images/9i4zzb.jpg
2319,stratosphere armament,7g4j2a,0,images/7g4j2a.jpg
2320,this kid hitting a pinata,64je2e,1,images/64je2e.jpg
2321,i had no idea what i was getting into on my wedding day,8q0p3g,0,images/8q0p3g.jpg
2322,two purple ducks sitting inside stick,7bzan5,0,images/7bzan5.jpg
2323,abused pit bull finds new home with loving family,2k63x1,1,images/2k63x1.jpg
2324,the pillows at my hotel are embroidered with their level of firmness,djxfn8,1,images/djxfn8.jpg
2325,youre just a happy little shit arent ya,8ftifl,0,images/8ftifl.jpg
2326,wannabe stripper sues strip club claiming she lost her thumb rehearsing for gstring competition,18gghs,1,images/18gghs.jpg
2327,this mcdonalds sign in the middle of nowhere there isnae even a house within km or so only an old castleish property and that burnt down a month ago,9jmdyj,1,images/9jmdyj.jpg
2328,missing dog kaiser reunited with massachusetts family after months,art7fc,1,images/art7fc.jpg
2329,this vincent van squirrel dog toy has a warning if it loses an ear,9cemt8,1,images/9cemt8.jpg
2330,zac efron doing a hand stand on robert deniros forearm,3w5hez,1,images/3w5hez.jpg
2331,space force prepares to engage umm,98tcpd,0,images/98tcpd.jpg
2332,gchq will have to start letting everyone know whether or not theyve been illegally spied on,2w8p2l,1,images/2w8p2l.jpg
2333,theres a ghost in my bunnys head,bc934f,0,images/bc934f.jpg
2334,trump brexit not good enough uk needs wall,4pqoq7,0,images/4pqoq7.jpg
2335,evil emmentaler,1igg0i,0,images/1igg0i.jpg
2336,a screaming face in a girls stomach,18ncgo,0,images/18ncgo.jpg
2337,happy happy happy,6pl0h4,0,images/6pl0h4.jpg
2338,avenging georgies death circa,cj07q1,0,images/cj07q1.jpg
2339,the best thing steve bannon has ever said,6ovjoi,0,images/6ovjoi.jpg
2340,solitary dog toy,4cudv3,1,images/4cudv3.jpg
2341,a bored dog on a washer,6yqhvk,1,images/6yqhvk.jpg
2342,the ball can also get lost in virtual bowling,d7phjd,1,images/d7phjd.jpg
2343,republicans maleonly fundraiser invite tell the misses not to wait up,2fkk3t,1,images/2fkk3t.jpg
2344,umiles withdrawal,73bc5t,0,images/73bc5t.jpg
2345,hooded snek doin a chomp,890dhd,0,images/890dhd.jpg
2346,gov abbott appoints homeschool mom to chair state board of education,3b5vbg,1,images/3b5vbg.jpg
2347,these pocket vibrators are rebranded as nsfw versions of popular candy bars,dgxp07,1,images/dgxp07.jpg
2348,steak park,84vbbi,0,images/84vbbi.jpg
2349,you betcha it is minnesota,bm9wr2,1,images/bm9wr2.jpg
2350,clydesdales keep nursing home residents company and bring back happy memories,9glg3n,1,images/9glg3n.jpg
2351,dude tries to protect his nachos during baseball game,72khco,1,images/72khco.jpg
2352,popular new amazon service just comes to your house and kills you,7954bm,0,images/7954bm.jpg
2353,my favorite thing a random trainer says in any of the cases smslifesavers arrived before ambulances and started providing cpr,39dhhp,0,images/39dhhp.jpg
2354,katy perry orders crates of tennents lager to be sent to la after acquiring taste for scots tipple,26x9i4,1,images/26x9i4.jpg
2355,man charged in atomic wedgie death sentenced to years,3e2zxj,1,images/3e2zxj.jpg
2356,lawyer moves court against aamir says pk poster incites sexual violence,2cf7as,1,images/2cf7as.jpg
2357,chips and salsa worth stolen from exeter storage unit,1cm0hy,1,images/1cm0hy.jpg
2358,obama takes over as the th president of the united states circa,ble18e,0,images/ble18e.jpg
2359,iranian iraniraq war from magazine namakdoon ca,dh0o2f,0,images/dh0o2f.jpg
2360,labour parties selftitled,cemc0b,0,images/cemc0b.jpg
2361,this dramatic end to a jousting tournament at the arizona renaissance festival,26rhiv,1,images/26rhiv.jpg
2362,kid cannabis fuck off,5qiqmy,0,images/5qiqmy.jpg
2363,the happy gloves of lewis hamilton,2h1q21,0,images/2h1q21.jpg
2364,karl marx arrested in brussels,bc0sdl,0,images/bc0sdl.jpg
2365,my icecream was happy to see me,14quyi,0,images/14quyi.jpg
2366,soviet soldiers rescue victims from nazi extermination camps lenin museum mural bishkek kyrgyzstan s,cq3tzc,0,images/cq3tzc.jpg
2367,this girl holding the hand of a standing cutout of rick,6aykwf,1,images/6aykwf.jpg
2368,monkey builds up power and aims for the past and create a new american future,4zeh5v,0,images/4zeh5v.jpg
2369,take care of the first time,a2h7jr,0,images/a2h7jr.jpg
2370,reverse osmosis desalination plant in barcelona spain,3rh5v7,1,images/3rh5v7.jpg
2371,alice cooper love it to death,b1rp81,0,images/b1rp81.jpg
2372,this cloud looks like a creepy skull,61h3bd,0,images/61h3bd.jpg
2373,the sixies people suck,b0scxs,0,images/b0scxs.jpg
2374,ku klux klan gathering mob to kill two young men,84amk8,0,images/84amk8.jpg
2375,antipiracy group hits indie creators for using the word pixels,3g8g17,1,images/3g8g17.jpg
2376,maine lobstermen rescue seal pup trapped in net,6o1l8u,1,images/6o1l8u.jpg
2377,kjopt trygt kjott kjapt kjop billig,81iupf,0,images/81iupf.jpg
2378,interview with the cancer patient matt kemp gave his hat jersey and spikes to,1e0ma5,1,images/1e0ma5.jpg
2379,texas senior with spina bifida voted homecoming queen,3mglax,1,images/3mglax.jpg
2380,this drunk man,ck01b7,1,images/ck01b7.jpg
2381,bosnian woman running from serbian soldier trying to rape her bosnia and herzegovina circa,5t57lm,0,images/5t57lm.jpg
2382,an office i was visiting had on display a trillion dollar bill zimbabwe,au4485,1,images/au4485.jpg
2383,this grinning staircase at versailles,bignvg,1,images/bignvg.jpg
2384,crazy looking moth i found,cnsltn,1,images/cnsltn.jpg
2385,my smoke spot today,6gdto7,0,images/6gdto7.jpg
2386,bag of decapitated goats found on long island,3b85xk,1,images/3b85xk.jpg
2387,new gawker will be percent nicer denton tells staff,3eg6s0,1,images/3eg6s0.jpg
2388,whites are more confident than ever that their local police treat blacks fairly,2ouv2d,1,images/2ouv2d.jpg
2389,stephen paddock moments before opening fire on a group of concertgoers rd,74fok9,0,images/74fok9.jpg
2390,immigrant child escapes florida detention center hides in auto shop report,9304xl,1,images/9304xl.jpg
2391,school on wheels is headed to us mexico border to help migrant caravan,cc68sb,1,images/cc68sb.jpg
2392,thumbs up pho,37tdkl,0,images/37tdkl.jpg
2393,its so dark in this restaurant that the menus are illuminated,az974z,1,images/az974z.jpg
2394,this almost almost twostory tall icicle outside my wife and is bedroom window,ayjfkz,1,images/ayjfkz.jpg
2395,seagull perched on a railing,9fh2oj,0,images/9fh2oj.jpg
2396,notice this ac unit experiences a wide range of emotions,uixwa,0,images/uixwa.jpg
2397,ultrathin woman models glasses from victoria beckhams spring summer collection,7qn41f,1,images/7qn41f.jpg
2398,old man in school uniform,26dgpt,1,images/26dgpt.jpg
2399,this couch in the middle of a frozen pond,bhon6c,1,images/bhon6c.jpg
2400,searching for jesus,a2htwt,0,images/a2htwt.jpg
2401,remember these self titled,b0xca7,0,images/b0xca7.jpg
2402,this kid with a moutful,6qcmu0,1,images/6qcmu0.jpg
2403,genetics company offers free breast cancer genetic screening of all yearold women in local community,3fwmju,1,images/3fwmju.jpg
2404,this phallic shaped mushroom i found in my morning hike,btpx5u,1,images/btpx5u.jpg
2405,this staple was not impressed by my efforts to rip him out,1k0zp9,0,images/1k0zp9.jpg
2406,whole new world ku klux klan welcomes hispanics africanamericans in effort to rebrand organization,2lzs70,1,images/2lzs70.jpg
2407,fallen soldier dies on the battlefield,bf44r4,0,images/bf44r4.jpg
2408,my poster decided to stay stuck to the wall after i took the pins keeping it up out,cdasf0,1,images/cdasf0.jpg
2409,adelie penguins diving off an iceberg on the antarctic peninsula,4s33x3,1,images/4s33x3.jpg
2410,thicc mini cheddar,cjur9i,1,images/cjur9i.jpg
2411,togaparty well im the only one here,8hae10,0,images/8hae10.jpg
2412,mall santa eases nerves of boy with autism by playing on the floor with him,3vgicd,1,images/3vgicd.jpg
2413,smiling clown courtesy of maybach demuro,bhqrrj,0,images/bhqrrj.jpg
2414,these bunk beds and a teddy bear,2nlmn1,1,images/2nlmn1.jpg
2415,dolphins have wifi eyes,ddvmsi,1,images/ddvmsi.jpg
2416,serious reactions to childhood vaccines are rare says study,29nii1,1,images/29nii1.jpg
2417,american forces attempting to find and capture osama bin laden circa,95zp54,0,images/95zp54.jpg
2418,this little book from,bvbk6t,1,images/bvbk6t.jpg
2419,japanese curry chain goes the extra mile to make former employees wedding special,cemenq,1,images/cemenq.jpg
2420,operation dlist,7a89ro,1,images/7a89ro.jpg
2421,could you please spare a tissue ive got a runny nose,6m0e1s,0,images/6m0e1s.jpg
2422,rare photo of an octopus in the wild,75kqse,0,images/75kqse.jpg
2423,eavesdropping new barbie has parents group worried,2z0xof,1,images/2z0xof.jpg
2424,which new orleans saints leaders face would you carve into the side of a mountain,20viph,1,images/20viph.jpg
2425,oprah donates million to help minority students succeed in college,dbcjla,1,images/dbcjla.jpg
2426,man needs verbal assurance that hand stamp will get him back in,2ayz4h,0,images/2ayz4h.jpg
2427,cnn new york times other media barred from white house briefing,5w21us,1,images/5w21us.jpg
2428,tv static,3yfklm,0,images/3yfklm.jpg
2429,posted by yes scotland campaign group in response to news that all three main uk political party leaders are travelling north to support the union,2fxzdi,0,images/2fxzdi.jpg
2430,futurama opening titles,by5j0q,0,images/by5j0q.jpg
2431,discovered underground railroad thought to be used by harriet tubman when liberating the slaves from the south,cpmyyg,0,images/cpmyyg.jpg
2432,the road runner came to my jumper in a water stain form,9ebcpk,1,images/9ebcpk.jpg
2433,george w bush declaring war on iraq,921e1w,0,images/921e1w.jpg
2434,anti religion poster in ussr date unknown,7v91wd,0,images/7v91wd.jpg
2435,saw a demon clown in my bed frame,253lv1,0,images/253lv1.jpg
2436,plymouth woman woke up sounding chinese,1loa6x,1,images/1loa6x.jpg
2437,the cia is sending mujahideen called dushman enemy in the afghan language dari into afghanistan the contras into nicaragua and spreading canards through radio liberty deutsche welle and other radio purveyors of antisovietism s cold war poster,1i3hlh,0,images/1i3hlh.jpg
2438,ohio teen zaps cop with stun gun to fulfill bucketlist wish,5r13ec,1,images/5r13ec.jpg
2439,this utah woman was charged for being topless in her own home,ddbg3f,1,images/ddbg3f.jpg
2440,small baggies of dank kush,8v2ads,0,images/8v2ads.jpg
2441,the way this remote looks like it was photoshopped onto sand dunes,b5jiww,1,images/b5jiww.jpg
2442,the way nature is slowly taking over this power line,cjme0s,1,images/cjme0s.jpg
2443,this dog sitting next to his computer,8kwbqw,1,images/8kwbqw.jpg
2444,man with tray of hotdogs,6rgzjt,1,images/6rgzjt.jpg
2445,after loosing lbs rebel wilson actually looks gorgeous,5da4z2,0,images/5da4z2.jpg
2446,oc ink blob test territory pareidolia ill say what i think i see in the comments interested in what you think,byey1b,0,images/byey1b.jpg
2447,these ants thought that my doorphone camera would make a nice nursery,bkl9tr,1,images/bkl9tr.jpg
2448,this donation box lets you donate with card,b7lyl1,1,images/b7lyl1.jpg
2449,floating model,bq3xzg,0,images/bq3xzg.jpg
2450,germany reaches deal with spain to return refugees,95nneg,1,images/95nneg.jpg
2451,fox with cicle,93ac2f,1,images/93ac2f.jpg
2452,mildly mc escher,bx7euc,1,images/bx7euc.jpg
2453,these gender neutral restrooms,d9rupk,1,images/d9rupk.jpg
2454,its watching my every mouthful,1zincf,0,images/1zincf.jpg
2455,this curly haired pig with its tongue out,6pvliq,1,images/6pvliq.jpg
2456,we preview liverpool v porto spurs v city,bb627d,0,images/bb627d.jpg
2457,this bathroom for everyone,9e8f3g,1,images/9e8f3g.jpg
2458,these four leaf clovers i found,azicda,1,images/azicda.jpg
2459,peshmerga artillery kills wounds dozens of armored vehicles will participate in chinas export drop,5qgprc,0,images/5qgprc.jpg
2460,alien ends flint water crisis michigan,7mqhd3,0,images/7mqhd3.jpg
2461,found this in my social studies class,d8wn1b,0,images/d8wn1b.jpg
2462,confusing concert,64gq98,0,images/64gq98.jpg
2463,watching the olympics,4wjplq,1,images/4wjplq.jpg
2464,forest,3uuarl,1,images/3uuarl.jpg
2465,my dumplings sauce dispersal system,cm14la,1,images/cm14la.jpg
2466,working on a vehicle and spotted this happy face looking back at me,4chz2f,0,images/4chz2f.jpg
2467,water bottle looks like transformer,82b1ts,0,images/82b1ts.jpg
2468,georgia cities protect lgbtq rights,cce6tn,1,images/cce6tn.jpg
2469,heres how many black people have been killed by police since colin kaepernick began protesting,53qgu5,0,images/53qgu5.jpg
2470,this wall seems unhappy about something,6mmsv3,0,images/6mmsv3.jpg
2471,still from kenneth angers infamous short film lucifer rising,7trjt5,0,images/7trjt5.jpg
2472,excellentall going as planned pic,8ktis,1,images/8ktis.jpg
2473,dog looking up,63z0ob,1,images/63z0ob.jpg
2474,chinas president xi jinping receives a letter of praise from donald trump circa th,dgf5vw,0,images/dgf5vw.jpg
2475,king leonidas and his remaining spartan forces during the battle of thermopylae last stand bc,82dpz1,0,images/82dpz1.jpg
2476,this mutant strawberry,b9mu6l,1,images/b9mu6l.jpg
2477,a soldier cries out for help after being shot during the brazilian war of independence,8vkm9w,0,images/8vkm9w.jpg
2478,man arrested for punching darth vaders wife in the face,11msld,1,images/11msld.jpg
2479,am i doing it right this is the first post here,b4eix9,0,images/b4eix9.jpg
2480,biohazard forced to write about only specific parts of brooklyn,2iaqs9,1,images/2iaqs9.jpg
2481,virgin horizons,6r5le5,0,images/6r5le5.jpg
2482,hardy soldiers traverse the jungles of vietnam watching out for the vietcong,b0sksd,0,images/b0sksd.jpg
2483,newly finished sculpture the thinker unveiled circa,87emi6,0,images/87emi6.jpg
2484,some kid with awful frosted tips,2a5pa1,0,images/2a5pa1.jpg
2485,karl pilkington sitting down,6eygl9,1,images/6eygl9.jpg
2486,kendall graveman throws mlbs th imperfect game,8fh5uc,0,images/8fh5uc.jpg
2487,this levitating female thai weightlifter,2hdl6n,1,images/2hdl6n.jpg
2488,the sky was a literal rainbow last night,bfqlv0,1,images/bfqlv0.jpg
2489,more than in california are already without power in effort to curb wildfire risk,dfhpnf,1,images/dfhpnf.jpg
2490,jack ryan boarding the red,ddw2ay,0,images/ddw2ay.jpg
2491,stable genius the broken link,7omstf,0,images/7omstf.jpg
2492,man who went missing months ago was entirely consumed by his own dogs says sheriff,cc19et,1,images/cc19et.jpg
2493,someones butt inprint on this suede chair,aydx03,1,images/aydx03.jpg
2494,danger wet floor is deadly,8t1tg5,0,images/8t1tg5.jpg
2495,watchman what of the night british conservative party poster,8vu55n,0,images/8vu55n.jpg
2496,waverley paddle steam ship with the scottish highlands in the background,2r11hn,1,images/2r11hn.jpg
2497,singing janitor puts smiles on the faces at mountain view hell do the same for you,65eqp4,1,images/65eqp4.jpg
2498,yoga poses,3e2eh5,0,images/3e2eh5.jpg
2499,first robot turns agains his owner,9g8v2y,0,images/9g8v2y.jpg
2500,recycling food waste a precinct in melbourne australia reduces rubbish by,4ngbjj,1,images/4ngbjj.jpg
2501,year old kid uses dd monster manual to help his scientist father do research and is now listed as first author on the published paper on the findings,12eked,1,images/12eked.jpg
2502,a fat football fan in a luchador mask,1kymn4,1,images/1kymn4.jpg
2503,this dog at the computer with glasses,95i237,1,images/95i237.jpg
2504,emblem broke off my car it has off road machined in the back but not visible from the front,c2zoey,1,images/c2zoey.jpg
2505,jennifer connelly fumbles something,2w5ny8,1,images/2w5ny8.jpg
2506,a drone helped rescue four people stranded in a flood,36la1n,1,images/36la1n.jpg
2507,kuwait thinks its gaydar is good enough to ban gays from the country,1nydrn,1,images/1nydrn.jpg
2508,traffic signs wearing yellow vests in paris during mouvement des gilets jaunes,clk2ce,1,images/clk2ce.jpg
2509,this popsicle stick has an area to collect drippings and a straw to drink them,b7ut2e,1,images/b7ut2e.jpg
2510,an abandoned airfield,31zvqz,1,images/31zvqz.jpg
2511,first transgender man to be accepted into the lumber workers industrial union circa,62t4w0,0,images/62t4w0.jpg
2512,yugoslavia poster celebrating the building of the highway of brotherhood and unity,2a1s8q,0,images/2a1s8q.jpg
2513,girl with pink pants walking through a tunnel,29itgd,0,images/29itgd.jpg
2514,chicken egg with a weird bulge,cbspwr,1,images/cbspwr.jpg
2515,blowing a raspberry,cn8bda,0,images/cn8bda.jpg
2516,post eucd meme rebellion headquarters circa,9fvwzv,0,images/9fvwzv.jpg
2517,year old yoga teacher shares her best tips for feeling happy peoplecom,50l3kq,1,images/50l3kq.jpg
2518,former rep mark sanford discusses potential run as a republican against trump,cegm7y,1,images/cegm7y.jpg
2519,my hotel room comes with a complimentary android phone with free data and calls,cn1tgz,1,images/cn1tgz.jpg
2520,poor guy,1tc0qc,0,images/1tc0qc.jpg
2521,american gothic kid,35m97i,1,images/35m97i.jpg
2522,more production cable corporation poster,bemntu,0,images/bemntu.jpg
2523,uber doggo,btwrzv,0,images/btwrzv.jpg
2524,a rubber band hit my hand and it made the nike swoosh,bt5blc,1,images/bt5blc.jpg
2525,nature finds a wayon my front steps,crc2sp,1,images/crc2sp.jpg
2526,dem slams gop with a tsu,36ucop,1,images/36ucop.jpg
2527,the roads in japan turn white when it rains,dhlv6j,1,images/dhlv6j.jpg
2528,a happy couple,20xx9f,0,images/20xx9f.jpg
2529,if they would like itreport it usa ww,db8knl,0,images/db8knl.jpg
2530,testicle size link to father role,1m3h46,1,images/1m3h46.jpg
2531,happy easter,8stllu,0,images/8stllu.jpg
2532,a drop of alfredo sauce suspended within a drop of oil suspended within a cup of alfredo sauce,cyft8m,1,images/cyft8m.jpg
2533,ariel view of the battle of stalingrad,634ow9,0,images/634ow9.jpg
2534,this handpainted flower car,cnde1j,1,images/cnde1j.jpg
2535,the world learning about the rms titanic,9ejnwq,0,images/9ejnwq.jpg
2536,veterans helping homeless veterans,5crrs2,1,images/5crrs2.jpg
2537,today i found some of my dads old track tapes at my grandparents house,dflm92,1,images/dflm92.jpg
2538,lead level in flint water has fallen below federal limit,5pyuyh,1,images/5pyuyh.jpg
2539,happy tower,880zmz,0,images/880zmz.jpg
2540,awkward protest scene,1k2fp3,1,images/1k2fp3.jpg
2541,deg cant t r o nt t r deg gais i am not gud wid head snake halp mr skeltal volt bauy,3m6oh0,0,images/3m6oh0.jpg
2542,mindblown,ptcom,0,images/ptcom.jpg
2543,illinois gov jb pritzker seeks to legalize marijuana sports bet,aukfuc,1,images/aukfuc.jpg
2544,springsteen tribute band drops out of inauguration,5ol5k8,0,images/5ol5k8.jpg
2545,striptease shows the highlight of rural funerals,34e31d,1,images/34e31d.jpg
2546,black widow spider with the remains of her mate,d3au3t,1,images/d3au3t.jpg
2547,anthony weiner sends apology sext to entire clinton campaign,5ahagp,0,images/5ahagp.jpg
2548,george w bush being an artist,2oew9q,1,images/2oew9q.jpg
2549,chindildo face in my bathroom,1en18s,0,images/1en18s.jpg
2550,two aos si attempt to kidnap a human child to replace it with a changeling ad,byfcr4,0,images/byfcr4.jpg
2551,ranodon time for a shortcut,37fojd,0,images/37fojd.jpg
2552,the cat on my necklace is sitting in the chair on my shirt,c1p6fk,1,images/c1p6fk.jpg
2553,theory of evolution,ay3eos,0,images/ay3eos.jpg
2554,a crab on a beach,19z5hi,1,images/19z5hi.jpg
2555,was behind this guy on my way to work,4bmk04,0,images/4bmk04.jpg
2556,two masked carnival dancers resting before the parade,44z1ls,1,images/44z1ls.jpg
2557,lip ring,1rhw2r,0,images/1rhw2r.jpg
2558,this painting looks like firefox logo wrapped around the chrome logo,cyq19p,1,images/cyq19p.jpg
2559,not happy after being cut,9875zh,0,images/9875zh.jpg
2560,i was doing dishes and this happened,dfrxwm,1,images/dfrxwm.jpg
2561,an interesting maternity photoshoot,clovu6,0,images/clovu6.jpg
2562,uber plans to launch boat taxis in nigerias biggest city,cac5sh,1,images/cac5sh.jpg
2563,the pattern on my dogs chest looks like a cat mid sneeze,bhvoco,0,images/bhvoco.jpg
2564,the snake that lives in my birdhouse,aylw0t,1,images/aylw0t.jpg
2565,the greenhouse conspiracy more than life itself,4eugp6,0,images/4eugp6.jpg
2566,vanilla fudge ice cream links burglar to crimes,2ayn3u,1,images/2ayn3u.jpg
2567,closeup macro photograph of an insect face,8fj56p,1,images/8fj56p.jpg
2568,beast on the loose,1wruiy,1,images/1wruiy.jpg
2569,the alcohol and glasses on the top shelf look like a hologram,baa8ad,1,images/baa8ad.jpg
2570,my dad was put on life support today he left me one last laugh diesel grease on his trucker working hand,530pra,0,images/530pra.jpg
2571,the partnership that led to expensive books,bxlx5i,0,images/bxlx5i.jpg
2572,peoples thexthiath man alive,damdz70,0,images/damdz70.jpg
2573,my friend took this picture using lighting from a knife attack in new york,3ca7q5,0,images/3ca7q5.jpg
2574,pug getting away with something,1ndxty,1,images/1ndxty.jpg
2575,happy birthday bob barker the price is right host on how hed like to be remembered,5ic4ei,0,images/5ic4ei.jpg
2576,tiny man lifting giant whisk,4bi30e,1,images/4bi30e.jpg
2577,devo freedom of choice,b6qkvt,0,images/b6qkvt.jpg
2578,this relaxed dog,5aphjg,1,images/5aphjg.jpg
2579,japan dolphinkilling town to open marine park,1nwdll,1,images/1nwdll.jpg
2580,this dog playing with its horse,aym8v2,1,images/aym8v2.jpg
2581,found mask next to bloody womens clothing bundled next to a wall last night,9g35px,1,images/9g35px.jpg
2582,small gaggle of klan members making sure they havent recieved any dark chocolate,6c6eqe,0,images/6c6eqe.jpg
2583,guinness record holder dies tragically while repeating stunt,1dcfl4,1,images/1dcfl4.jpg
2584,the fate of jfks sister,8tg17w,0,images/8tg17w.jpg
2585,the american civil rights act is passed into law,c67v9c,0,images/c67v9c.jpg
2586,hundreds of crashes as las vegas gets rain,1rbqum,1,images/1rbqum.jpg
2587,request hugo gernsbacks television goggles from rretrofuturism,83en0c,0,images/83en0c.jpg
2588,universal soul bridge to infinity,6z5cgh,0,images/6z5cgh.jpg
2589,a blind microsoft developer has created an app to help him see the world,4cmumx,1,images/4cmumx.jpg
2590,inside the cell paeridouli,bigr7i,0,images/bigr7i.jpg
2591,this model guy,274rw3,1,images/274rw3.jpg
2592,amazing usb vibrator,98995y,0,images/98995y.jpg
2593,hermann fegelein salutes the fuhrer one last time before being executed in berlin germany,9cbcdi,0,images/9cbcdi.jpg
2594,get your dream ill battle this,41h84a,0,images/41h84a.jpg
2595,toddler at hooters for the first time,71323b,1,images/71323b.jpg
2596,rac try not to shake it so tenderly,5cx6eu,0,images/5cx6eu.jpg
2597,someone told me you guys would like my photo,1xqka5,0,images/1xqka5.jpg
2598,top up trillion bottom down billion,c0phee,1,images/c0phee.jpg
2599,this is why there are a ton of crushed rocks between train tracks,56lhu9,0,images/56lhu9.jpg
2600,this waterboy wrap on my local tire shops water fountain,ci5qpt,1,images/ci5qpt.jpg
2601,nasty ftlong parasitic guinea worms that cause dracunculiasisa searing blister are on the cusp of being wiped from the planet if this happens dracunculiasis will be the second human disease eradicated globally,87khv2,1,images/87khv2.jpg
2602,gaza faces severe crisis amid power plant shutdown,65nzu4,1,images/65nzu4.jpg
2603,weve done it before lets do it again young cancer patient asks for mail on his th birthday sept,2g83t0,1,images/2g83t0.jpg
2604,aliens are enormous science suggests,31nxso,1,images/31nxso.jpg
2605,uncle dan plants,7j6m30,0,images/7j6m30.jpg
2606,check out this sweet aquarium,8nbrie,0,images/8nbrie.jpg
2607,this giant dead lonely tree,d9s28s,1,images/d9s28s.jpg
2608,this tiny sharpie,ciy461,1,images/ciy461.jpg
2609,just suck the snot right out,cvjr8f,1,images/cvjr8f.jpg
2610,was looking for a fork when suddenly,1efy99,0,images/1efy99.jpg
2611,doctor jam bend over and relax,cp8oza,0,images/cp8oza.jpg
2612,i use a knob creek bourbon pen and today i went to a service call on knob creek drive,axm716,1,images/axm716.jpg
2613,ted cruz assures new hampshire child that the world is on fire,2z9391,1,images/2z9391.jpg
2614,cheap gas and unseasonably mild weather across the country could be behind one of the largest holiday travel surges in recent years,3xg75p,1,images/3xg75p.jpg
2615,i like you,35wgmi,0,images/35wgmi.jpg
2616,new breakthrough pill could cure tinnitus,c2n1dl,1,images/c2n1dl.jpg
2617,im a hippo nomnomnom,4co9wo,0,images/4co9wo.jpg
2618,man with a concealed weapon accidentally shoots two people at high school graduation ceremony after adjusting his sock,4jlwc8,1,images/4jlwc8.jpg
2619,ice to see you,3j9mb6,0,images/3j9mb6.jpg
2620,my cats most preferred spot is on top of a pizza box,b8j7am,1,images/b8j7am.jpg
2621,leaked b bomber added to call of duty,8fbu8p,0,images/8fbu8p.jpg
2622,move over apple amazon marijuana is coming to the nasdaq,80f14h,1,images/80f14h.jpg
2623,cops deploy stingray antiterror tech against chickenwing thief,4hyvsw,1,images/4hyvsw.jpg
2624,good b o y e heckin mutant,6hq6w9,0,images/6hq6w9.jpg
2625,then put a camera and capturing this last full mosaic of saturn and its damage as pictured on sol th,83dn4d,0,images/83dn4d.jpg
2626,this coffee shop in colombia has a map where visitors place a pin on where they come from,arr2er,1,images/arr2er.jpg
2627,in my own dream misfits,5sxed5,0,images/5sxed5.jpg
2628,the way the paint is worn off the wall under this air powered hand dryer,bhl6sd,1,images/bhl6sd.jpg
2629,year old spends afternoon cleaning up vandalism,5zf0ov,1,images/5zf0ov.jpg
2630,boynton police officer host book drive deliver books to children,5zpx4y,1,images/5zpx4y.jpg
2631,trilingual sexual against hitler and mussolini wwii circa,2qlvvb,0,images/2qlvvb.jpg
2632,say no to me something to fight for,889ahl,0,images/889ahl.jpg
2633,my dad right and my uncle left having a good time in i cherish this picture because they havent spoken in decades due to a family altercation,82b5vz,0,images/82b5vz.jpg
2634,the dangerous texting slang all parents should know,6gi1f6,0,images/6gi1f6.jpg
2635,woman with kangaroo service animal asked to leave mcdonalds following complaint,2uo5wb,1,images/2uo5wb.jpg
2636,michigan attorney general bill schuette ups the ante in flint water crisis with new manslaughter charges,6hdftw,1,images/6hdftw.jpg
2637,these ladybugs on a feather in some water,8coh7k,1,images/8coh7k.jpg
2638,martha newly crowned as worlds ugliest dog finds a home in sonoma county,6kb6r3,1,images/6kb6r3.jpg
2639,kid jumping upside down in the gaza strip,2ig0pk,1,images/2ig0pk.jpg
2640,impressive splits for a bride with very long legs,8fauzs,0,images/8fauzs.jpg
2641,i received brand new consecutive bank notes today,cnx4bw,1,images/cnx4bw.jpg
2642,facekini is the newest trend in skin protection,2e7d4q,1,images/2e7d4q.jpg
2643,this wolf playing with a woman,8bgev5,1,images/8bgev5.jpg
2644,nazi general about to shoot a soldier who refuses to shoot his fellow soldiers for fleeing circa,901pta,0,images/901pta.jpg
2645,husband surprises wife with a flash mob choir for their th anniversary,5iy2fv,1,images/5iy2fv.jpg
2646,a coral snake slithering through the grass,3v1dy1,0,images/3v1dy1.jpg
2647,this cat with milk in its bowl,2sh3rb,1,images/2sh3rb.jpg
2648,michael cohen,90kx25,1,images/90kx25.jpg
2649,one of my favorite pics of my son when he was a baby makes me laugh every time i look at it,1jaya5,1,images/1jaya5.jpg
2650,dog falls on his face,24gff3,1,images/24gff3.jpg
2651,watermelon looks like fresh cut salmon,dk7sx3,0,images/dk7sx3.jpg
2652,prince william comforts young child talks losing his mummy too,5ng47n,1,images/5ng47n.jpg
2653,utah lawmaker calls for end of compulsory education,1ik4sc,1,images/1ik4sc.jpg
2654,go forth that way young lad oc,7343u6,0,images/7343u6.jpg
2655,i got a siamese worm not sure if this is interesting tho,avkvnh,1,images/avkvnh.jpg
2656,no jail time for yearold in idaho coathanger assault case,5xqcfl,1,images/5xqcfl.jpg
2657,this deteriorating bill i found walking home,b7dxk1,1,images/b7dxk1.jpg
2658,julian assange arrested after hiding in ecuadors embassy for years,bc1myx,0,images/bc1myx.jpg
2659,theres something about this thats so black its like how much more black could this pencil be and the answer is none none more black,bxszsa,1,images/bxszsa.jpg
2660,in light of recent events i thought id watch pros playing game of life,3pq2gh,0,images/3pq2gh.jpg
2661,this part of the elevator looks like a cheetahbeaver thing,2ercvx,0,images/2ercvx.jpg
2662,this sunspot is grinning,2if39n,0,images/2if39n.jpg
2663,cosplay,crlhd3,0,images/crlhd3.jpg
2664,disney announces the star wars that we all really want,brycn3,0,images/brycn3.jpg
2665,this lounging cat,bp7ldy,1,images/bp7ldy.jpg
2666,they finally got to play outside after a long and cold winter,22smah,1,images/22smah.jpg
2667,my parents have an interesting tree,948s8h,0,images/948s8h.jpg
2668,this grape has its steam frowning out the side,ddoa5t,1,images/ddoa5t.jpg
2669,captain america is exactly like dupree from you me and dupree also iron man is like dupree hulk too and black panther is dupree as well questions with chris evans,8jmlkx,0,images/8jmlkx.jpg
2670,willy wonka demonstrates fizzy lifting drink worlds fair,d3evu1,0,images/d3evu1.jpg
2671,police woman slashes face of boyfriends dead girlfriend at funeral home,357dom,1,images/357dom.jpg
2672,this miniature shopping cart i bought at daiso,as4dk8,1,images/as4dk8.jpg
2673,reddit user begs for life before being taken away by normie police,axycut,0,images/axycut.jpg
2674,this guys had it with your bullshit,88h0al,0,images/88h0al.jpg
2675,an eyeball outside of a head,2a1nll,0,images/2a1nll.jpg
2676,news not messing around jk rowling just threatened to write a short story where harry potter drowns in a septic tank at woodstock if fans dont do something big for her birthday,5yn3th,0,images/5yn3th.jpg
2677,you still not a member of a cooperative enrol now,94r3in,0,images/94r3in.jpg
2678,he looks so happy despite the pain,1c5bhd,0,images/1c5bhd.jpg
2679,such an infectious smile,52vufn,0,images/52vufn.jpg
2680,childrens heart foundation go out and screw up youre going to anyway,3jrlvv,0,images/3jrlvv.jpg
2681,my father eating in russia,2x992w,1,images/2x992w.jpg
2682,a doggo with no back leggos,ccvpm1,0,images/ccvpm1.jpg
2683,sean connery pussyfooting around on the death star model in a suit in s nyc,5umv6q,0,images/5umv6q.jpg
2684,conjoined cherry doubles,bq6x2w,1,images/bq6x2w.jpg
2685,wrappers for reeses pb cup,d21o3t,1,images/d21o3t.jpg
2686,forbidden doughnuts,897ik9,0,images/897ik9.jpg
2687,marvels the avengers infinity war,9tad4q,0,images/9tad4q.jpg
2688,california cop accused of tickling tampering with corpse of man killed by police,32d0p3,1,images/32d0p3.jpg
2689,taking a nap,8un73y,0,images/8un73y.jpg
2690,this soccer player with no arms,dc1riq,0,images/dc1riq.jpg
2691,someone put eggshells on this plant,9ixc3f,1,images/9ixc3f.jpg
2692,us installed mine field warning in tajikistan near the afghanistan border pamir highway sept,dd10in,1,images/dd10in.jpg
2693,a rescue dogs smile proved evidence enough,bayw3r,0,images/bayw3r.jpg
2694,ford of india in hot water for figo celebrity bondage ads,1awj3m,1,images/1awj3m.jpg
2695,not everyone is sad in a monday morning,d4zf3a,0,images/d4zf3a.jpg
2696,president of the reichstag herman goring gets lost and leads the wrong country,d4e2l0,0,images/d4e2l0.jpg
2697,space invaders are coming,d6cg3h,0,images/d6cg3h.jpg
2698,this dagger shaped lighter my uncle has,dakbwu,1,images/dakbwu.jpg
2699,vancouver based coffee shop chain volunteers to join their toronto offices in minimum wage increase,7qfz1n,1,images/7qfz1n.jpg
2700,swarm selftitled,ccx9q3,0,images/ccx9q3.jpg
2701,washing up water flint michigan,762kgm,0,images/762kgm.jpg
2702,baguette wouldnt fit in my backpack so i put a cup on the top and zipped up my bag to keep it protected,cqgiz3,1,images/cqgiz3.jpg
2703,this stack of magazines dating back to in my doctors office,d3uktu,1,images/d3uktu.jpg
2704,church ordered to stop giving homeless people a warm place to stay in freezing cold weather,21f35a,1,images/21f35a.jpg
2705,why just why,crfr3n,1,images/crfr3n.jpg
2706,two connected pepper plants,c7ajgf,1,images/c7ajgf.jpg
2707,josh peck trying to touch the tip of the louvre,493r5j,1,images/493r5j.jpg
2708,freddie mercury and his mom,7ess0k,1,images/7ess0k.jpg
2709,this stream of water coming out of a brick structural support,au0lg3,1,images/au0lg3.jpg
2710,headmaster accused of owning goblins ordered to leave school,21oiyg,1,images/21oiyg.jpg
2711,pennsylvania lawmaker prays god forgive us before swearing in first muslim woman to state legislature,b6abyk,1,images/b6abyk.jpg
2712,the bottom of this bridge in tempeaz is better looking than the top where people walk,cdzhi9,1,images/cdzhi9.jpg
2713,bamboo babies killer ride,b3is7o,0,images/b3is7o.jpg
2714,this football player passing the ball,5rvabi,1,images/5rvabi.jpg
2715,adversity lyonel lane,72olc6,0,images/72olc6.jpg
2716,somewhere in eastern germany circa,61lqfx,0,images/61lqfx.jpg
2717,sexcellent alf reid,b111hr,0,images/b111hr.jpg
2718,my headphones tie a better figureofeight knot than i can,cq1nky,1,images/cq1nky.jpg
2719,this ministeadicam box is just happy to be part of the team,26la9y,0,images/26la9y.jpg
2720,a bird flew into the glass of our window,bacgl1,1,images/bacgl1.jpg
2721,dirty sink needs drained,94asrj,0,images/94asrj.jpg
2722,trumps first legislative effort fails as gop pulls bill to repeal obamacare nytimescom,61b8df,1,images/61b8df.jpg
2723,this guy dunking,6iqnfq,1,images/6iqnfq.jpg
2724,just a surprised little red guy wondering what im cooking,u2byv,0,images/u2byv.jpg
2725,the spiders feast in the trees,d7qld4,1,images/d7qld4.jpg
2726,america the story of us season episode the rise of lgbtq from,7t9fpr,0,images/7t9fpr.jpg
2727,such a happy card wait a sec,3zkzzi,0,images/3zkzzi.jpg
2728,buttons on a blender,3yl06f,0,images/3yl06f.jpg
2729,giant horses head makes this cow look like a miniature,b1um4n,1,images/b1um4n.jpg
2730,hopes raised of ending cervical cancer,c643nj,1,images/c643nj.jpg
2731,he then brought chocolate milk was invented by the weve updated our privacy policy emails,8mc92c,0,images/8mc92c.jpg
2732,eiffel tower from the top,dk98lu,1,images/dk98lu.jpg
2733,arctic hares,6c724m,1,images/6c724m.jpg
2734,wink wink,1ezdy2,0,images/1ezdy2.jpg
2735,happy racoon,1edazu,1,images/1edazu.jpg
2736,this cock in a glass,902b76,0,images/902b76.jpg
2737,toy bear with its legs crossed chilling on a dish,1f2g8b,1,images/1f2g8b.jpg
2738,fallout news sony denies mod support for title but allows feature for another game,52mx84,0,images/52mx84.jpg
2739,obama awarding deniro the medal of freedom,5jzmn8,1,images/5jzmn8.jpg
2740,the scoreboard at my local hockey game,ar4ea0,1,images/ar4ea0.jpg
2741,heeey yoooou guuuuuys,328vyy,0,images/328vyy.jpg
2742,an asian man enjoying his new novelty hat,6rloqd,0,images/6rloqd.jpg
2743,wikipedia celebrates years of american independence,2ejvxi,0,images/2ejvxi.jpg
2744,battle miniature ship via previous winner sdstever,5f57uu,1,images/5f57uu.jpg
2745,scooters arent the brightest,15dxgr,0,images/15dxgr.jpg
2746,postnominal letters in canada i am therefore a man of few words,4omm8m,0,images/4omm8m.jpg
2747,happy dog with tongue hanging out,4wuhby,1,images/4wuhby.jpg
2748,this illusion in a bandstand at my local park makes the paintwork look perfectly circular,ckvq8f,1,images/ckvq8f.jpg
2749,amy schumer caught in blackface,b4lv5i,0,images/b4lv5i.jpg
2750,us man commits suicide in taiwan courtroom,4okree,1,images/4okree.jpg
2751,theyre still not treated equally,5fbvb5,0,images/5fbvb5.jpg
2752,brutus,77lpmy,0,images/77lpmy.jpg
2753,dean skelos new york senate leader and son are arrested on corruption charges includes link to indictment,34w2md,1,images/34w2md.jpg
2754,weimar government discussing how to handle reparations,c9hnap,0,images/c9hnap.jpg
2755,christopher columbus addressing native americans,cvaa34,0,images/cvaa34.jpg
2756,not exactly a poster but i thought you guys would appreciate hm government regarding brexit united kingdom,4eci31,0,images/4eci31.jpg
2757,chelsea manning will leave a military prison in one week,6aci7r,1,images/6aci7r.jpg
2758,a circular rainbow around the sun,blw7ks,1,images/blw7ks.jpg
2759,girls uncontrollable laughter caused by brain tumor,28b0ct,1,images/28b0ct.jpg
2760,the outlet on the bottom looks like it has eyebrows,damqo6,1,images/damqo6.jpg
2761,a shanghai company worships steve jobs with a golden bust in his image,3debkq,1,images/3debkq.jpg
2762,freddie mercury,23hrcf,1,images/23hrcf.jpg
2763,florida teacher restocking his classroom decolorized for effect,82rpgs,0,images/82rpgs.jpg
2764,fancy tables getting prepared for event,6cx2m2,0,images/6cx2m2.jpg
2765,finished unpacking my new water bottles and startled this little robot,b8sqb9,0,images/b8sqb9.jpg
2766,the perfect pbj ratio,defz5b,1,images/defz5b.jpg
2767,louisiana police officer makes mentally disabled teens dream come true,17aejc,1,images/17aejc.jpg
2768,but look at your phone if you ask for your mind not you,c586uj,0,images/c586uj.jpg
2769,mcdonalds advertisement inside a coca cola label,dheg9h,1,images/dheg9h.jpg
2770,a sliced pickle that looks like an electrical outlet,be9aqs,1,images/be9aqs.jpg
2771,judge in manafort case says muellers aim is to hurt trump,8h0l8y,1,images/8h0l8y.jpg
2772,jeff bridges seems to be making the rounds in adverts recently,b309nm,1,images/b309nm.jpg
2773,freshman gop senator im okay with not forcing restaurant workers to wash up,2unbhh,1,images/2unbhh.jpg
2774,infinity the edge of tomorrow,8woh8c,0,images/8woh8c.jpg
2775,lawmakers seek answers for why native american women vanish,9dge27,1,images/9dge27.jpg
2776,mcdonalds in prague has parking spots reserved for women zeny,bza5xr,1,images/bza5xr.jpg
2777,l a d y l e g s by odesa,776lkj,0,images/776lkj.jpg
2778,cayman islanders urged to eat venomous fish invader,1jfk9z,1,images/1jfk9z.jpg
2779,venture capital guy listens to his nannys business ideas and makes her partner in lucrative organic wild rice farm,1owhpk,1,images/1owhpk.jpg
2780,in an alien came to earth and was recorded singing a poem about the nature of life and how we must abide by its rule that eventually forces our memory to be lost its an agonising search for our origins that wraps in a loop of our ignorance,closck,0,images/closck.jpg
2781,bauhaus self titled,8aoy4g,0,images/8aoy4g.jpg
2782,whores as priests varsha,92q8gh,0,images/92q8gh.jpg
2783,a proud mother welcomes back her son from vietnam,78qb1h,0,images/78qb1h.jpg
2784,brexitfree news channel launched by sky news,dipytz,1,images/dipytz.jpg
2785,our box truck wants to keep us company on the long haul,9dibo4,0,images/9dibo4.jpg
2786,hark hark the dogs do bark by walter emanuel,c1aixs,0,images/c1aixs.jpg
2787,eagle,8n60pq,0,images/8n60pq.jpg
2788,reddit meet my crazy adorable twelve year old cow molly moo moo fun to cuddle with his favorite toy,6qmrz3,0,images/6qmrz3.jpg
2789,this window screen makes everything far away out of focus and everything closer in focus making the outside look like a photograph,c923lc,1,images/c923lc.jpg
2790,newark boy speaking at antiviolence event interrupted by nearby gunfire,2je342,1,images/2je342.jpg
2791,sonia the alpaca hanging out with her deer friends,5vmijk,1,images/5vmijk.jpg
2792,man removes nazi swastika tattoos after unlikely friendship,73oian,1,images/73oian.jpg
2793,this golden gun table lamp i came across while apartment hunting in xujiahua district shanghai,9iako1,1,images/9iako1.jpg
2794,a falling biker midfligth,4y8e20,1,images/4y8e20.jpg
2795,kamui kobayashi japanese f driver during last years monaco grand prix,1f33fq,1,images/1f33fq.jpg
2796,india lost isros chandrayaan in nasa finds two lunar spacecraft that were on display at sydney international convention centre darling harbour,7jl06p,0,images/7jl06p.jpg
2797,high school cheats students by giving fake tests,cf0ctl,1,images/cf0ctl.jpg
2798,the secret nicknames palace security use for prince harry and meghan markle,9ghpeh,0,images/9ghpeh.jpg
2799,beyonce said what,b0cfiv,0,images/b0cfiv.jpg
2800,a polish jew plays the recorder for ss troops hours before his gassing,6ycybr,0,images/6ycybr.jpg
2801,jumped up from the couch after hearing a blood curdling scream from the wife who had just stepped out of the shower,9hkzj5,0,images/9hkzj5.jpg
2802,painting with deep neural painting,7nywev,0,images/7nywev.jpg
2803,donald trump garbage bin,5pw0mf,1,images/5pw0mf.jpg
2804,shooting in opry mills mall in nashville tn,8gtb54,1,images/8gtb54.jpg
2805,this kitchen cabinet couldnt be happier,6nqq97,0,images/6nqq97.jpg
2806,available here,e3i2ta3,0,images/e3i2ta3.jpg
2807,exorcisms booming as christian faith declines and internet offers easy access to black magic priests told,8fb20c,1,images/8fb20c.jpg
2808,in colorado gas line damage from digging happens as often as four times a day getting punished for it is much more rare,6d0pbm,1,images/6d0pbm.jpg
2809,mike ross move to strike,8omk2f,0,images/8omk2f.jpg
2810,slouching cat,5gbl61,1,images/5gbl61.jpg
2811,dog days self titled,awie1b,0,images/awie1b.jpg
2812,pollute at will bill enjoys widespread support from house republicans,352vdy,1,images/352vdy.jpg
2813,there are two pieces of rusting rails lying in the middle of an operating train line,cnbmmj,1,images/cnbmmj.jpg
2814,this pencil in my hotel room,b7o8kc,1,images/b7o8kc.jpg
2815,kim jungun squatting,6xs93t,1,images/6xs93t.jpg
2816,a womans tunic,27xd97,0,images/27xd97.jpg
2817,ivanka trump believes that shell be president one day she thinks shes going to be president of the united states trumps former economic adviser gary cohn said according to the book she thinks this is like the kennedys the bushes and now the trumps,bbtmv2,1,images/bbtmv2.jpg
2818,when the senate gives you an option bc,84p0c7,0,images/84p0c7.jpg
2819,bill got a river to impress the kids,96vj33,0,images/96vj33.jpg
2820,sexy turnip legs,8to8d3,0,images/8to8d3.jpg
2821,how bookseller shaun bythell hit back at amazon and rude customers,99cs8y,0,images/99cs8y.jpg
2822,the many faces of drought,6ypisb,0,images/6ypisb.jpg
2823,the inn im staying at has glowing light switches to show if they are on,ck4meb,1,images/ck4meb.jpg
2824,the queen photobombing bbc news,1fuu29,1,images/1fuu29.jpg
2825,want to invest in spacex heres how,6q5w3y,0,images/6q5w3y.jpg
2826,years ago today the st trailer for john wick premiered,7lsg9e,0,images/7lsg9e.jpg
2827,this german cabaret from,79rfj9,1,images/79rfj9.jpg
2828,man arrested after jumping white house fence causing lockdown,2k28ue,1,images/2k28ue.jpg
2829,kv is prototyped circa,90cail,0,images/90cail.jpg
2830,army veteran smashes window of hot car to save dog gets arrested,35txwn,1,images/35txwn.jpg
2831,hospitals in victoria australia give free baby loot bags to new parents,dh3zsy,1,images/dh3zsy.jpg
2832,american voices more than million ordered to evacuate due to hurricane florence,9fr7l2,0,images/9fr7l2.jpg
2833,giant spider in a shower in australia just burn the house,84oo2b,0,images/84oo2b.jpg
2834,my mother recently found the matching cookie jar to her mother in laws dish set at goodwill for cents,9icutk,1,images/9icutk.jpg
2835,jim carrey jumping for joy,3uhupg,1,images/3uhupg.jpg
2836,a giant mosquito made from plumbing parts for a bug repellent display,bxmt22,1,images/bxmt22.jpg
2837,police protect killer from victims parents,2lzfuu,1,images/2lzfuu.jpg
2838,they way the snow melted on my hood after i got home and it kept snowing,awb2yr,1,images/awb2yr.jpg
2839,layers of paint in my class,d23qcv,1,images/d23qcv.jpg
2840,danish jihadists cashed in on welfare benefits,36jb1f,1,images/36jb1f.jpg
2841,teen says she found blood in her panera salad,bxfd4s,1,images/bxfd4s.jpg
2842,this guy fighting at a renaissance faire,7ps5ko,1,images/7ps5ko.jpg
2843,this monkey puzzle tree i found growing in an abandoned quarry in north wales,cx2a6a,1,images/cx2a6a.jpg
2844,billboard company pay tribute to carrie fisher representatives said no one paid for the signs they just wanted to honor the star wars icon,5kt0pf,1,images/5kt0pf.jpg
2845,hubert flight,8cpelz,0,images/8cpelz.jpg
2846,victorious kidss educares there were no stars,4jft32,0,images/4jft32.jpg
2847,the bruise left from a botched plasma donation,buxjpx,1,images/buxjpx.jpg
2848,great silver unlucky,azhrcg,0,images/azhrcg.jpg
2849,colombias st bilingual security guard teaches himself languages now helps others learn english,5zdun9,1,images/5zdun9.jpg
2850,the light in this corridor of an abandoned school is constantly on for over years now,d1g269,1,images/d1g269.jpg
2851,flint rapper hands out cash as way of giving back to community,6r3x9f,1,images/6r3x9f.jpg
2852,boy sledding off snow ramp caught in air,10wrdh,1,images/10wrdh.jpg
2853,split rock syracuse ny,3j602o,1,images/3j602o.jpg
2854,post storm clouds on the th of,cg54cx,1,images/cg54cx.jpg
2855,this necklace,8hrikk,0,images/8hrikk.jpg
2856,the worlds first known instance of begone thot bc,ayj14o,0,images/ayj14o.jpg
2857,fbi investigates minnesota stabbings as possible terror act,53fx3g,1,images/53fx3g.jpg
2858,this is alaska am in the summer the sun never sets,cq724t,1,images/cq724t.jpg
2859,mom stunned when she sees babys face then she discovers why he looks that way,5525j6,0,images/5525j6.jpg
2860,wipe that sneer off his face early s,2cb9xw,0,images/2cb9xw.jpg
2861,this spoon that can hang on the outside of your coffee cup,b0qzbm,1,images/b0qzbm.jpg
2862,newspaper from,dfpdyk,1,images/dfpdyk.jpg
2863,a chinese farmer proudly looks at the patriotic display of president xi now required to be displayed in each home under new ordinances enacted by his village,deqsd2,0,images/deqsd2.jpg
2864,nico rosbergs last podium jump before retirement,5gzl03,1,images/5gzl03.jpg
2865,journalists watch vladimir putins annual state of the nation address,819zix,1,images/819zix.jpg
2866,this dog was staring at me from the map of fire exits,8tbikv,0,images/8tbikv.jpg
2867,mexican immigrant explaining why he couldnt get into the united states,auce5a,0,images/auce5a.jpg
2868,paris french revolution,7bo55t,0,images/7bo55t.jpg
2869,this guy is here to brighten your day pun intended,6zq88n,0,images/6zq88n.jpg
2870,after being banned from twitch drdisrespect would be begin his career as a musician he would never gain traction again,c5ekuu,0,images/c5ekuu.jpg
2871,turks detained at auschwitz for alleged nazi salute,1sg7od,1,images/1sg7od.jpg
2872,the arctic monkeys approaching spongebob squarepants,bqicz1,0,images/bqicz1.jpg
2873,yearold commits suicide after alleged bullying incident caught on camera,7gurlx,1,images/7gurlx.jpg
2874,friendly fire in the pacific,66u8cq,0,images/66u8cq.jpg
2875,bystanders try to stop self driving uber before it kills again,86q42k,0,images/86q42k.jpg
2876,oc the way this flamingo has their neck bent so you can see their vertebrae,c96khv,1,images/c96khv.jpg
2877,yearold girl sole survivor in kentucky plane crash,2r74or,1,images/2r74or.jpg
2878,solidarity with the opposition the workers and the people of the soviet union france,8rohqm,0,images/8rohqm.jpg
2879,bill gates thinks the worlds poorest wont stay poor,1vtwj4,1,images/1vtwj4.jpg
2880,markhors drinking from a cacti,8vtf9d,0,images/8vtf9d.jpg
2881,how there is random beautiful artwork like this all over the streets of rome,clkiut,1,images/clkiut.jpg
2882,experts warn influx of extra alabamans will bankrupt all welfare systems in the world in years,bpxsmf,0,images/bpxsmf.jpg
2883,us secretary of state hillary clinton chased out of malawi by swarm of bees,xrbnk,1,images/xrbnk.jpg
2884,xi jinping china and shinzo abe japan share an awkward moment at the apec summit,9e8pf1,0,images/9e8pf1.jpg
2885,obama and baby crawling in the white house,4f10jo,1,images/4f10jo.jpg
2886,mu orionis act ii,8dygim,0,images/8dygim.jpg
2887,margaret oconnor celebrated her th birthday with friends and family on jan in kula donning a sparkly tiara oconnor opened gifts and cards ate her birthday cake and enjoyed ice cream she played along with good humor acting surprised throughout the event with every gift she opened,81vl4z,1,images/81vl4z.jpg
2888,churchs chicken helping yearold superhero feed the homeless on national fried chicken day,8wjjit,1,images/8wjjit.jpg
2889,glenn beck says words no one ever expected liberals you were,5w0gpr,0,images/5w0gpr.jpg
2890,monty python and the holy grail,cy8egw,0,images/cy8egw.jpg
2891,cockatiel in custody,21dv68,1,images/21dv68.jpg
2892,indias biggest online retailer will stop using throwaway plastic packaging,cx30ob,1,images/cx30ob.jpg
2893,request fossil skeleton of marsupial lion,8p4cxy,0,images/8p4cxy.jpg
2894,chinese during the korean war,550yin,0,images/550yin.jpg
2895,secret ledger in ukraine lists cash for donald trumps campaign chief,4xrynm,1,images/4xrynm.jpg
2896,aerial view of agricultural pastures,68k5hu,0,images/68k5hu.jpg
2897,freddie prinze jr recovers from spinal surgery,2nt53n,1,images/2nt53n.jpg
2898,this cat sitting like humans,75hf6c,1,images/75hf6c.jpg
2899,using a crane to build a crane,bpwdnh,1,images/bpwdnh.jpg
2900,despite doomsday warnings philly officials say yes were open during papal visit,3iirh9,1,images/3iirh9.jpg
2901,trump adds new twist to immigration proposals but legal doubts persist,4o63gd,1,images/4o63gd.jpg
2902,welcome to my kingdom,dt0wnhy,0,images/dt0wnhy.jpg
2903,first date conversation starters that will make her wet for you,7l9y0w,0,images/7l9y0w.jpg
2904,might just be the palace to put my own personality starter pack,4hr71c,0,images/4hr71c.jpg
2905,wells fargo claws back millions from ceo after scandal,54tkvy,1,images/54tkvy.jpg
2906,the catholic church to george pell,avzfkx,0,images/avzfkx.jpg
2907,the death of alexander the greatcca bc,axoxpx,0,images/axoxpx.jpg
2908,ridiculously photogenic afghan sgt,1w3ooj,1,images/1w3ooj.jpg
2909,i see jimi in my beer,cgarzh,0,images/cgarzh.jpg
2910,iranian women soccer players to undergo mandatory sex testing,1xik6x,1,images/1xik6x.jpg
2911,this spacedout cat,7ej1cb,1,images/7ej1cb.jpg
2912,took a few days and it made neat bubbles when it is oddly satisfying,5jnnea,0,images/5jnnea.jpg
2913,im gonna hug this house,7kdqob,0,images/7kdqob.jpg
2914,google discovers students in vietnam could pass its interview process,1ats7b,1,images/1ats7b.jpg
2915,colombias regeneration coat of arms,552xu2,0,images/552xu2.jpg
2916,led zeplin headwind above the clouds,dafsib,0,images/dafsib.jpg
2917,caught this guy looking at me,2zmk0n,0,images/2zmk0n.jpg
2918,cat with long tongue,bjpso6,1,images/bjpso6.jpg
2919,car immersed in water,6i9z0e,0,images/6i9z0e.jpg
2920,rational singularity in plane sight,8qlei1,0,images/8qlei1.jpg
2921,harry potter vs voldemort,6g0qw8,0,images/6g0qw8.jpg
2922,me and my aliens hiding out after raiding area,ce2aq9,0,images/ce2aq9.jpg
2923,coveted hockey trophy found after years missing,3ng9et,1,images/3ng9et.jpg
2924,donald trump and his first wife,5syr8p,1,images/5syr8p.jpg
2925,washington elementary school assignment compares george w bush hitler,2g7yda,1,images/2g7yda.jpg
2926,a dancing bear and a man playing a huge balalaika,2wbpri,1,images/2wbpri.jpg
2927,this squirrel with a fast food french fry container,c08jkn,1,images/c08jkn.jpg
2928,my butterfly knife,8ggaei,0,images/8ggaei.jpg
2929,tarantulas,cafnf0,0,images/cafnf0.jpg
2930,the way these clouds cover the sky,9gmnb7,1,images/9gmnb7.jpg
2931,this fruit baby,aykgdb,1,images/aykgdb.jpg
2932,ice on a chain in deg weather,coji51,1,images/coji51.jpg
2933,rock looks like it has a dinosaur skull in it,3wk8yu,0,images/3wk8yu.jpg
2934,an interracial couple celebrates the repeal of antimiscegenation laws usa,7j0z97,0,images/7j0z97.jpg
2935,lightning mcqueen is that you,bte2uw,0,images/bte2uw.jpg
2936,the dried tea in this cup looks like an eyeball,bf0h1i,1,images/bf0h1i.jpg
2937,happy shocked urinal,3mkrko,0,images/3mkrko.jpg
2938,window at a lamp store,80drpk,0,images/80drpk.jpg
2939,hungry hippo or disappointed naked mole rat,8ws1vs,0,images/8ws1vs.jpg
2940,red velvet st,95kl4h,0,images/95kl4h.jpg
2941,this huge piece of chocolate in my ice cream,9djwjk,1,images/9djwjk.jpg
2942,fcc plans net neutrality repeal in victory for telecoms the federal communications commission announced on tuesday that it planned to dismantle landmark regulations that ensure equal access to the internet clearing the way for companies to charge more and block access to some websites,7emvvb,1,images/7emvvb.jpg
2943,turtle about to become dinner for a crocodile,2lpqcd,1,images/2lpqcd.jpg
2944,drake spends christmas upset at walgreens and macys for using term yolo,15h0rz,1,images/15h0rz.jpg
2945,this all plastic looking wheelchair jfk,bw641x,1,images/bw641x.jpg
2946,princess diana tries to fend off aggressive paparazzi,8oct9g,0,images/8oct9g.jpg
2947,hoya wax plant about to bloom,d95nml,1,images/d95nml.jpg
2948,only one letter is covered in frost,atjmuy,1,images/atjmuy.jpg
2949,this image is not tilted,dfhsm8,0,images/dfhsm8.jpg
2950,my friend tried to play football the other day,1qthwy,1,images/1qthwy.jpg
2951,mowgli trailer reveals grittiest jungle book reboot since last jungle book reboot,8l603x,1,images/8l603x.jpg
2952,this cloudformation behind my house,c0o4v7,1,images/c0o4v7.jpg
2953,golden chain mail,57kr0s,0,images/57kr0s.jpg
2954,flash drive knows what youve loaded and flash drive is disgusted,2zpzr2,0,images/2zpzr2.jpg
2955,lifeguard dream becomes reality for burmese refugee,34w66q,1,images/34w66q.jpg
2956,the church before martin luthers theses,8rebpj,0,images/8rebpj.jpg
2957,thought this belonged here rock on dudes,84qrex,0,images/84qrex.jpg
2958,woman who accused franken says she accepts his apology,7dgviw,1,images/7dgviw.jpg
2959,the man who seduced the th fleet,4lenuz,1,images/4lenuz.jpg
2960,stop sightseeing snapping selfies in flood zones montreal fire department pleads,bitie4,1,images/bitie4.jpg
2961,mrw im overweight and taking a dump in a truckers body,4b2p2i,0,images/4b2p2i.jpg
2962,cannibal dog,arbdka,0,images/arbdka.jpg
2963,this little guy battling a rare form of lung cancer decided to prove the doctors wrong when they said it was time to switch off his life support by making a full recovery,5c1q3g,1,images/5c1q3g.jpg
2964,giant cat,8kuvuk,0,images/8kuvuk.jpg
2965,australia to plant billion trees to help meet climate targets,arl6u6,1,images/arl6u6.jpg
2966,fuccbois have stolen mr skeltals car updoot to help mr skeltal get his car back,d73m0z,0,images/d73m0z.jpg
2967,armand plenty in the sea,8nrtnl,0,images/8nrtnl.jpg
2968,heres why youre wrong,614gq2,0,images/614gq2.jpg
2969,space mike god hates us,6r9ji6,0,images/6r9ji6.jpg
2970,misalignment makes the speed limit mph instead of mph,bqkbl5,1,images/bqkbl5.jpg
2971,school officials deeply troubled over guns appearing on signs banning guns,1x6f9z,1,images/1x6f9z.jpg
2972,the way the snow melted around my fence,asikrb,1,images/asikrb.jpg
2973,a wild angery purse appears,4txc0a,0,images/4txc0a.jpg
2974,after their daughter was killed in the earthquake a massachusetts family started the be like brit orphanage where nearly haitian orphans now live and thrive,4x5fv6,1,images/4x5fv6.jpg
2975,dave grohl pointing a rifle,24g94d,1,images/24g94d.jpg
2976,iowa football fans wave at children in childrens hospital,6y11i3,1,images/6y11i3.jpg
2977,mrw a very long night of walking dead the musical and all my friend brings a gun to my favorite heavy metal club,4g9gcj,0,images/4g9gcj.jpg
2978,wrestler chris masters uproots tree with his hands to save mother from burning house,1apy4k,1,images/1apy4k.jpg
2979,prisoners could get own keys as reward for good behaviour,ccb6od,1,images/ccb6od.jpg
2980,ny state senator says times square atheist billboard is religious persecution like the kind that led to the holocaust,1t62oz,1,images/1t62oz.jpg
2981,marlins fan gives foul ball to cubs fan who gives ball back to his son,27o2dz,1,images/27o2dz.jpg
2982,young georgia entrepreneurs win national recognition for helping homeless and veterans,7fgiaj,1,images/7fgiaj.jpg
2983,he follows me everywhere,dcusfh,1,images/dcusfh.jpg
2984,a man smiles while spinning cotton candy,6m8x0i,1,images/6m8x0i.jpg
2985,jumping dog,2zn8a0,1,images/2zn8a0.jpg
2986,mark zuckerbergs dog,3fhqlm,1,images/3fhqlm.jpg
2987,violent antifa assaulting conservative nationalists,c98jis,0,images/c98jis.jpg
2988,political prisoner forced to maintain military vehicles in soviet gulag battle of kurk,b00yb2,0,images/b00yb2.jpg
2989,the wear on our outside lounge chair after the years of people laying on it,cchsio,1,images/cchsio.jpg
2990,apple has no core,dfaa2n,1,images/dfaa2n.jpg
2991,a lovely gravelstyle tile,bsurkm,0,images/bsurkm.jpg
2992,an accident waiting to happen,1q5ud7,1,images/1q5ud7.jpg
2993,the engineer who bought over cups of pudding to earn million air miles,1mnzry,1,images/1mnzry.jpg
2994,uthrillscience on top of world trade center,1m6is3,1,images/1m6is3.jpg
2995,doge,9cj5uu,0,images/9cj5uu.jpg
2996,gauge indicating how your fragile package has been handled in shipping,9gyfps,1,images/9gyfps.jpg
2997,a clean untouched peanut butter jar with clean plastic top,9eot75,1,images/9eot75.jpg
2998,elon musk standing inside the interstage of a falcon rocket,61yfoh,1,images/61yfoh.jpg
2999,avengers infinity war,8eatnh,0,images/8eatnh.jpg
3000,signing of the molotovribbentrop pact circa,8o2pgw,0,images/8o2pgw.jpg
3001,the epic girl on the right,2n8co3,1,images/2n8co3.jpg
3002,bit of an unhappy looking liam neeson,2v03vq,1,images/2v03vq.jpg
3003,democratic presidential hopeful beto orourke prior to taking the stage at a campaign rally,b8rx3c,1,images/b8rx3c.jpg
3004,bob deans miracles,4w3t3k,0,images/4w3t3k.jpg
3005,architects all our gods have abandoned us,694tra,0,images/694tra.jpg
3006,my prism window makes a smile face,db4zqu,1,images/db4zqu.jpg
3007,ho nazi prototype preparing for takeoff,8c6irj,0,images/8c6irj.jpg
3008,china will require its journalists to pass a marxism test,1tkfig,1,images/1tkfig.jpg
3009,this is better,cdca45w,0,images/cdca45w.jpg
3010,poppyhead god bless,7lkhrq,0,images/7lkhrq.jpg
3011,this man having fun at a party,8uvada,1,images/8uvada.jpg
3012,obama under fire for using free government housing the borowitz report,1ffn3m,0,images/1ffn3m.jpg
3013,famous drug kingpin pablo escobarmedellin,5tttx5,0,images/5tttx5.jpg
3014,trump minority congresswomen should apologise to america,cg94dx,1,images/cg94dx.jpg
3015,a very happy worm,8wfc4i,0,images/8wfc4i.jpg
3016,paying it forward in drivethroughs occurred maybe once or twice a year a decade ago now fastfood operators said it might happen several times a day,1ot1je,1,images/1ot1je.jpg
3017,taylor swifts meets nickelback,d56fzb,0,images/d56fzb.jpg
3018,ipad app replaces physical bible in new jersey swearin ceremony,185hiy,1,images/185hiy.jpg
3019,a trashy alternative fuel is emerging deep inside coal country,bifk8j,1,images/bifk8j.jpg
3020,et found in jelly baby packet,beobdf,1,images/beobdf.jpg
3021,dennis is cross eyed but i know you guys thinkcommunity sounds like a fungi,8ni78y,0,images/8ni78y.jpg
3022,my dog made a d model gif,3kjryn,0,images/3kjryn.jpg
3023,find out what rashida jones kathryn bigelow and rowan atkinson have to say,8yapmw,0,images/8yapmw.jpg
3024,just let them die ohio prison guards laughed as supremacist stabbed cuffed black inmates suit says,beo45q,1,images/beo45q.jpg
3025,on fools day the capital of alaska will go by the name of card game uno not juneau,4cy1as,1,images/4cy1as.jpg
3026,full scorpion,7rcr9v,0,images/7rcr9v.jpg
3027,horse eating a huge rat,5g5aru,0,images/5g5aru.jpg
3028,female wrestler falling through a table,7zbo6y,1,images/7zbo6y.jpg
3029,look deep deep into my eyes,32rqqj,0,images/32rqqj.jpg
3030,endangered green loggerhead turtles have made a strong comeback in cyprus thanks to conservation efforts stretching back decades,97rccn,1,images/97rccn.jpg
3031,a oz gatorade cap fits perfectly into a oz one,b6k305,1,images/b6k305.jpg
3032,a glimmer of hope in afghanistan as msf opens clinic two years after hospital bombing,6r5ka4,1,images/6r5ka4.jpg
3033,impending storm looks like a giant tidal wave,cuvfah,1,images/cuvfah.jpg
3034,new york republican rep tom reed faces angry crowds deep in trump country,5v1nzl,1,images/5v1nzl.jpg
3035,im trash,65fvhy,0,images/65fvhy.jpg
3036,dreams do come true paralyzed bride keeps promise to walk down the aisle years after accident,1ke1n1,1,images/1ke1n1.jpg
3037,me trying to get out of canoe,6m0ljy,0,images/6m0ljy.jpg
3038,happiest building in town,1i3k1r,0,images/1i3k1r.jpg
3039,google shows speed traps in maps,az66su,1,images/az66su.jpg
3040,breakup hints misinterpreted as marriageproposal hints,4126u7,0,images/4126u7.jpg
3041,my drawing was folded for so long it shadowed its self almost looks like it was done on purpose,9iea37,1,images/9iea37.jpg
3042,flight deck of the space shuttle endeavour,1h4t0y,1,images/1h4t0y.jpg
3043,battle of france,8w4h93,0,images/8w4h93.jpg
3044,sea captain with a rather uneventful background,11eaek,1,images/11eaek.jpg
3045,baby had cluster seizures today turns out he loves watching the birds eat out back,cldrtq,0,images/cldrtq.jpg
3046,young and brave american conscripted for world war ii colorised,axw200,0,images/axw200.jpg
3047,beer found at my local liquor store,cqikgs,1,images/cqikgs.jpg
3048,denmark has been voted worlds most happiest country five years running now i know why,qyj31,0,images/qyj31.jpg
3049,i found a tiny walmart,d65ftn,1,images/d65ftn.jpg
3050,president trump considers selling alaska back to russia,91134v,0,images/91134v.jpg
3051,proassad troops capture aleppo neighborhoods russia,5fc3zi,1,images/5fc3zi.jpg
3052,is it in my eye,7ui3nq,0,images/7ui3nq.jpg
3053,how technology helped a blind athlete run free at the new york marathon,7pimvk,1,images/7pimvk.jpg
3054,exnfl star aaron hernandez acquitted in double slaying,65enf2,1,images/65enf2.jpg
3055,maradona celebrating argentinas classfication to knockout stage of the world cup,8u3u10,1,images/8u3u10.jpg
3056,a giant lobster on a metal planet,auiayt,0,images/auiayt.jpg
3057,this intoxicated gentleman riding an inflatable jet ski,3cs52s,1,images/3cs52s.jpg
3058,suspicious machine is suspicious,3yilm3,0,images/3yilm3.jpg
3059,putting some huge ice on every bus stop for people who are waiting bus in degc in s korea but i dont think it works,codlsg,1,images/codlsg.jpg
3060,inspiring true stories for anyone feeling cynical today,13g8z3,1,images/13g8z3.jpg
3061,neil armstrong the first man on the moon,7shyw6,0,images/7shyw6.jpg
3062,this trash bin is not amused,c9wd7i,0,images/c9wd7i.jpg
3063,melbourne australia under imperial occupation th january,7t3dlj,0,images/7t3dlj.jpg
3064,the surf rolling in at the beach,209diq,0,images/209diq.jpg
3065,this cloud looks like a happy dog,9j7dr0,1,images/9j7dr0.jpg
3066,avatar bluray series has aangs air nomad tattoos designed into disc groove,dg711h,1,images/dg711h.jpg
3067,loose talk costs lives s irish republican army indigenous rights posters ireland northern ireland,1tq1gr,0,images/1tq1gr.jpg
3068,the dissolution of the soviet union c,8gn1py,0,images/8gn1py.jpg
3069,warren calls on congress to launch impeachment proceedings against trump,bf7ikt,1,images/bf7ikt.jpg
3070,cutouts,cgjl7vv,0,images/cgjl7vv.jpg
3071,opened up my ice cream and it was smiling at me,13qvm1,0,images/13qvm1.jpg
3072,chicago skyline and a low cloud ceiling,bq4yhu,1,images/bq4yhu.jpg
3073,lil musky egofriendly,7y00jx,0,images/7y00jx.jpg
3074,short trip the meat sessions,6rny1k,0,images/6rny1k.jpg
3075,romulus et remus selftitled,b5143c,0,images/b5143c.jpg
3076,something i put together after seeing this photo on the internet,1eao5a,1,images/1eao5a.jpg
3077,the hardest part of getting famous was competing with viral instagram videos of shaved ferrets questions with cardi b,8d78dq,0,images/8d78dq.jpg
3078,a squadron of usaf fighters battling nazis in preparation for dday,7zyuav,0,images/7zyuav.jpg
3079,this lifelike tree,8127mp,1,images/8127mp.jpg
3080,episodes of seinfeld when jerry dated a woman with man hands,dbz0xc,0,images/dbz0xc.jpg
3081,california town appoints max the golden retriever dog as their mayor for a fifth term,9gbf5k,1,images/9gbf5k.jpg
3082,president trump vows to sign free speech executive order for college campuses,ax2o00,1,images/ax2o00.jpg
3083,super happy puppy,1vqgo2,1,images/1vqgo2.jpg
3084,lack of sexual tension with coworker almost unbearable,3oqke2,0,images/3oqke2.jpg
3085,republican poster in support of the provisional irish republican army ira the photograph in the poster shows three ira members posing with a number of weapons including a slr rifle and two rpg rocket launchers,33w1sa,0,images/33w1sa.jpg
3086,fitnesssupplement company under fire for using a fit person in an advertisement,35rfxe,1,images/35rfxe.jpg
3087,i stripped the bark from a tree branch this is the result,9g6ybq,1,images/9g6ybq.jpg
3088,this kfc turned mexican restaurant,bl6did,1,images/bl6did.jpg
3089,far from home oblivion diaries,awaxjv,0,images/awaxjv.jpg
3090,pope francis exchanging christmas greetings with benedict xvi,1tkkk4,1,images/1tkkk4.jpg
3091,my fiance and i moved in with the cat to my new best friend,7qpzyi,0,images/7qpzyi.jpg
3092,got and a half fortunes from one cookie,cmymxa,1,images/cmymxa.jpg
3093,i bought bottles of fanta and one of them looks like its upside down but only the word fanta is upside down,cqbwp8,1,images/cqbwp8.jpg
3094,pancake that mum made looks like an old hag,de2zqx,1,images/de2zqx.jpg
3095,trudeau has hecklers sent to reconciliation gulag,7xon0b,0,images/7xon0b.jpg
3096,my wife thinks im being told to calm down,5nf5ex,0,images/5nf5ex.jpg
3097,im in this war too womens army crops recruiting poster wwii usa,86ogsg,0,images/86ogsg.jpg
3098,google patents creepy internet toys to run the home,375asy,1,images/375asy.jpg
3099,this hungry duck,3dvf3h,1,images/3dvf3h.jpg
3100,my college has things that you can pull the door open with so that after you wash yours hands you dont touch the handle,9hiac0,1,images/9hiac0.jpg
3101,this photo of john mccain and obama,7pg5dd,1,images/7pg5dd.jpg
3102,ants fighting,d85iei,1,images/d85iei.jpg
3103,michael rooker at comiccon international with a yondu umbrella,6oq1vn,1,images/6oq1vn.jpg
3104,how robots can help us embrace a more human view of disability,6a27gx,1,images/6a27gx.jpg
3105,this bathroom door handle has sanitizer built into it,dj7d26,1,images/dj7d26.jpg
3106,a dead crocodile floated past where i work today in indonesia watching the video back it looks like i have it on a lead,bdqdsf,1,images/bdqdsf.jpg
3107,wealth therapy tackles woes of the rich its really isolating to have lots of money,3p5ip4,1,images/3p5ip4.jpg
3108,i just said love is blind wade deadpool no youre blind then my friend cut this the same second while cooking,b2q3ss,1,images/b2q3ss.jpg
3109,reddit ends your premium subscription with a quote,c54p02,1,images/c54p02.jpg
3110,from this angle looks like this house is just a wall,bi0uyp,0,images/bi0uyp.jpg
3111,my motorcycle tail light looks like bender when removed,4zijan,0,images/4zijan.jpg
3112,gf and i ordered matching nightstands from amazon one arrived in a big box and the other was by itself,9h0cz5,1,images/9h0cz5.jpg
3113,tangled tree branches,atmlwi,1,images/atmlwi.jpg
3114,elvis on his way to the vegas strip in a scooter,998dhp,1,images/998dhp.jpg
3115,we now have a lifelong pension for lying to the congress and that it was a young boy,8c5pum,0,images/8c5pum.jpg
3116,i have a possessed pepper plant every third or fourth pepper seems to have a scary demonic face ironically they are not hot and very sweet the plant was wrongly identified as a datil imho the best pepper ever i found a ghost pepper label buried in the pot spook pepper is more accurate,d8made,0,images/d8made.jpg
3117,when sandy thwarts this samesex couples marriage the internet comes to the rescue,12izd4,1,images/12izd4.jpg
3118,is pittsburgh the new austin the austin we hoped and dreamed of the austin that was foretold,4o7nz2,0,images/4o7nz2.jpg
3119,how to avoid a fine have putin on your car hood,2y53tl,1,images/2y53tl.jpg
3120,a rocket going through clouds,3hng19,1,images/3hng19.jpg
3121,i have a small collection of tiny things,cf8ut5,1,images/cf8ut5.jpg
3122,the choices this person made when decorating their front yard,dd0ltm,1,images/dd0ltm.jpg
3123,nation delighted as many famous people in same room together,2wv32c,0,images/2wv32c.jpg
3124,all the clock hands are set to and,b7g9du,1,images/b7g9du.jpg
3125,slovenian town goes ahead with beer fountain plan,451u3x,1,images/451u3x.jpg
3126,a pizza clock at my local pizzeria,dhe3ma,1,images/dhe3ma.jpg
3127,little hermy,7uly2o,1,images/7uly2o.jpg
3128,tennessee recognises th as kkk leader nathan forrests national day so if you love you sheets whiter than white its your lucky day if youre a minority have a great tan or are generally not too attached to militant racism less so,ce1hj4,0,images/ce1hj4.jpg
3129,this is whatd happen if a woman got her period in space,568fhh,0,images/568fhh.jpg
3130,this little guy greeted me at the job today,764kce,0,images/764kce.jpg
3131,storm trooper baymax,4lms7l,1,images/4lms7l.jpg
3132,gun smoke resembles womans face,2ofciq,0,images/2ofciq.jpg
3133,a red alligator,1gze06,0,images/1gze06.jpg
3134,piss on me,3d8z7j,0,images/3d8z7j.jpg
3135,i ordered some burgers and they came with a pair of disposable gloves,9emka5,1,images/9emka5.jpg
3136,hitler chooses suicide over being captured th,8ljc6i,0,images/8ljc6i.jpg
3137,runner crawls to finish of austin marathon,2w526h,1,images/2w526h.jpg
3138,crab spreads claws upwards,17ed9e,1,images/17ed9e.jpg
3139,just a picture of harambe on the market flooded with recent times,5jo7xg,0,images/5jo7xg.jpg
3140,swedish police radio used,3tteak,0,images/3tteak.jpg
3141,riot police celebrating a job on my window during a motorcycle crash,59insf,0,images/59insf.jpg
3142,i found this quarter stuck in the bottom of my washing machine,d1595t,1,images/d1595t.jpg
3143,i see this cat every time i go to michaels craft store,87xw1r,0,images/87xw1r.jpg
3144,you can have both cold but warm seat temperatures,c6qozh,1,images/c6qozh.jpg
3145,axehead type,aufv7z,0,images/aufv7z.jpg
3146,most transparent administration in history releases completely redacted document about text snooping,1ebsrt,1,images/1ebsrt.jpg
3147,looking for something else,4l2f7t,0,images/4l2f7t.jpg
3148,wordsearchable version of mueller report,bffdak,1,images/bffdak.jpg
3149,hulk smash,cun39o,0,images/cun39o.jpg
3150,one million trees to be planted in kazakhstan as part of nationwide campaign,disghi,1,images/disghi.jpg
3151,man in tight space building laundry closet,7j16b6,1,images/7j16b6.jpg
3152,but his employees are fine with the sun reflecting on it it looks like for reddit karma vs what it means to be in a different position in the mirror,8z70id,0,images/8z70id.jpg
3153,my watch decided to spend all of the great names of wifi,chi20r,0,images/chi20r.jpg
3154,suicide net on golden gate bridge will save lives,65ez8w,1,images/65ez8w.jpg
3155,facebook murder suspect allegedly shares eerie trait with serial killers,667qou,0,images/667qou.jpg
3156,casey neistat from ubisofts far cry primal,987aob,0,images/987aob.jpg
3157,this bob ross energy drink,as4ssk,1,images/as4ssk.jpg
3158,service dog delivers puppies at florida airport while waiting for a flight,8md2se,1,images/8md2se.jpg
3159,robot being trained to shoot guns is not a terminator insists russian deputy prime minister,65rmmd,1,images/65rmmd.jpg
3160,a yawning cat,ass20c,1,images/ass20c.jpg
3161,this tree that was one half dead and one half alive,9e7xp3,1,images/9e7xp3.jpg
3162,south carolina woman scammed thinking she bought ipad but turned out to be block of wood,1s816n,1,images/1s816n.jpg
3163,mckinney boy abducted at age reunited with father eight years later,2add8v,1,images/2add8v.jpg
3164,minnisota vikings locke traded no to freeman for k donates it all va medical center,1qj7az,1,images/1qj7az.jpg
3165,charlton v coventry stopped after plastic pigs thrown on pitch,57mwb1,1,images/57mwb1.jpg
3166,googles new selfdriving car,26o21v,0,images/26o21v.jpg
3167,a guy with his arm around nothing,3pa6jf,1,images/3pa6jf.jpg
3168,pancho villa surrenders after being captured by the strong us army forces that were dispatched to capture him,6hpu0s,0,images/6hpu0s.jpg
3169,a painting of a dog,26ehqr,0,images/26ehqr.jpg
3170,christ reluctantly enters area mans heart,39twtt,0,images/39twtt.jpg
3171,crush the prussianbuy a bondrd liberty loan,733su7,0,images/733su7.jpg
3172,things we find refreshing according to this fruit juice bottle,bkbao0,1,images/bkbao0.jpg
3173,dog attempting to human,4ga6tw,1,images/4ga6tw.jpg
3174,rnc asks court to keep recount plan for secret,9eh9v0,1,images/9eh9v0.jpg
3175,riot girl disposable generation,atjbe2,0,images/atjbe2.jpg
3176,my evil seat,94dh56,0,images/94dh56.jpg
3177,protester in brussels belgium,2lhckz,1,images/2lhckz.jpg
3178,pompadour dread makes your argument invalid,ido7y,1,images/ido7y.jpg
3179,current and former president enjoy a round of golf together,7ttzpk,0,images/7ttzpk.jpg
3180,comcast tells government that its data caps arent actually data caps,2eonnq,1,images/2eonnq.jpg
3181,bbc news us to end federal use of private prisons,4yd5se,1,images/4yd5se.jpg
3182,disappointed bus,4ewb4g,0,images/4ewb4g.jpg
3183,noticed this while working the other day,239fje,0,images/239fje.jpg
3184,on his blindness if you happen to be an orange,2sfyft,0,images/2sfyft.jpg
3185,scientist discovered and fully restored this ancient painting of jesus christ and his disciple judas,7co94t,0,images/7co94t.jpg
3186,how would i go about restoring the keyboard on this tia i picked up,d62fgy,0,images/d62fgy.jpg
3187,researchers send robotic penguin babies in to monitor real penguins,2ldbes,1,images/2ldbes.jpg
3188,cat walks downs the driveway,7fmsz6,1,images/7fmsz6.jpg
3189,dog lost during superstorm sandy reunited with owners,2c8o36,1,images/2c8o36.jpg
3190,antibolshevik peace and freedom in sovdepiya,c8d160,0,images/c8d160.jpg
3191,dog trying to catch snowball,2rjpue,1,images/2rjpue.jpg
3192,cottontop tamarin eating an insect,2gepnf,1,images/2gepnf.jpg
3193,using her new dog bed as a chin rest,b1o83d,0,images/b1o83d.jpg
3194,tom hanks riding a swing,1vqo8e,1,images/1vqo8e.jpg
3195,found this neat piano on the playground at my brothers school,d1qdls,1,images/d1qdls.jpg
3196,stumbled upon these native american cave paintings on my road trip through nevada toquima cave,ay40lh,1,images/ay40lh.jpg
3197,oneironaut all dogs go to heaven,6rcaow,0,images/6rcaow.jpg
3198,look at me app teaches autistic children to communicate,2q6zjy,1,images/2q6zjy.jpg
3199,can someone edit this polaroid of me,bb266s,0,images/bb266s.jpg
3200,buddha in the mustard,ctkgzb,0,images/ctkgzb.jpg
3201,the bridge of the starship uss enterprise nccd,40nuwt,0,images/40nuwt.jpg
3202,shoes found at a nazi concentration camp by the russian front circa,92toyi,0,images/92toyi.jpg
3203,neuschwanstein castle germany,34oymj,1,images/34oymj.jpg
3204,natural bird bath in tree,cu0nam,1,images/cu0nam.jpg
3205,unpopular police officer thinking about committing racially motivated offense for a little support,47i991,0,images/47i991.jpg
3206,sociopathic prison guard torturing prisoner c,ddr9n1,0,images/ddr9n1.jpg
3207,marie antoinette after the decapitation of the king of france louis xvi at the start of the french revolution,9i86ga,0,images/9i86ga.jpg
3208,the way the two s form a heart,9k9j68,1,images/9k9j68.jpg
3209,the dirt spot on my jeep looks like star treks delta insignia,b546o6,0,images/b546o6.jpg
3210,corkscrew in cork,85c9mr,0,images/85c9mr.jpg
3211,study finds this very common morning drink linked to skin cancer,8gpsid,0,images/8gpsid.jpg
3212,vacuum needs its fix of dust,6jy2ng,0,images/6jy2ng.jpg
3213,old guy balancing on a bottle,3yyuf9,1,images/3yyuf9.jpg
3214,the creepy fella who lives in my wall,1szgdn,0,images/1szgdn.jpg
3215,my bathroom is a pig sty,2grvrf,0,images/2grvrf.jpg
3216,there are two layers of mountains and clouds,bq2rvf,1,images/bq2rvf.jpg
3217,request this picture i found that looks like a postcard,8llrmy,0,images/8llrmy.jpg
3218,these wiper blade protectors have their own little wiper blade,djolhs,1,images/djolhs.jpg
3219,the effects of chemical weapons,5epr0t,0,images/5epr0t.jpg
3220,man who walked miles every day to find kidney donor for wife finally gets his wish,7btjhq,1,images/7btjhq.jpg
3221,beard from below,4ztbds,1,images/4ztbds.jpg
3222,this water mark kinda looks like africa,detjh0,1,images/detjh0.jpg
3223,morristown nj bridal store gave away free wedding dresses to bridestobe who serve or who are marrying someone who actively serves in the armed forces,3t6cfw,1,images/3t6cfw.jpg
3224,this lamp in my hotel has an hdmi port,d2370b,1,images/d2370b.jpg
3225,dog wearing a stuffed animals face,3uqjcq,1,images/3uqjcq.jpg
3226,smuggler turned war hero han solo betrayed by his son kylo ren aby,5nsd42,0,images/5nsd42.jpg
3227,scrapped idea for my band l,5t1a5p,0,images/5t1a5p.jpg
3228,dont know how well this fits here but found this ad in a newspaper,d2jif2,1,images/d2jif2.jpg
3229,this horrormovie grandma pretending to be a tree shadow,ckelup,0,images/ckelup.jpg
3230,newlywed husband wife crash into each other both die,27hbr7,1,images/27hbr7.jpg
3231,no feeling in cpcs printed message to the blind,1j1svm,1,images/1j1svm.jpg
3232,a spilled bag of doritios in the dirt,7oo3t3,0,images/7oo3t3.jpg
3233,this is not photoshop this is pure coke gravityexe has committed toasterbath,brbj6l,1,images/brbj6l.jpg
3234,my coffee was groot,2ek2pd,0,images/2ek2pd.jpg
3235,us detects huge meteor explosion,b2hgfe,0,images/b2hgfe.jpg
3236,im guessing hes pretty upset,6btote,0,images/6btote.jpg
3237,this knob looks happy despite its eye injury,6zv6gv,0,images/6zv6gv.jpg
3238,frasier stuck in cement,6tw5r0,0,images/6tw5r0.jpg
3239,curious seal plays with surfers in france,73hjzl,1,images/73hjzl.jpg
3240,the exhaust on my weed whacker,27wcl3,0,images/27wcl3.jpg
3241,wwii berlin,cxp7r7,0,images/cxp7r7.jpg
3242,my coworkers chevy pk custom l,clatum,1,images/clatum.jpg
3243,this spider looks exactly like spiderman chest piece,9esxi5,1,images/9esxi5.jpg
3244,this moss ball that washed up on the beach,cr0c1e,1,images/cr0c1e.jpg
3245,squirrel eating avacado while wearing avacado helmet,bgx4cn,1,images/bgx4cn.jpg
3246,a spill detecting robot at the grocery store that was roaming around the store the whole time,as3xbi,1,images/as3xbi.jpg
3247,little did he know how much of an impact he would have,5ci1xd,0,images/5ci1xd.jpg
3248,is this house screaming or laughing,5olo97,0,images/5olo97.jpg
3249,this sheep posing with shades,54ka3b,1,images/54ka3b.jpg
3250,goldie drum bass legend exbond villain looking adventurous on his llama,6e888d,1,images/6e888d.jpg
3251,more than years later formerly homeless man to resume classes at ut,c39lr4,1,images/c39lr4.jpg
3252,this drinking fountain acts as a plant watering system for what people dont drink rather than it going back into the sewer system,9eh947,1,images/9eh947.jpg
3253,i detected exoplanet hdb with a telephoto lens,aubbkk,1,images/aubbkk.jpg
3254,woman leaping away,2pupl5,1,images/2pupl5.jpg
3255,weedy seadragons use their lighting fast jaws not only for one monkey to get they work as a hat,5zq4xo,0,images/5zq4xo.jpg
3256,a brilliant plume of lava taken at mauna loa hawaii,6af1p7,0,images/6af1p7.jpg
3257,this suoertree that is made out of individual trees,cr1va9,1,images/cr1va9.jpg
3258,my local theater has old movie poster prints on their walls,bhkm9v,1,images/bhkm9v.jpg
3259,tabby cat laying in front of van gogh prints,516kuj,1,images/516kuj.jpg
3260,swimming mac miller,cmgx6q,0,images/cmgx6q.jpg
3261,man squatjumps into icy water in his shorts,1aw5zj,1,images/1aw5zj.jpg
3262,churchill rips a massive fart just before his famous we will never surrender speech london,85dtyr,0,images/85dtyr.jpg
3263,my shoes glow when pictures with flash are taken,d9c7tu,1,images/d9c7tu.jpg
3264,student wearing pilots getup at an excursion,6dz7sn,1,images/6dz7sn.jpg
3265,one of the current president,6ff26b,0,images/6ff26b.jpg
3266,fish from ohio river that once caught fire now safe to eat,b2zryc,1,images/b2zryc.jpg
3267,wwii antivd poster s,d110oo,0,images/d110oo.jpg
3268,these two cute seal cubs floating in water,273spa,1,images/273spa.jpg
3269,wood lion,175e9w,0,images/175e9w.jpg
3270,justice ginsburg doesnt let up on trump who fires back,4smzoj,1,images/4smzoj.jpg
3271,judge orders state department to review clinton emails,4z4nm5,1,images/4z4nm5.jpg
3272,white house wants billion extra for nasa to accelerate astronaut return to the moon,bohg0d,1,images/bohg0d.jpg
3273,available here,e2kafhr,0,images/e2kafhr.jpg
3274,smiley face trash can,1mdnvp,0,images/1mdnvp.jpg
3275,this moped in greece,8m1eal,0,images/8m1eal.jpg
3276,crappydesign reallifedoodles vampire that stares into your soul nonthreateningly,5stbgz,0,images/5stbgz.jpg
3277,americas obese a food source for americas even more obese,85of06,0,images/85of06.jpg
3278,a stairwell with what seems like two different skies,as8j5q,1,images/as8j5q.jpg
3279,this hose outside of my workplace tangled into a perfect pretzel,c6qy3a,1,images/c6qy3a.jpg
3280,this year old boat anchor,cfr606,1,images/cfr606.jpg
3281,this onbrand french fry at hong kong disneyland,ddzo2q,1,images/ddzo2q.jpg
3282,dead german soldier shot by french sniper,axn1w9,0,images/axn1w9.jpg
3283,actress sued for staring at man through tv,3aas1l,1,images/3aas1l.jpg
3284,lil dicky chastity belt chronicles,88god6,0,images/88god6.jpg
3285,spilled water turned into pupper,8ztqgo,0,images/8ztqgo.jpg
3286,they cant spank this one d,7kyx0m,0,images/7kyx0m.jpg
3287,these beams look like they have angry orc faces,6m1jve,0,images/6m1jve.jpg
3288,gender neutral bathroom sign at university,b85vmu,1,images/b85vmu.jpg
3289,my french fries were served in a mini fry basket,c2qrwk,1,images/c2qrwk.jpg
3290,this cool cloud over tokyo today,d0tscq,1,images/d0tscq.jpg
3291,this admissions advertisement from a college,be21rp,1,images/be21rp.jpg
3292,a woman considering her options for selfdefense,1b2qv5,1,images/1b2qv5.jpg
3293,women are urgently needed to release men for active service canada wwii,706f8i,0,images/706f8i.jpg
3294,mountain gasherbrum,3j2b00,1,images/3j2b00.jpg
3295,cockatiel holding up its claw,8d0iad,1,images/8d0iad.jpg
3296,suitcase lock looks like diglett,1xfxbb,0,images/1xfxbb.jpg
3297,a freshly picked bushel of bananas,7um9o5,0,images/7um9o5.jpg
3298,john goodman at the emmys in,3x9cqo,1,images/3x9cqo.jpg
3299,world trade organization being founded circa,9chksm,0,images/9chksm.jpg
3300,a very curly cable in the sunlight,999i0h,0,images/999i0h.jpg
3301,in the singapore airport the automatic bag check uses xbox one cameras as code scanners,d0cjw9,1,images/d0cjw9.jpg
3302,this beached iceberg,55lvvk,1,images/55lvvk.jpg
3303,my aunts cat has a handlebar moustache,cvbynr,1,images/cvbynr.jpg
3304,sightseer at sunrise,55dqhj,0,images/55dqhj.jpg
3305,donald trump pulls ted cruz attack ad in south carolina,45bdon,1,images/45bdon.jpg
3306,four of the same type of car in one parking lot,d3i7s1,1,images/d3i7s1.jpg
3307,this happy pepper,cmr3xt,1,images/cmr3xt.jpg
3308,dried rice snack on an empty oz and this,998ezl,0,images/998ezl.jpg
3309,deeper barnacle lost but looking,5gs7tc,0,images/5gs7tc.jpg
3310,man accused of murder confesses in court so he can be back in his cell in time for monday night football,12qz99,1,images/12qz99.jpg
3311,jarjar binks,3itwgw,0,images/3itwgw.jpg
3312,this guy at a bird sanctuary,24js1r,1,images/24js1r.jpg
3313,orangutan sitting on a tree,35m52k,1,images/35m52k.jpg
3314,skull butter,5pmsyh,0,images/5pmsyh.jpg
3315,karl benz invents the motorwagen circa,cg6fl6,0,images/cg6fl6.jpg
3316,they said what find out what faith hill christian bale and malcolm gladwell have to say,5h0n92,0,images/5h0n92.jpg
3317,ss ss recruiting poster from belgium,3f2qf0,0,images/3f2qf0.jpg
3318,making of the few reasons i enjoy this way too much,4t4ft3,0,images/4t4ft3.jpg
3319,prussian officer delivers speech wearing ceremonial pickelhaube circa,8s6qvx,0,images/8s6qvx.jpg
3320,this painting of a lemon and tray,br8zzq,0,images/br8zzq.jpg
3321,very relaxed on the work uniforms here,b9c1t2,0,images/b9c1t2.jpg
3322,mao zedong about to sacrifice his first born son to the water gods,7w1o91,0,images/7w1o91.jpg
3323,alligator sunning himself in a parking lot at my uni,de4wm6,1,images/de4wm6.jpg
3324,this very happy smoke alarm,azk0l4,0,images/azk0l4.jpg
3325,cactus growing on top of building,btnpw4,1,images/btnpw4.jpg
3326,kushner used private email to conduct white house business politico,7288fm,1,images/7288fm.jpg
3327,i found a big nerd in my box,cq0uec,1,images/cq0uec.jpg
3328,yosemite valley in the fall,2uzayj,1,images/2uzayj.jpg
3329,senate rejects trumps border emergency declaration setting up first veto,b14bai,1,images/b14bai.jpg
3330,this sad toilet,6l79uf,0,images/6l79uf.jpg
3331,olympic figure skating couple,1yfcj8,1,images/1yfcj8.jpg
3332,am i gay for god the rat king,axsccw,0,images/axsccw.jpg
3333,mark hamill auditions for luke skywalker,833gxn,0,images/833gxn.jpg
3334,children playing on ipad,6i5bqd,1,images/6i5bqd.jpg
3335,mom lets yearold play outside faces jail,3v8lgs,1,images/3v8lgs.jpg
3336,gudok publication international zionism,93mcec,0,images/93mcec.jpg
3337,logan paul giving a live performance to his fanbase circa,7wtpze,0,images/7wtpze.jpg
3338,bianca bree daughter of jeanclaude van damme demonstrates stretching the splits,4iu2n4,1,images/4iu2n4.jpg
3339,unhappy kkk member,8belh1,0,images/8belh1.jpg
3340,the tag on this shirt i ordered says to not slap pandas,dfisyi,1,images/dfisyi.jpg
3341,bullied boy in new school becomes the doorman kindness breeds kindness,1c9msi,1,images/1c9msi.jpg
3342,police atm filler accused of emptying daytona beach machines,2mt2g0,1,images/2mt2g0.jpg
3343,a startled drink splash,1y3ft3,0,images/1y3ft3.jpg
3344,pakistan tv show giving away babies,1j32by,1,images/1j32by.jpg
3345,cow who escaped new york slaughterhouse finds sanctuary,42ggxg,1,images/42ggxg.jpg
3346,antigang units target yearolds amid middleclass gang problems,cx18ju,1,images/cx18ju.jpg
3347,jared kushner hid dozens of meetings with russians from his application for topsecret security clearance,642wce,1,images/642wce.jpg
3348,this goat race gone awry,ayxrae,1,images/ayxrae.jpg
3349,carla bruni in a photoshoot,d5u63u,1,images/d5u63u.jpg
3350,the back of this car,982v47,0,images/982v47.jpg
3351,bumbledog and owner in matching outfit at dockjumping competition,3lyra3,1,images/3lyra3.jpg
3352,commissioned painting of chinese president xi,dh3aos,0,images/dh3aos.jpg
3353,saxon baby coffin whitby,bfc0jy,1,images/bfc0jy.jpg
3354,beware this tree is watching you,167eba,0,images/167eba.jpg
3355,gold coast siege gunman also kept rabbit court,2qf6ty,1,images/2qf6ty.jpg
3356,these us navy mps conducting a training exercise,8hp6u6,1,images/8hp6u6.jpg
3357,historian documents the great war ww in extreme detail,9k6lo3,0,images/9k6lo3.jpg
3358,i found a completely different logo under the worn out one on my leggings,bo5fam,1,images/bo5fam.jpg
3359,this moth on our sliding door looks like it has ears,cs2nf7,1,images/cs2nf7.jpg
3360,guy in a pumpkin suit,77nqie,1,images/77nqie.jpg
3361,i opened a misprinted bandaid yesterday,9hb584,1,images/9hb584.jpg
3362,tiny cactus,cngywa,1,images/cngywa.jpg
3363,a picture that i took of a landing craft boat used in a local dday renactment in conneaut oh,csksf0,1,images/csksf0.jpg
3364,an unrestrained demon,8klhq8,0,images/8klhq8.jpg
3365,man throws corgi off plane,8u0if3,0,images/8u0if3.jpg
3366,this subway in new mexico uses paper bags instead of plastic,bwhnta,1,images/bwhnta.jpg
3367,looks like my grape wasnt too happy about being stabbed in the forehead,1yjv6d,0,images/1yjv6d.jpg
3368,illinois overhauls system for funding public schools,6wzwy7,1,images/6wzwy7.jpg
3369,although theyre in terror at least they have each other,5u0e2j,0,images/5u0e2j.jpg
3370,the way the tread lines up nicely with the rest of the wikipedia page for rule of three,5ieskx,0,images/5ieskx.jpg
3371,cycling is the perfect sport for transvestites,38fg61,1,images/38fg61.jpg
3372,innocent redditor gets banned from rthanosdidnothingwrong,8xmjvg,0,images/8xmjvg.jpg
3373,came across a really old phone booth,bh9rky,1,images/bh9rky.jpg
3374,spoopy beer,dd0gtw,0,images/dd0gtw.jpg
3375,selfridges becomes first major uk retailer to remove palm oil from all ownbrand products department store makes items free of the substance nine months ahead of schedule,bm27wu,1,images/bm27wu.jpg
3376,still from call me by your name,8hiubp,0,images/8hiubp.jpg
3377,this lake in norway,cf9vdc,1,images/cf9vdc.jpg
3378,enlarged picture at work clearly shows a red onions plant cells,bsid7i,1,images/bsid7i.jpg
3379,coconut o,8zssqa,0,images/8zssqa.jpg
3380,this paper i found in my notebook,b36bot,1,images/b36bot.jpg
3381,new york times blunder creates new country of kyrzbekistan,2ruhab,1,images/2ruhab.jpg
3382,borscht corporation an hour to kill,awqo53,0,images/awqo53.jpg
3383,maine hermit gets offers of marriage bail knight is smiling pleasant even has his own folk song tribute,1ci7ca,1,images/1ci7ca.jpg
3384,kermit being tortured viet kong colourized,bwda1y,0,images/bwda1y.jpg
3385,a participant of caribana parade,1011wn,1,images/1011wn.jpg
3386,lazerworld neon decay,daa178,0,images/daa178.jpg
3387,my friend from germany is taking an english course and this was their lesson today how to use fuck,bh7jnb,1,images/bh7jnb.jpg
3388,a condom on the ground,2nebq4,0,images/2nebq4.jpg
3389,google rewarded the guy who bought googlecom and he donated it all to charity,3ocscz,1,images/3ocscz.jpg
3390,latin america in polish beer,ayvlqs,0,images/ayvlqs.jpg
3391,a perfect pancake,d82fpg,1,images/d82fpg.jpg
3392,made sunny side up eggs but the lid was too small,c70s2c,1,images/c70s2c.jpg
3393,the trumpet calls wwi,2k7sw7,0,images/2k7sw7.jpg
3394,australia bans small breasts,1kqxwx,1,images/1kqxwx.jpg
3395,this toilet paper with no tube,9duitr,1,images/9duitr.jpg
3396,this tree i found has been hollowed out in the centre by lightning,b2f8ac,1,images/b2f8ac.jpg
3397,new hubble shot of the andromeda galaxy,574wza,0,images/574wza.jpg
3398,parachuter,29155g,1,images/29155g.jpg
3399,a happy imperfection in my wood floor,3b9r74,0,images/3b9r74.jpg
3400,all day breakfast well read woman,8ogdbl,0,images/8ogdbl.jpg
3401,carrot plant pot,cry9z9,0,images/cry9z9.jpg
3402,xerox parc sports stadium at night,3l2ab7,0,images/3l2ab7.jpg
3403,my book bag mustve been exhausted today,d63rg2,0,images/d63rg2.jpg
3404,first touchdown on mars,9g5etm,0,images/9g5etm.jpg
3405,sonic youth sister,6qtlex,0,images/6qtlex.jpg
3406,boy midbackflip,33iagj,1,images/33iagj.jpg
3407,feed me more books,2g18q5,0,images/2g18q5.jpg
3408,my mom woke me early this morning to see this,28pjcl,1,images/28pjcl.jpg
3409,nfl players teaming up in las vegas for a makeawish bowling event,21xlr5,1,images/21xlr5.jpg
3410,this headless gymnast,d0oaf4,1,images/d0oaf4.jpg
3411,this glass box attached to the building,dbi4ae,0,images/dbi4ae.jpg
3412,hardcore og double og triple og,c9r02uq,0,images/c9r02uq.jpg
3413,neighbors sink,cxp1ht,0,images/cxp1ht.jpg
3414,dog chasing ball,bs92tu,1,images/bs92tu.jpg
3415,friends birthday surprised,1885hd,1,images/1885hd.jpg
3416,facebook is breached putting million users data at risk,9jpm8s,1,images/9jpm8s.jpg
3417,a woman climbing a palm tree,1981vw,1,images/1981vw.jpg
3418,remember these,1fwjjm,1,images/1fwjjm.jpg
3419,young woman with down syndrome becomes the ambassador for benefit cosmetics,cieuk1,1,images/cieuk1.jpg
3420,i got the hat as gift for xmass hes ready to see things,1vlzhg,1,images/1vlzhg.jpg
3421,teacher accidentally fires gun and injures student in california,84czze,1,images/84czze.jpg
3422,a horses eye,2z6r24,0,images/2z6r24.jpg
3423,upvote kid,33cnef,1,images/33cnef.jpg
3424,cam newton at press confrence,5adf9j,1,images/5adf9j.jpg
3425,nora daza ill find my own way,36ppmi,0,images/36ppmi.jpg
3426,alarmed picklr,3ytqrr,0,images/3ytqrr.jpg
3427,my philosophy teacher during a charity fundraiser,1dmpe5,1,images/1dmpe5.jpg
3428,a very happy camper,699g9k,0,images/699g9k.jpg
3429,open trap make happy jap keepem pulling for victory ca,2xjf1h,0,images/2xjf1h.jpg
3430,paris under a red sky,4vz1ze,1,images/4vz1ze.jpg
3431,dog sitting upright in a camping chair,bigy8w,1,images/bigy8w.jpg
3432,saw this secret mickey at kings dominion yesterday,8kvvo9,0,images/8kvvo9.jpg
3433,this very uncertain looking dog,2k35oh,1,images/2k35oh.jpg
3434,rare clip of the first live hippo birth in san diego zoo circa,685wjs,0,images/685wjs.jpg
3435,drum major is not amused part,1s9k3a,1,images/1s9k3a.jpg
3436,delighted father of rescued thai soccer player cant wait to hug his son,8xslt6,1,images/8xslt6.jpg
3437,isis supporters invite lionel messi to join jihad after goal against iran,295baz,1,images/295baz.jpg
3438,first collaborative space mission apollosoyuz prelaunch,cgie47,0,images/cgie47.jpg
3439,burglars strike at sahibabad police station cops remain unaware for over a day,broqji,1,images/broqji.jpg
3440,this chunky stray,8y5uax,1,images/8y5uax.jpg
3441,canadian candidate who urinated into coffee cup apologizes,3jxu7q,1,images/3jxu7q.jpg
3442,this brachiosaurus is trapped in the wood grain,6rd2oa,0,images/6rd2oa.jpg
3443,one of the first burritos served by taco bell on opening day,bujg0i,0,images/bujg0i.jpg
3444,billions of fleas with massive penises will be invading bedrooms in south london homes,55qn6l,1,images/55qn6l.jpg
3445,met this happy fella yesterday,86am13,0,images/86am13.jpg
3446,chopped my dang thumb off again,8mwk8h,0,images/8mwk8h.jpg
3447,these oem duracell batteries,azalz7,1,images/azalz7.jpg
3448,life these graphs perfectly capture the rolling hills and sprawling pastures of mamas girlhood and o how sweet the meadowgrass smelled,6mvf65,0,images/6mvf65.jpg
3449,texans attack muslim weather,20mytz,1,images/20mytz.jpg
3450,someone climbed up this billboard to put up the flag,d32rbk,1,images/d32rbk.jpg
3451,the midnight ride of paul revere,axy7oa,0,images/axy7oa.jpg
3452,russian agent disgusted with things he forced to do to pass self off as reddit commenter,7kts76,0,images/7kts76.jpg
3453,a red pepper cut in half,cur4ry,1,images/cur4ry.jpg
3454,a recycling bin shaped like a huge coffee cup with separate sections for the lidliquidcup,d097l2,1,images/d097l2.jpg
3455,australians playing cricket on a warm day via raustralia,178xv0,1,images/178xv0.jpg
3456,mermaid tail cheese curl,d2yj4a,1,images/d2yj4a.jpg
3457,tiny octopus so cute it be named adorabilis,3a8mjt,1,images/3a8mjt.jpg
3458,the fbi national academy has a mockup of the theater john dillinger was shot and killed in front of on,chgl5p,1,images/chgl5p.jpg
3459,my bag of frozen pomegranate seeds had one lonely seed stuck in the top seal of the bag,b603av,1,images/b603av.jpg
3460,camden barbers tackle mental health inequality,67bnpv,1,images/67bnpv.jpg
3461,mexican uber driver in us illegally charged with four rapes,7ssa84,1,images/7ssa84.jpg
3462,friends pretending to be aladdin and jasmine,2ee34y,1,images/2ee34y.jpg
3463,antarctic co levels highest in million years is that a problem,4or9ph,1,images/4or9ph.jpg
3464,pacman,2x58s5,0,images/2x58s5.jpg
3465,tekken king ps,eyu1zfz,0,images/eyu1zfz.jpg
3466,the way this tree grew on a rock,czc1fc,1,images/czc1fc.jpg
3467,mcmaster says donald trumps soninlaw and a terrorist inmate were killed and more than a decade,8s8a2c,0,images/8s8a2c.jpg
3468,george washington and family waiting in the delta skylounge before their flight to orlando,c9eb0d,0,images/c9eb0d.jpg
3469,prestige alone and forgotten,80c3se,0,images/80c3se.jpg
3470,they actually want a white teacher us teacher reportedly denied job in south korea due to skin colour,2mtlb9,1,images/2mtlb9.jpg
3471,my cat has a butterfly on his nose,cj26l9,1,images/cj26l9.jpg
3472,nazi soldier moments before being killed by a jewish ambush circa,8yu0zn,0,images/8yu0zn.jpg
3473,exuberant little girl hunting for easter eggs,31lmxk,1,images/31lmxk.jpg
3474,water dispenser is excited,59wf1k,0,images/59wf1k.jpg
3475,a vending machine gave me one dollar coins as change,9it10u,1,images/9it10u.jpg
3476,campaign against nuclear disarmament from the s details in comments,cgdxob,0,images/cgdxob.jpg
3477,this plant growing out of a bag of potting soil,cur83u,1,images/cur83u.jpg
3478,combination of mirrors and no mirrors in an office toilet,ci8rg3,0,images/ci8rg3.jpg
3479,this car has a license plate that says wolverine,9jfzpu,1,images/9jfzpu.jpg
3480,my friends jumping a car after school s thought this picture was lost forever but it recently resurfaced,8g73rq,0,images/8g73rq.jpg
3481,good samaritan finds little girls lost letter to santa fulfills wish,1tw0ze,1,images/1tw0ze.jpg
3482,the o on this coffee cups lid is also the air hole,cx8cfn,1,images/cx8cfn.jpg
3483,my plane has full openstreetmap coverage,b42y1k,1,images/b42y1k.jpg
3484,william carvalho was bossing the midfield for the first game i gave you a good couple of years with me and then took a private jet to moscow,8uferd,0,images/8uferd.jpg
3485,jewish forced to strip their clothes before being gassed to death in auschwitz,6fvsua,0,images/6fvsua.jpg
3486,kid giving the shocker to the actors of the new vacation movie,3fjow5,1,images/3fjow5.jpg
3487,usa army preparing to kill osama bin ladin,d878gs,0,images/d878gs.jpg
3488,this parking spot for a purple heart recipient,9esywh,1,images/9esywh.jpg
3489,suction cupwearing robert mueller forced to cower behind white house chandelier after trump returns home earlier than planned,8gaghl,0,images/8gaghl.jpg
3490,a black day for space exploration and human ambition,5x1pu4,0,images/5x1pu4.jpg
3491,this toilet in my hotel united states has buttons on top to tell it how much water to flush with or,bmp8va,1,images/bmp8va.jpg
3492,moss ivy peeling off a bridge near where i live sorry for bad quality,b7t1tp,1,images/b7t1tp.jpg
3493,chickfila sign cows being transported by flatbed truck,cqy35l,1,images/cqy35l.jpg
3494,hot air balloons,373emk,1,images/373emk.jpg
3495,herbert hoover combats the great depression circa,bdyk92,0,images/bdyk92.jpg
3496,odd colored pepsi logo,94571i,0,images/94571i.jpg
3497,the assassination of john fortnite kennedy,btiawl,0,images/btiawl.jpg
3498,tosa reduction of esters x,2tzcos,0,images/2tzcos.jpg
3499,only communism will save you german kpd,bz25vi,0,images/bz25vi.jpg
3500,angry mop,2vg73x,1,images/2vg73x.jpg
3501,who knew that golfers had such high vertical leaps,bu1ctx,0,images/bu1ctx.jpg
3502,hey there mr elephant,6cga2g,0,images/6cga2g.jpg
3503,swiss army flashlight,b0n4rf,1,images/b0n4rf.jpg
3504,man arrested for allegedly attempting to flood se portland basements,6rxbgi,1,images/6rxbgi.jpg
3505,the crowd definitely reached all the way to the washington monument trump tells,5qgryr,0,images/5qgryr.jpg
3506,new google algorithm removes holocaust denial sites from search results,5ki63a,0,images/5ki63a.jpg
3507,httpsimageibbcocxkdepsbattlejpg,e1yhizq,0,images/e1yhizq.jpg
3508,years of use have burned in the squares and time on this old scoring monitor,9gddad,1,images/9gddad.jpg
3509,mushroom infested,7ycre2,0,images/7ycre2.jpg
3510,mayo face,32gevv,0,images/32gevv.jpg
3511,flume days nights,ceen5z,0,images/ceen5z.jpg
3512,freshly baked bread,b3uve4,0,images/b3uve4.jpg
3513,bike gang member,1nlr9v,1,images/1nlr9v.jpg
3514,my husbands shirt has safety reflexes under the collar,cgqx3o,1,images/cgqx3o.jpg
3515,lucille takes control of the vespa scooter as her husband louis armstrong plays outside of the colosseum in rome in by slim aarons,2egpc0,1,images/2egpc0.jpg
3516,how a san francisco man repopulated a rare butterfly species in his backyard,6aoyv4,1,images/6aoyv4.jpg
3517,these depressed cats,7lq0ov,1,images/7lq0ov.jpg
3518,one and a half ice creams in one package,d6slpg,1,images/d6slpg.jpg
3519,does smoking pot lead to more sex,79bqbr,0,images/79bqbr.jpg
3520,this dog taking a shower,2aw3vp,1,images/2aw3vp.jpg
3521,how did china save the giant panda,519usp,0,images/519usp.jpg
3522,latte i am your father,1fa205,0,images/1fa205.jpg
3523,burning candles whatever it takes to survive,87su4n,0,images/87su4n.jpg
3524,such a sadist,1catp4,0,images/1catp4.jpg
3525,this is not concrete or an ariel shot of new delhi its my living room carpet,9220cj,0,images/9220cj.jpg
3526,art from adversity the national youth orchestra of iraq founded during the war and going strong,3ly1gk,1,images/3ly1gk.jpg
3527,pelosi democrats need to curb their enthusiasm over trump impeachment,6bz5qc,1,images/6bz5qc.jpg
3528,there are sneks crawling up my leg,78o9xz,0,images/78o9xz.jpg
3529,people showed up for a kkk rally in dayton ohio they were drowned out by protestors,bt2c7k,1,images/bt2c7k.jpg
3530,arctic ground squirrels unlock permafrost carbon,2pjcad,1,images/2pjcad.jpg
3531,hitlers official response to the dday attacks th of,aws6br,0,images/aws6br.jpg
3532,civil defense poster from the canadian department of civil health and welfare circa s,8j1gx3,0,images/8j1gx3.jpg
3533,children with adult sized backpacks,6abgsl,1,images/6abgsl.jpg
3534,gop congressman supports covering preexisting conditions but only for people who lead good lives,68wjp9,1,images/68wjp9.jpg
3535,this baby smiling next to a dog,bwvs07,1,images/bwvs07.jpg
3536,the weekly cover critique thread step up your game umilesdaguy umagikarpdrowned,8yhzr4,0,images/8yhzr4.jpg
3537,aaaaaaaahhhhhhh,5woeia,0,images/5woeia.jpg
3538,this father tossing his son,8ygba7,1,images/8ygba7.jpg
3539,new highly praised modern art piece,78zw00,0,images/78zw00.jpg
3540,hey hey,2ssu7a,0,images/2ssu7a.jpg
3541,a throne carved out of a tree trunk,6qkotd,1,images/6qkotd.jpg
3542,this carrot,3r3my5,0,images/3r3my5.jpg
3543,fwd how would this even make sense,8eplmw,0,images/8eplmw.jpg
3544,me ziplining down a mountain with a gopro attached to my wrist,2cq0h8,1,images/2cq0h8.jpg
3545,mr looks horrified,30xfwt,0,images/30xfwt.jpg
3546,fat guy needs help,13jtgq,1,images/13jtgq.jpg
3547,this piano that doesnt like where things are going,2j847z,0,images/2j847z.jpg
3548,this baby got measles because of antivaxers cnn,biz1z0,1,images/biz1z0.jpg
3549,as long as theres a fascist on this earth there will be a good reason to be antifascist italy modern,3tgk7d,0,images/3tgk7d.jpg
3550,the largest lan card,8zo7ue,0,images/8zo7ue.jpg
3551,lapel video shows officer finding missing toddler,3zjrbu,1,images/3zjrbu.jpg
3552,knockout game is killing innocent civilians,1qzx3u,1,images/1qzx3u.jpg
3553,michael jackson is accused child molestation,c4aoos,0,images/c4aoos.jpg
3554,investigative journalism article how peter thiels secretive data company pushed into policing,6sq9pr,1,images/6sq9pr.jpg
3555,adele has to give this up to save her voice hello singer has to make a tragic sacrifice for her music,4xjied,0,images/4xjied.jpg
3556,a close aide to italys deputy prime minister matteo salvini held covert talks to pump russian oil money to his farright party lega,cbg0u6,1,images/cbg0u6.jpg
3557,indeed looks like a squirrel,clbglp,0,images/clbglp.jpg
3558,sad lamp,3jjji5,0,images/3jjji5.jpg
3559,a foaming dog,7wmo2s,0,images/7wmo2s.jpg
3560,huckabee compares being gay to drinking and profanity,2uftah,1,images/2uftah.jpg
3561,my vanilla lobster balancing precariously on a plastic leaf,cjyiyj,1,images/cjyiyj.jpg
3562,shifty house,6m15p9,0,images/6m15p9.jpg
3563,my squash plant didnt shed the seed shell,cbonco,1,images/cbonco.jpg
3564,this corn had a little baby corn growing along with it,cj3ju4,1,images/cj3ju4.jpg
3565,dad starts car wash for his autistic son,2vlfyn,1,images/2vlfyn.jpg
3566,set of recruiting posters for the peoples liberation army china,ywyvd,0,images/ywyvd.jpg
3567,this rig looked happy to see us this afternoon,8ylxs2,0,images/8ylxs2.jpg
3568,exuberant punk steno machine has nice butterpat teeth,zrbxe,0,images/zrbxe.jpg
3569,macaw i saw getting a taste of what sitting in traffic is like,crhmle,1,images/crhmle.jpg
3570,beautiful aerial photo of the coast of the mediterranean sea,7bcj18,0,images/7bcj18.jpg
3571,lalozai this nation that we all love,2smb7o,0,images/2smb7o.jpg
3572,meow,deti4f,0,images/deti4f.jpg
3573,this cigarette ad on a magazine in my doctors waiting room,9if54y,1,images/9if54y.jpg
3574,requirements of us negotiaters during negetiation for treaty of versailles circe,axm15n,0,images/axm15n.jpg
3575,ferryman in ireland,b2ecr8,1,images/b2ecr8.jpg
3576,life heartbreaking the worst person you know just made a great point,7vfukj,0,images/7vfukj.jpg
3577,at the local walmart,b0exzb,1,images/b0exzb.jpg
3578,kitten does an attac,7wd443,1,images/7wd443.jpg
3579,goalkeeper spills an easy save into his own net,3354ge,1,images/3354ge.jpg
3580,the scream in a pice of wood,clo3bg,0,images/clo3bg.jpg
3581,german s firing at allied bombers,b668vw,0,images/b668vw.jpg
3582,miami beach declares a climate emergency youth activists want other cities to do it too,dk62d6,1,images/dk62d6.jpg
3583,a wheelbarrow and kitten,7xn25b,1,images/7xn25b.jpg
3584,beijing pollution police force to combat toxic smog,5moddc,1,images/5moddc.jpg
3585,this cop saved an abandoned babys life but the way she did it is awesome,4p2j88,0,images/4p2j88.jpg
3586,what looks like an eye on a wood bench,cll4n5,1,images/cll4n5.jpg
3587,allied forces begin first bombing run,9gouk3,0,images/9gouk3.jpg
3588,my mailbox looks like a troll,52a4ha,0,images/52a4ha.jpg
3589,gun rights groups to stage mock mass shooting at ut,3w3orj,1,images/3w3orj.jpg
3590,my bread looked scared this morning,38ea0o,0,images/38ea0o.jpg
3591,those weird clouds i saw today in slovakia,avgz2z,1,images/avgz2z.jpg
3592,the coin operated binoculars at niagara falls are happier cold,7o3y0s,0,images/7o3y0s.jpg
3593,this bucket so full its going above the brim but not spilling over,b3rm0u,1,images/b3rm0u.jpg
3594,citizen know nothing american partyknownothing party lithograph,6tcapv,0,images/6tcapv.jpg
3595,my son found this guy when reaching for the steelseries controller,4hri1l,0,images/4hri1l.jpg
3596,robert downey jr wearing a tiger costume,3quh48,1,images/3quh48.jpg
3597,top worthless college majors of,6g6pnz,0,images/6g6pnz.jpg
3598,the test screen of an lner lcd seat reservation system,bzf85o,1,images/bzf85o.jpg
3599,puggle hats are the latest rage got mine,11gpy8,1,images/11gpy8.jpg
3600,this elevator has a low oil warning thankfully the light wasnt on,cuzzzz,1,images/cuzzzz.jpg
3601,the grateful squirrel in the other side of the greatest songs of the moon,3hlakf,0,images/3hlakf.jpg
3602,mourners digital mondays,7fg0jn,0,images/7fg0jn.jpg
3603,white jeep driving over sand dunes,8mqfas,0,images/8mqfas.jpg
3604,bald eagle capturing a catfish,3c48za,1,images/3c48za.jpg
3605,mt hood national forest,5493lx,1,images/5493lx.jpg
3606,european culture or bolshevism nazi german poster intended for poles s,d52lkv,0,images/d52lkv.jpg
3607,stormclouds over mission trails regional park santee,2if3on,1,images/2if3on.jpg
3608,colleges new careerlink program connects students with thousands of annoyed alums,200cd0,0,images/200cd0.jpg
3609,cocos ending interstellarcoco spoiler,88flsj,0,images/88flsj.jpg
3610,my kind of taco truck,cwccmt,1,images/cwccmt.jpg
3611,aids dont die of ignorance uk dept of health campaign television and cinema public information film,4tkp43,0,images/4tkp43.jpg
3612,this cloud hole,bxqvqd,1,images/bxqvqd.jpg
3613,austrohungarian against the serbs translation better a louse in the pot than no meat at all wwi,atml8i,0,images/atml8i.jpg
3614,parents infant gets stitches after being attacked by raccoon in apartment,7ln38c,1,images/7ln38c.jpg
3615,a view down the throat of a very large red fish,5pdq4m,1,images/5pdq4m.jpg
3616,we will win popular union of artistsrevolutionary antifascist patriotic front,47z3qu,0,images/47z3qu.jpg
3617,young native boy gets his government check circa,8ettim,0,images/8ettim.jpg
3618,junkyard sink,cydg3s,0,images/cydg3s.jpg
3619,electronic arts video games firm wants to stop being hated,1g3x89,1,images/1g3x89.jpg
3620,mountain hare snow,7ouceq,1,images/7ouceq.jpg
3621,france the first attack in the flour war where peasants riot in protest of high prices,73uqxh,0,images/73uqxh.jpg
3622,that sinking feelingcarnival,8qdt3j,0,images/8qdt3j.jpg
3623,lucha scissors,3q6qjt,0,images/3q6qjt.jpg
3624,the family of dogs,cf4u9a,1,images/cf4u9a.jpg
3625,antonio banderas is going to fashion school so he can bring capes back to menswear,3kppc1,1,images/3kppc1.jpg
3626,the inside of this melon,6wlxl2,1,images/6wlxl2.jpg
3627,how to install super mario run on android and why you shouldnt do that,5iovwp,0,images/5iovwp.jpg
3628,afro samurai,70bc32,0,images/70bc32.jpg
3629,this commercial has a timer to tell you when it will be done,cxqy7i,1,images/cxqy7i.jpg
3630,the rip on this sink is the smallest privatelyowned public library oaklandemeryville,4cqx3q,0,images/4cqx3q.jpg
3631,squirrel on a branch leaning over and touching his reflection in the water,8miq7f,1,images/8miq7f.jpg
3632,tornado damages north texas high school homes with classes canceled students take advantage of the day off by showing up to help clean up after the storm,4gxts3,1,images/4gxts3.jpg
3633,california highway police go on the slowest pursuit ever to safely guide a gaggle of geese off of a bay area highway,4kzixm,1,images/4kzixm.jpg
3634,video these men were at the rumble in the jungle and their stories are incredible,5fj8ls,0,images/5fj8ls.jpg
3635,fish catches man in florida video,16k39c,1,images/16k39c.jpg
3636,remembering an accomplished but fatally flawed president history lessons from richard nixons presidential library,5q56q8,1,images/5q56q8.jpg
3637,i normally dont chase flies because i dont have the bruce lee reflexes but this one was huge and just creeping me out so i spent a good minutes chasing it looks like i made a good decision never seen a smashed fly poop out so much larvae in my life this is only a fraction of the maggots,crbvhy,1,images/crbvhy.jpg
3638,once polluted and reviled the chicago river bounces back,93yjcx,1,images/93yjcx.jpg
3639,toddler playing with beach sand for the first time,2xq90n,1,images/2xq90n.jpg
3640,dear world i wasnt all bad signed,5lez6g,1,images/5lez6g.jpg
3641,kangaroo about to get inside,5dea09,0,images/5dea09.jpg
3642,physical therapist offended patient hasnt gotten a boner yet,b9egun,0,images/b9egun.jpg
3643,two british ww soldiers lie dead on the ground after the first usage of mustard gas by the germans,cptba4,0,images/cptba4.jpg
3644,i have of debt heres what im doing about my credit score,59o0o6,0,images/59o0o6.jpg
3645,corrections splashes out million for slushy machines,biggfw,1,images/biggfw.jpg
3646,vintage black and white photo of children with halloween masks,3qy7b5,1,images/3qy7b5.jpg
3647,this bananas smiley face,b4kklo,0,images/b4kklo.jpg
3648,this eggplant from my garden has a cleft like a butt,dl8k1x,1,images/dl8k1x.jpg
3649,little girls absolute joy after beloved pet dog ace returns home after thieves stole him a year ago,5ovqy5,1,images/5ovqy5.jpg
3650,italian government nuclear bomb test,cdm2lt,0,images/cdm2lt.jpg
3651,do you even lift,c6h4zqn,0,images/c6h4zqn.jpg
3652,kayakers on lake louise,d3q0ly,0,images/d3q0ly.jpg
3653,this restroom door with new antibacterial protection,del43a,1,images/del43a.jpg
3654,ole miss students vote unanimously to remove confederate statue from campus center,ay7xkb,1,images/ay7xkb.jpg
3655,im a gardener and one of our clients has a cannon in her garden,9f76pf,1,images/9f76pf.jpg
3656,omg i cant believe what i just heard,2gydk2,0,images/2gydk2.jpg
3657,this perfectly ushaped noodle i found in my pasta box,cm3cup,1,images/cm3cup.jpg
3658,even though i never use these dutch animal names i enjoyed that it was aesthetically on the wall of a shoes store,d8cnm6,1,images/d8cnm6.jpg
3659,scared kitten meeting a dog,6b54u0,1,images/6b54u0.jpg
3660,this beach has black sand under the yellow sand,9ckezs,1,images/9ckezs.jpg
3661,pendulum instruments damn you all to hell,3bxlcj,0,images/3bxlcj.jpg
3662,this key that was left in the keyhole,cfrlci,1,images/cfrlci.jpg
3663,manfred von richtofen i dont believe in global warming indie rock,70dt0f,0,images/70dt0f.jpg
3664,boy leaves heartbreaking note on cuddly toy in asda after his mum couldnt afford to buy it for him,6jups1,1,images/6jups1.jpg
3665,an unusually happy gardener,41ji32,1,images/41ji32.jpg
3666,new york nuns amazing story of adoption from bessborough and her emotional reunion with mother,5ziudr,1,images/5ziudr.jpg
3667,this tree swinger,76k4x5,1,images/76k4x5.jpg
3668,upliftingnews in review for,6npilx,1,images/6npilx.jpg
3669,my sprinkle cake didnt turn out anything like the picture,5pz0gk,0,images/5pz0gk.jpg
3670,pic some guys friend took from the back seat while landing on a logging bridge,1fiwdn,1,images/1fiwdn.jpg
3671,joseph stalin promotes vaping circa,bdbexl,0,images/bdbexl.jpg
3672,this flag storage locker on an italian navy ship,bkuvc6,1,images/bkuvc6.jpg
3673,red bull im samoa,9ffc4n,1,images/9ffc4n.jpg
3674,i actually found a starbucks across the street from another starbucks,djmrg2,1,images/djmrg2.jpg
3675,digital highway selfregulation,982nnv,0,images/982nnv.jpg
3676,ken ham ejected from theater for yelling wrong every time jurassic world actors say million years,8u3tqb,0,images/8u3tqb.jpg
3677,deleted roast me,6apoti,0,images/6apoti.jpg
3678,the wear on these stairs at the restaurant i work at from years of servers running up and down them,c8veah,1,images/c8veah.jpg
3679,operation desert storm circa,csu8q1,0,images/csu8q1.jpg
3680,telletubby toy,8od5hj,1,images/8od5hj.jpg
3681,sunset at on off the hudson bay in northern quebec more days till the longest day of the year,1gk86z,1,images/1gk86z.jpg
3682,the nuremburg rally,84qqlv,0,images/84qqlv.jpg
3683,operation civilized dead,8p75zl,1,images/8p75zl.jpg
3684,fox news to hire a director of fear,6r0qwf,0,images/6r0qwf.jpg
3685,sipo argue with my ears,ay84yw,0,images/ay84yw.jpg
3686,when the janitors of our school miss the semen on the floor the ants get to it instead,buxzn3,1,images/buxzn3.jpg
3687,these baby sea lion pups covering themselves in sand,54dpz0,1,images/54dpz0.jpg
3688,juice box,c1ss88,0,images/c1ss88.jpg
3689,the allies show to germany the condition of the treaty of versailles colorised,cs672z,0,images/cs672z.jpg
3690,when you see dat booty,8v2nj1,0,images/8v2nj1.jpg
3691,rare photo of first romantic encounter between clinton lewinsky,73pxup,0,images/73pxup.jpg
3692,nbn chief blames online gamers predominantly for fixed wireless congestion,8oo8rm,1,images/8oo8rm.jpg
3693,my snapchat icon is slightly out of line,9dbvt1,1,images/9dbvt1.jpg
3694,tub file cosmopolitan aesthetic,7p0crp,0,images/7p0crp.jpg
3695,fitbit watch rubbed a little blister on my wrist after yoga,c6zk7c,1,images/c6zk7c.jpg
3696,bear smoking a cigar in the grains of wood,48teov,0,images/48teov.jpg
3697,my grape has a four leaf clover complex,b3fvew,1,images/b3fvew.jpg
3698,maine coon cat being held by small boy,8ibzsb,1,images/8ibzsb.jpg
3699,the global outcry following the brutal killing of a lion in zimbabwe was unprecedented but the death of cecil raised more than m in donations and has ensured the survival of his grandcubs,3y4gnd,1,images/3y4gnd.jpg
3700,tim duncan spurs terrified by ghosts at berkeleys claremont hotel,21jsg6,1,images/21jsg6.jpg
3701,prague,5go2ny,1,images/5go2ny.jpg
3702,german soldier prepares for the battle of berlin th,bkbjrs,0,images/bkbjrs.jpg
3703,this big lighter,cr2rb7,1,images/cr2rb7.jpg
3704,dancers at a christmas show,1t5g0t,1,images/1t5g0t.jpg
3705,this cat sleeping on glass,26vj9d,1,images/26vj9d.jpg
3706,he is terrified of my steak knife,16ik4z,0,images/16ik4z.jpg
3707,unfortunate wardrobe malfunction,55iqao,0,images/55iqao.jpg
3708,harriet tubman bill no longer coming in,bs2m56,1,images/bs2m56.jpg
3709,california man fights dui charge for driving under influence of caffeine,5k3qel,1,images/5k3qel.jpg
3710,an almost perfectly split rock,cyxb7k,1,images/cyxb7k.jpg
3711,chop club error code,96lvsv,0,images/96lvsv.jpg
3712,found a mushroom cluster that looks like a skull nature is pretty metal,bfvnmu,1,images/bfvnmu.jpg
3713,fbi raids the office of trump lawyer michael cohen,8b1ntj,1,images/8b1ntj.jpg
3714,i found this robot face in an abandoned wwii bunker,cp5ay1,1,images/cp5ay1.jpg
3715,convenience store has mayoketchup packet,d3v0b3,1,images/d3v0b3.jpg
3716,keith richards explains how he got rid of trump nearly years ago,8jm0oz,0,images/8jm0oz.jpg
3717,nipsey x dr sebi mural in the works west valley city utah,d9mqwc,1,images/d9mqwc.jpg
3718,toddler banging on pots and pans appointed as new white house communications director,6r7lqr,0,images/6r7lqr.jpg
3719,an overloaded train car full of jews being herded off into auschwitz during the holocaust,7na4bt,0,images/7na4bt.jpg
3720,we have a heap of love to give one couples decision to adopt a baby boy with down syndrome,46ca12,1,images/46ca12.jpg
3721,blackstar we will rebuild together,6wm7b6,0,images/6wm7b6.jpg
3722,a chesterfield county man is being called a hero after he rescued a woman from a car that had slid into a partially frozen pond and trapped her inside as the car began to sink,2wl4sa,1,images/2wl4sa.jpg
3723,canadian makes thousands of dollars smuggling water into the us cindy mcneil is a canadian water smuggler every other day she makes the trip from bc into washington state with a trunk load of fresh canadian water to sell for profit to an american water buyer,5n8hr5,0,images/5n8hr5.jpg
3724,me and my squad celebrating beer,1k0ivm,1,images/1k0ivm.jpg
3725,staple guy is not impressed,7rhbtv,0,images/7rhbtv.jpg
3726,daytime talk show host takes bold stance in support of men suffering from erectile dysfunction,8l9vgd,0,images/8l9vgd.jpg
3727,whos a good b,8uij92,0,images/8uij92.jpg
3728,family listens to the first aired podcast on their ipod,6gawr1,0,images/6gawr1.jpg
3729,kim jong un on a horse,1a5pv6,1,images/1a5pv6.jpg
3730,got this back as change at a speedway,c3fd5w,1,images/c3fd5w.jpg
3731,available here,eu5vxu6,0,images/eu5vxu6.jpg
3732,netanyahu solves the israelipalistine crisis,daiw5b,0,images/daiw5b.jpg
3733,bee the change local hive adoption program save the bees,5xy3jm,1,images/5xy3jm.jpg
3734,injured in shooting at highland high school in palmdale california suspect in custody,8ipcfo,1,images/8ipcfo.jpg
3735,the birth of venus by sandro botticelli,2h3k2l,0,images/2h3k2l.jpg
3736,beautiful sunset this evening on my drive home,86tisf,0,images/86tisf.jpg
3737,the experience you have to sing this way i spend a long time on this one only just noticed the typo,4cdb0t,0,images/4cdb0t.jpg
3738,a dispensary gave me back arizona quarters as change,9boyn6,1,images/9boyn6.jpg
3739,gulag prisoner attempts to escape,bc4ggl,0,images/bc4ggl.jpg
3740,congress blocks rule barring mentally impaired from guns,5u91kd,1,images/5u91kd.jpg
3741,im in heaven homeless father reunited with adult daughters after years,czl9lb,1,images/czl9lb.jpg
3742,thanks to ai a rd person is arrested following a pop superstars concert,8lpztr,1,images/8lpztr.jpg
3743,just finished my first painting peaceful farmland from the witcher,44btwc,0,images/44btwc.jpg
3744,three french rugby players looking like proud fathers and son,1vla5r,1,images/1vla5r.jpg
3745,alex the band neighborhoodkids,7469bf,0,images/7469bf.jpg
3746,columbia students oppose installation of hideous henry moore sculpture,4ds74j,1,images/4ds74j.jpg
3747,this is the joyous moment ellie is told shes finally going to disneyworld thanks to make a wish,62kvyn,1,images/62kvyn.jpg
3748,warrant mankato body shop paid employees in methamphetamine,4ft3ke,1,images/4ft3ke.jpg
3749,retired wwii fighter pilot,bto85q,0,images/bto85q.jpg
3750,this truck just got dumped,8yy06i,0,images/8yy06i.jpg
3751,the seat is very happy that you sit on it,ctnvtf,0,images/ctnvtf.jpg
3752,cat with large pupils,8jbowk,1,images/8jbowk.jpg
3753,ruines of an armenian orthodox church in turkey,4nj5bl,1,images/4nj5bl.jpg
3754,intergalactic law enforcement officers place energy shackles on hillary clinton,58fyr9,0,images/58fyr9.jpg
3755,dog with chronic injury saves owner from grizzly bear attack,3pjj41,1,images/3pjj41.jpg
3756,at first glance it looks like hes standing against a tree looking out over the lake that is until you turn your head sideways as the photo says the lake is nonexistent,ascdqs,0,images/ascdqs.jpg
3757,the wonder music emporium,93dwxu,0,images/93dwxu.jpg
3758,three dogs looking out of a car,7u5fni,1,images/7u5fni.jpg
3759,young boy tries to flee from flooding caused by hurricane katrina th,5pfmd8,0,images/5pfmd8.jpg
3760,my ranch cup looks perplexed,4wyhe6,0,images/4wyhe6.jpg
3761,my science teacher owns a inch ruler and claims he has had it for years for non americans inch rulers are the norm,cz9cp3,1,images/cz9cp3.jpg
3762,smoke from the fires in oregon collecting around mount hood,9j7ajh,1,images/9j7ajh.jpg
3763,for my quarter friend,bh87zs,1,images/bh87zs.jpg
3764,the way this truck dog blends in with the mural behind him,b29ctc,1,images/b29ctc.jpg
3765,munich agreement,76b1ar,0,images/76b1ar.jpg
3766,this truck can ride train rails on its wheels,bim947,1,images/bim947.jpg
3767,climbing up a mountain in the altai mountains russia xoc,3zlknv,0,images/3zlknv.jpg
3768,samsung warns users to watch what they say in front of smart tvs,45fa8h,1,images/45fa8h.jpg
3769,trump touts support for medicare slams medicare for all,dcrk9z,1,images/dcrk9z.jpg
3770,jussie smollett showing up to the set of empire,at6b6y,0,images/at6b6y.jpg
3771,fed up att has announced that if you think you can make a cellphone tower look like a tree better than they can then be their fucking guest,8dp3w3,0,images/8dp3w3.jpg
3772,prince charles is caught shedding his reptillian skin,cd85o9,0,images/cd85o9.jpg
3773,hondas new f engines look like demonic clowns,3rudc3,0,images/3rudc3.jpg
3774,the way the letters on this handicap sign are peeling makes it look like a groovy font,ct7ml8,1,images/ct7ml8.jpg
3775,boobytrapped explosives built into walls of unrwa clinic,2chbwz,1,images/2chbwz.jpg
3776,this tiny tree on a tiny tomato,c0qgj6,0,images/c0qgj6.jpg
3777,new kittens buffer against extinction of ocelots,bhdvik,1,images/bhdvik.jpg
3778,my sally had a face o,ygtv3,0,images/ygtv3.jpg
3779,does this count,dd00ad,0,images/dd00ad.jpg
3780,my sweater sort of matches my pillowcase,bpp9jr,1,images/bpp9jr.jpg
3781,stained glass windows that open,bzu5hn,1,images/bzu5hn.jpg
3782,natures perfect design scientists believe that studying woodpeckers could totally revolutionize the way we bash trees apart with our heads to find bugs,cu17eo,0,images/cu17eo.jpg
3783,work bathroom was a scene out of amityville horror,cje32w,1,images/cje32w.jpg
3784,didnt know walmart allowed this,cqxfir,1,images/cqxfir.jpg
3785,a man looking down into a mud volcano,2i97qa,1,images/2i97qa.jpg
3786,justin trudeau hugging a supporter at toronto pride parade,6jh31p,1,images/6jh31p.jpg
3787,bin laden milliseconds before being killed by a navy seal shot to the head,744sbb,0,images/744sbb.jpg
3788,available here,eukl6cm,0,images/eukl6cm.jpg
3789,russian child stands up to western expansion in a touching moment,7nj5ab,0,images/7nj5ab.jpg
3790,expectant mothers in nepal are trekking for days in rough conditions to glimpse their unborn children at australianrun ultrasound clinics they would walk for days they would come over the mountains and across the rivers simply to have an ultrasound and see a picture of their baby,87qhg8,1,images/87qhg8.jpg
3791,childs drawing nowhere near good enough for expensive new fridge,6ksvda,0,images/6ksvda.jpg
3792,a dollar bill i got as change,bvfv16,1,images/bvfv16.jpg
3793,mrw ronda rousey ama after the bengals game i take the g centrifuge test,3z0jpb,0,images/3z0jpb.jpg
3794,this strawberry,bzzfqe,1,images/bzzfqe.jpg
3795,who got dropped in snl cast shakeup,4ww4tu,0,images/4ww4tu.jpg
3796,cat illusion,7g5c8q,1,images/7g5c8q.jpg
3797,angry man holding year old kids version of his clothes,5v7v8f,1,images/5v7v8f.jpg
3798,russian fighter jets buzz us warship in black sea photos show,5ufjfq,1,images/5ufjfq.jpg
3799,how to fuck up your teacher with school punishments,arltnp,1,images/arltnp.jpg
3800,five years after the obama administration promised to move swiftly to permanently plug unused oil and gas wells in the gulf of mexico even more shafts are lingering for longer periods with only temporary sealing an investigation by the associated press shows,3dqtr6,1,images/3dqtr6.jpg
3801,fools bluff ends in woman receiving a brand new k bmw,30zy2t,1,images/30zy2t.jpg
3802,this pic of my cat with dualcolored laser eyes,au3edv,1,images/au3edv.jpg
3803,my friends electronic cigarette has a tiny face on it,b15ysv,0,images/b15ysv.jpg
3804,i have a extra eyelash growing out of middle of my eyelid it grows back after pulling it,dctvlq,1,images/dctvlq.jpg
3805,lil sister and i hottest album of the year,6dthrv,0,images/6dthrv.jpg
3806,the first pornographic film le coucher de la mariee is marketed,b5r4ml,0,images/b5r4ml.jpg
3807,its just easier for dumb people to make a gif ive been browsing my rare pepe archive and found this,4jpztn,0,images/4jpztn.jpg
3808,tony abbott resigned as prime minister by fax,3l5apr,1,images/3l5apr.jpg
3809,no sure about the branding on this chinese wet wipe,9fyfhy,1,images/9fyfhy.jpg
3810,mussolinis molested corpse is on display in milan,cujixo,0,images/cujixo.jpg
3811,after tweeting about her worst day ever for sales the owner of an independent bookstore has been inundated with support from customers book lovers and famous authors,8ukya9,1,images/8ukya9.jpg
3812,hero irl daniel radcliffe comes to the rescue of mugging victim,6o96pi,1,images/6o96pi.jpg
3813,these thank you notes my dad has,cgdjno,1,images/cgdjno.jpg
3814,the tree outside our living room window makes me shit myself every night,9a6r5v,0,images/9a6r5v.jpg
3815,inventor of the qtip leo gerstenzang found with his wife ziuta demonstrating the products ability to reach hardtoclean areas,d9jzt0,0,images/d9jzt0.jpg
3816,postage stamp from the regency of carnaro a selfproclaimed state in the city of fiume now rijeka croatia led by protofascist poetauthor gabriele dannunzio x,t6ywr,0,images/t6ywr.jpg
3817,orion wells as charles foster kane during filming of citizen kane,9dyge3,0,images/9dyge3.jpg
3818,my oranges at school were in a barrel,d040v6,1,images/d040v6.jpg
3819,kim jong un watching a press conference of donald trump,7l0lm7,0,images/7l0lm7.jpg
3820,the snow is only sticking to certain bricks in the patio,asqz4n,1,images/asqz4n.jpg
3821,a cat staring off,5xpuab,1,images/5xpuab.jpg
3822,my grape has a smiley face,aw6gk1,1,images/aw6gk1.jpg
3823,crew of firefighters heroically running into burning blaze to save family,1wtkrl,0,images/1wtkrl.jpg
3824,vulture feeling nauseous after eating bad rotting deer carcass,5ro9qk,0,images/5ro9qk.jpg
3825,young girl steals popes cap in viral video in a clip thats quickly gone viral a young girl snatches the pontiffs hat as he leans in to kiss her on the cheek,60zshy,1,images/60zshy.jpg
3826,pet owner saved his drowning tortoises life after giving it mouthtomouth for an hour,6uxj02,1,images/6uxj02.jpg
3827,steam theres no reprieve,bl9req,0,images/bl9req.jpg
3828,bbc apologises for broadcasting picture of prince william with penis drawn on his head,1ji4bz,1,images/1ji4bz.jpg
3829,for some reason one of the science classrooms at my school has this,b9dwfe,1,images/b9dwfe.jpg
3830,bungo province one of my whims,4d070v,0,images/4d070v.jpg
3831,meet david boone an incredible cleveland teenager who should be an inspiration to all i didnt know what the results of not giving up were going to be but it was better than nothing and having no advantages,u2u45,1,images/u2u45.jpg
3832,flamingoes rescued from siberian wilderness,2ll2x1,1,images/2ll2x1.jpg
3833,this ice pillar created from a dripping garage heater exhaust,awwrza,1,images/awwrza.jpg
3834,this kid and a mackerel,6mg9dm,1,images/6mg9dm.jpg
3835,ancient japanese coloring book,8whe83,0,images/8whe83.jpg
3836,when parted my cats fur looks like dyed blond hair with natural brunette roots growing in,bdzac8,1,images/bdzac8.jpg
3837,friendly argentine neighbour during a military coup circa,6sbx9w,0,images/6sbx9w.jpg
3838,scary aliens on the rear window of a car,8c346h,0,images/8c346h.jpg
3839,georgia man to complete half ironman as he battles incurable lung cancer,4jx377,1,images/4jx377.jpg
3840,new study finds men with attractive wives more satisfied in marriage,1r6sm0,1,images/1r6sm0.jpg
3841,settled dirt made a smiley face in my bowl,de4jf1,1,images/de4jf1.jpg
3842,dragon on a fireplace,6tk4z8,1,images/6tk4z8.jpg
3843,container ship lost dozen of containers in san francisco bay,3wmxqu,1,images/3wmxqu.jpg
3844,cat doing the sits,1eya06,1,images/1eya06.jpg
3845,john cenas menacing look,47x48z,1,images/47x48z.jpg
3846,anticentral bank political cartoon from,14umqb,0,images/14umqb.jpg
3847,ecologists urge birds to avert global decline of insects by adopting seedbased diet,aw8l2b,0,images/aw8l2b.jpg
3848,kanye at the panam closing ceremonies,3eqvf2,1,images/3eqvf2.jpg
3849,all sex tourists from the whole world are welcome to ukraine by serhiy khokhol around painting social,1jxh5d,0,images/1jxh5d.jpg
3850,this trophy for best corn,8r35ct,1,images/8r35ct.jpg
3851,fall danish eu referendum,3qbsj8,0,images/3qbsj8.jpg
3852,hitler have married jewish woman by mistake,22afrp,1,images/22afrp.jpg
3853,my aunts weiner dog loves to stand up,1uf9e4,1,images/1uf9e4.jpg
3854,long live fighting womans day yugoslavia date unknown,49izvc,0,images/49izvc.jpg
3855,ow my eye,1ag32u,0,images/1ag32u.jpg
3856,the meg releases in theatres worldwide,8h4afb,0,images/8h4afb.jpg
3857,no more running yktv,87fvsx,0,images/87fvsx.jpg
3858,vladimir putin with narendra modi holding hands,6f1hqg,1,images/6f1hqg.jpg
3859,doubleheader funeral after husband dies on way to wifes wake,190qmz,1,images/190qmz.jpg
3860,two panicked towers,9k65gc,0,images/9k65gc.jpg
3861,this hairless cat hoarding coins,6cwmbx,1,images/6cwmbx.jpg
3862,eminem finale,7l6t4r,0,images/7l6t4r.jpg
3863,pete buttigieg was falsely accused of sexual assault in a stunt concocted by conspiracy theorist jacob wohl,bizb7d,1,images/bizb7d.jpg
3864,boy scouts of america debut new official pocket knife in effort to recruit more members,cvy9qv,0,images/cvy9qv.jpg
3865,found an old hand made pyramid buried in my grandparents backyard,akg0nt,1,images/akg0nt.jpg
3866,durango in for a clutch cable,4zr4zo,0,images/4zr4zo.jpg
3867,this cat grabbing a camera,369szq,1,images/369szq.jpg
3868,ok so now figure out how to use ice dispenser on a long post about cnn,5q2e4g,0,images/5q2e4g.jpg
3869,lucasfilm responds to yearolds request to let jedi marry,32xz19,1,images/32xz19.jpg
3870,teacher arrested after meeting to improve relations with pittsburgh police,1h8rpo,1,images/1h8rpo.jpg
3871,this face on the bottom of a sawfish,d1uynp,1,images/d1uynp.jpg
3872,koreans disinfecting a cinema,39q2j6,1,images/39q2j6.jpg
3873,years of breed improvement,25f84c,1,images/25f84c.jpg
3874,bruce springsteen posing in a leotard while wearing a nifty wig,6xyl4u,0,images/6xyl4u.jpg
3875,kyrgyzstan boy,16wd2x,1,images/16wd2x.jpg
3876,mrw i am going to have my attention,4x28sl,0,images/4x28sl.jpg
3877,dolomites range italy,2sxgcn,1,images/2sxgcn.jpg
3878,donation box offering a fist bump,2r6rzl,0,images/2r6rzl.jpg
3879,frank ocean blonde every song,8unzcw,0,images/8unzcw.jpg
3880,soil judging team claims national title for first time in nearly years,1dvsjf,1,images/1dvsjf.jpg
3881,this crab i found hiding at the bottom of the steps at the seawall,cbo7y9,1,images/cbo7y9.jpg
3882,the inside of a cheap v battery,djjywp,1,images/djjywp.jpg
3883,joaquin phoenix as jesus smoking,6m0j7g,1,images/6m0j7g.jpg
3884,toy gun lost years ago in dublin tree reunited with owner,5j6j2m,1,images/5j6j2m.jpg
3885,my number pad has naruto runners on the and keys,dbs3px,1,images/dbs3px.jpg
3886,these cat tracks on a wall in my parking garage,boc82s,1,images/boc82s.jpg
3887,is that a camera,88b7ob,0,images/88b7ob.jpg
3888,john cena lifting weights,dhq29b,1,images/dhq29b.jpg
3889,warren buffett if a bank needs a government bailout the ceo and spouse should lose net worth,bkqtmb,1,images/bkqtmb.jpg
3890,puppet states the deli aisle,5m85t8,0,images/5m85t8.jpg
3891,james naismith inventing the game of basketball,82xant,0,images/82xant.jpg
3892,i was really bad at sports in high school this new study helps me understand why,4m1rpu,0,images/4m1rpu.jpg
3893,busty and topless blonde hippie nsfw,4t8u7b,1,images/4t8u7b.jpg
3894,this cloud in leicester uk,9iad8m,1,images/9iad8m.jpg
3895,olympic cyclist vs toaster can he power it,59uoy2,0,images/59uoy2.jpg
3896,jack skellington in the tomato,1km9c1,0,images/1km9c1.jpg
3897,ww soldier riding wild boar,2952l7,1,images/2952l7.jpg
3898,this cilantro leaf that got stuck in the seal,bsfkyt,1,images/bsfkyt.jpg
3899,unidentified space junk labelled wtf is about to crash into earth,3qdgxm,1,images/3qdgxm.jpg
3900,this cow smiling,83gfcv,1,images/83gfcv.jpg
3901,a dog has survived five days stuck on icy waters after a heroic rescue in the us,49o1yi,1,images/49o1yi.jpg
3902,the way itunes overlays this album looks with the edge of phpnets page,55h9a2,0,images/55h9a2.jpg
3903,this beer logo looks like a carbug spraychemical logo,ckfjo2,1,images/ckfjo2.jpg
3904,chinese tech companies reportedly hiring cheerleaders to motivate programmers,3kk2zo,1,images/3kk2zo.jpg
3905,east cleveland,7qe40t,0,images/7qe40t.jpg
3906,tom hollandhot seat,b7si9s,0,images/b7si9s.jpg
3907,lord bendtner in the air,2hirix,1,images/2hirix.jpg
3908,oops german headmistress blurts out sieg heil during relay race at school,1zmnok,1,images/1zmnok.jpg
3909,north korea defector says the interview could push citizenry to revolt,33abhb,1,images/33abhb.jpg
3910,this bad ass tank in mid air,264ypy,1,images/264ypy.jpg
3911,a doge does a blep,97mtn8,0,images/97mtn8.jpg
3912,hundreds of trainee raf pilots not flying,axi9gv,1,images/axi9gv.jpg
3913,cat with vampire fangs,5aqluj,1,images/5aqluj.jpg
3914,a grouchland spy infiltrating nazi forces,ba6jew,0,images/ba6jew.jpg
3915,was reading some chemistry did not expect to meet an old friend,4lkgkh,0,images/4lkgkh.jpg
3916,area man shocked to see his elementary school has a website,49xjnz,0,images/49xjnz.jpg
3917,tainted minds help ep,6xcyzq,0,images/6xcyzq.jpg
3918,lifeboat bait,5lnnbn,0,images/5lnnbn.jpg
3919,third eye pig is not impressed,ax4cl8,0,images/ax4cl8.jpg
3920,bob costass eyes take down bob costas,1xm7ny,1,images/1xm7ny.jpg
3921,reasons why season episode nsfw,8mse5j,0,images/8mse5j.jpg
3922,what bug is this,c26ujb,1,images/c26ujb.jpg
3923,elon musk leaves president trumps advisory council after paris agreement exit,6eqivg,1,images/6eqivg.jpg
3924,several coins standing on their sides,bb2ymi,1,images/bb2ymi.jpg
3925,chipotle using freebies to fight eeriness of empty stores,4ap0ez,1,images/4ap0ez.jpg
3926,has a world that obama is behind it,76qam6,0,images/76qam6.jpg
3927,pervert surprise guy,2pcq0q,1,images/2pcq0q.jpg
3928,dont go to bed with a malaria mosquitofight the peril behind the lines us world war ii poster,6ly8w6,0,images/6ly8w6.jpg
3929,winners of a dance marathon,2vkwso,1,images/2vkwso.jpg
3930,this little guy was apparently very worried about my dentist cleaning,1gnyle,0,images/1gnyle.jpg
3931,dark side of the moon remastered,d7vo27,0,images/d7vo27.jpg
3932,mortal kombat character select screen,biius4,0,images/biius4.jpg
3933,hb visa rules trump admin considers tweak that lead to mass deportation of indians,7nruw3,1,images/7nruw3.jpg
3934,my delivery came in a dhl package inside a fedex package,c7rsds,1,images/c7rsds.jpg
3935,came across this tiny sinkhole today,cr5yun,1,images/cr5yun.jpg
3936,desperate search for missing california mother last seen jogging,5brsvj,1,images/5brsvj.jpg
3937,brazilian judge swears he never drove the confiscated porsche in his driveway,2ypklv,1,images/2ypklv.jpg
3938,cutouts,chxxyss,0,images/chxxyss.jpg
3939,this wine holder,6sx1c0,1,images/6sx1c0.jpg
3940,suicides on the rise in yolo county,2b25eg,1,images/2b25eg.jpg
3941,does my small tree look like an owl cubonepokemon or groot,darruf,1,images/darruf.jpg
3942,this massive beet,d3cz7u,1,images/d3cz7u.jpg
3943,florence man douses wife with ax over alleged price gouging investigation loses franchise,8e446b,0,images/8e446b.jpg
3944,at sitins and barricades venezuela protesters try to keep momentum,67ae35,1,images/67ae35.jpg
3945,my monitor setup,26gy1s,0,images/26gy1s.jpg
3946,head injury makes titans delanie walker think,2myqfu,1,images/2myqfu.jpg
3947,macintosh the second generation,5eyxou,0,images/5eyxou.jpg
3948,senate dems finally grow spine in bold scotus move that will make trump furious details,5r88xy,0,images/5r88xy.jpg
3949,the way the sky looks cut in half during sunset,9j1ohc,1,images/9j1ohc.jpg
3950,kim jongun in a boat,1a84qy,1,images/1a84qy.jpg
3951,ancient artifact,ctrwjw,1,images/ctrwjw.jpg
3952,alexandria ocasiocortez defends concentration camp comments history will be kind to those who stood up to this injustice,c2x4y5,1,images/c2x4y5.jpg
3953,artistic spider did a bullet hole spider web in this wall,c9fnia,1,images/c9fnia.jpg
3954,ceo leaves texas organization that detains migrant children,b06ibs,1,images/b06ibs.jpg
3955,trumps face on a mexican blanket,5qvr63,0,images/5qvr63.jpg
3956,mad heater grrrr,8j7xvy,0,images/8j7xvy.jpg
3957,millions of android phones hit by judy malware,6e8v2e,1,images/6e8v2e.jpg
3958,i dont even know what this is,at4srt,0,images/at4srt.jpg
3959,apparently nerds look like crystals without their colored shells,cgg7v3,1,images/cgg7v3.jpg
3960,surprised cat,2xogau,1,images/2xogau.jpg
3961,saw this in rpics think you guys should try it out,svttp,1,images/svttp.jpg
3962,ghost pepper,3biiai,0,images/3biiai.jpg
3963,ben affleck and his backpack,2lq363,1,images/2lq363.jpg
3964,congress nixes regulation that would block gun sales to mentally ill,5ueonx,1,images/5ueonx.jpg
3965,sells service dog wash,cictqv,1,images/cictqv.jpg
3966,cat displeased that its owner still hasnt given it some of their food,36r5yr,1,images/36r5yr.jpg
3967,steering wheel in a modern foumula car,2duqma,1,images/2duqma.jpg
3968,boy made an honorary marine before he dies,v0jit,1,images/v0jit.jpg
3969,united states man undergoes a background check before purchasing a rifle,dda1b9,0,images/dda1b9.jpg
3970,nick fury assembles the avengers,8kjlja,0,images/8kjlja.jpg
3971,just trying to fight a man perfect and victorious,bvm9zy,0,images/bvm9zy.jpg
3972,brrrrr its so cold out here,827x2q,0,images/827x2q.jpg
3973,so much food on my bbq grill,6ki7i8,0,images/6ki7i8.jpg
3974,a soviet soldier peers out of his tank admiring the battlefield,8i70yk,0,images/8i70yk.jpg
3975,this football player jumping in the air,dfp4yt,1,images/dfp4yt.jpg
3976,raise you to a caviar vending machine at sheremetyevo airport,c96cj1,1,images/c96cj1.jpg
3977,here is a beautiful day with my human girldfriend,5n3lfo,0,images/5n3lfo.jpg
3978,owen wilson infiltrates the the edmonton swastikas a canadian girls hockey team in,cu4506,0,images/cu4506.jpg
3979,this monstrosity of an oak leaf,baw8mr,1,images/baw8mr.jpg
3980,johnny depps dogs must bugger off to us or face death for entering australia,35wngx,1,images/35wngx.jpg
3981,this leaf i found in the in our washer machines bleach pocket thingy,b9972i,1,images/b9972i.jpg
3982,nobel committee says donald trump can have peace prize if it makes him go away,44327k,0,images/44327k.jpg
3983,antiwitch the devil appeared in the mass autodafe in in derenburg ss explains the pact of the devil ss shows the direful consequences in db of not rooting out impiety and wizardy in time diseases fornication accidents many more witches,33f3zw,0,images/33f3zw.jpg
3984,russian diver the moment before scoring a zero,4xtslr,1,images/4xtslr.jpg
3985,pole dance cat,2j2wa6,1,images/2j2wa6.jpg
3986,two peanut mms merged into one,cuu79o,1,images/cuu79o.jpg
3987,two flies bangin,4nmav4,1,images/4nmav4.jpg
3988,autopsy for yearold migrant who died in us custody shows she died of sepsis,b7t78q,1,images/b7t78q.jpg
3989,my towel holder looks like a strong man,chocjo,1,images/chocjo.jpg
3990,it turns out mlks yearold granddaughter wrote her for our lives speech all by herself,87mmsm,1,images/87mmsm.jpg
3991,dindnt know what this video time for a fight tonight get rekt in red dead,4605od,0,images/4605od.jpg
3992,a legendary ozark chestnut tree thought extinct is rediscovered,c4yw06,1,images/c4yw06.jpg
3993,the wada requesting their fair share from lance armstrong via sales of his live strong wristbands,ct2y0q,0,images/ct2y0q.jpg
3994,they said what find out what laurie hernandez kirk douglas and jill stein have to say,5hxdo7,0,images/5hxdo7.jpg
3995,motorcyclist survives being thrown out of control could have been bad,9ajt55,0,images/9ajt55.jpg
3996,this log looks like a turtle designed by tim burton,d5ykav,1,images/d5ykav.jpg
3997,epicenter of larry get in the damn car,8gdfzg,0,images/8gdfzg.jpg
3998,this cardboard shelf at a store is sharing my mood,8o5mjo,0,images/8o5mjo.jpg
3999,just realised this guys been watching me iron,tz6p4,0,images/tz6p4.jpg
4000,my lamp shade looks like the independence day space ship and maybe the sad robot from hitchhikers guide to the galaxy,boqq6c,1,images/boqq6c.jpg
4001,eritrea and ethiopia sign peace agreement in saudi arabia overseen by king salman,9gf6ys,1,images/9gf6ys.jpg
4002,woman now living in another state reunited with dog lost years ago,2z3gct,1,images/2z3gct.jpg
4003,mars its a fixerupper,109cax,1,images/109cax.jpg
4004,the bottom clouds look like a lake fading into the skyline,d139my,1,images/d139my.jpg
4005,us supreme court sidesteps ruling in transgender rights case,5xtm2y,1,images/5xtm2y.jpg
4006,guy put his head through a wall,3ch7ay,1,images/3ch7ay.jpg
4007,poster for terminator genisys,34k23h,1,images/34k23h.jpg
4008,just jabbed myself on this nail sticking out of the floor,4dxpcf,0,images/4dxpcf.jpg
4009,the condom pack is the latest indignity in venezuela,2usktv,1,images/2usktv.jpg
4010,parking validation machine enjoys his job,de5arg,0,images/de5arg.jpg
4011,big ears a mustache,125jl5,0,images/125jl5.jpg
4012,this fat little toad,4z6y1x,1,images/4z6y1x.jpg
4013,it was at this moment that dylan decided it was time for christmas,5wfk4o,0,images/5wfk4o.jpg
4014,an escalator being delivered in one piece,cmozql,1,images/cmozql.jpg
4015,russian fundamentalists sue us want alaska back,1aqskq,1,images/1aqskq.jpg
4016,after years donald trump has finished harry potter and the sorcerers stone,87msut,0,images/87msut.jpg
4017,these brackets look far too excited for their job,1loqi7,0,images/1loqi7.jpg
4018,this deer is known as demon of the woods,bvly1e,0,images/bvly1e.jpg
4019,view of the smog over beijing,b7xxgo,1,images/b7xxgo.jpg
4020,this duck looking out of an airplane window,65vxr6,1,images/65vxr6.jpg
4021,ghostbusters reboot cast declare movies critics to be treated in the early s called the technocracy movement,4nd67y,0,images/4nd67y.jpg
4022,anyone think they can do something with this,ckci7r,0,images/ckci7r.jpg
4023,grumpy magpie,5uuui3,1,images/5uuui3.jpg
4024,leather doll shoes my great great grandma and her sister played with in the s,chkn9z,1,images/chkn9z.jpg
4025,armrest of a cheap couch i found at a local garage sale,5d8rd7,0,images/5d8rd7.jpg
4026,breaking americas white population plummets to after trump caves on immigration enforcement,8smf4p,0,images/8smf4p.jpg
4027,this wasps eye doesnt look very happy,d4cpr3,1,images/d4cpr3.jpg
4028,our cute little heater is very happy to warm us,1g3rex,0,images/1g3rex.jpg
4029,friends story remastered reissued with higher levels of bullshit,6lsgik,0,images/6lsgik.jpg
4030,today my amazon package came with an ad on it,cvrnra,1,images/cvrnra.jpg
4031,overwhelmed fema called on bottom of the barrel staff for disasters gao says,9ddqz2,1,images/9ddqz2.jpg
4032,white family sizes up a child born into slavery,6hwojz,0,images/6hwojz.jpg
4033,relativity by m c escher x,1v40vp,0,images/1v40vp.jpg
4034,babel the end is never the end,9im7r6,0,images/9im7r6.jpg
4035,usa before the invention of electric chair,8e2fmu,0,images/8e2fmu.jpg
4036,i made my dad a nerf inspired zombie axe for fathers day,c0quu6,1,images/c0quu6.jpg
4037,my old mans nissan titan has joined the club,bkhh9s,1,images/bkhh9s.jpg
4038,i asked my dog to marry me,9319pf,0,images/9319pf.jpg
4039,having a quick beer,d0kbxw,0,images/d0kbxw.jpg
4040,my tear put an interesting smudge on my glasses,ash84a,1,images/ash84a.jpg
4041,the left is a mouth swab from a healthy coworker the right is my sore throat mouth swab,crlusi,1,images/crlusi.jpg
4042,director of the nsa keith b alexander,1kttwa,1,images/1kttwa.jpg
4043,underwater photo from submarine,3rw166,0,images/3rw166.jpg
4044,i was embarrassed about the way i looked so i figured i should make the most evil company and why,9h1hk1,0,images/9h1hk1.jpg
4045,a slice of my unagi looks like fish head,dhs8ky,1,images/dhs8ky.jpg
4046,josef stalin attempts to assassinate a rival colourized,84sbc7,0,images/84sbc7.jpg
4047,what a year will do to a pair of boots,dkokaq,1,images/dkokaq.jpg
4048,the instructions on this rib box,br4te4,1,images/br4te4.jpg
4049,donald trump and his golf course,43y1ce,1,images/43y1ce.jpg
4050,go green this vegan substitute for human meat has all the great taste without the carbon footprint,8lkdqs,0,images/8lkdqs.jpg
4051,karl marx endorses bernie sanders for president,4b3ztp,0,images/4b3ztp.jpg
4052,us military clears ateam of charges,39tsap,0,images/39tsap.jpg
4053,until the third generation you need to toil campaign against the youngplan,ddu0oc,0,images/ddu0oc.jpg
4054,these flavors of food,b4mihp,1,images/b4mihp.jpg
4055,tiny man or huge dog,7bdqkl,0,images/7bdqkl.jpg
4056,obama doing a pushup,2k4t29,1,images/2k4t29.jpg
4057,my mom keeping it oldschoolcoolaspossible on a london bus sometime in the s,78yjo8,0,images/78yjo8.jpg
4058,jesus bro are you jesus bro or jesuss bro,c0j4ha,0,images/c0j4ha.jpg
4059,this girl whos scared of a bird,5n7otl,1,images/5n7otl.jpg
4060,losing his mind at the airport,75mr6t,0,images/75mr6t.jpg
4061,scientists agree coffee naps are better than coffee or naps alone,2j8a09,1,images/2j8a09.jpg
4062,photo of titanic before it stopped working,90tgx0,0,images/90tgx0.jpg
4063,nyc subway shuts down overkittens,1le6xw,1,images/1le6xw.jpg
4064,i present to you tiki god of the nail guns,1m3v2p,0,images/1m3v2p.jpg
4065,this loose thread on my blanket looks a face from the side,9if8l2,1,images/9if8l2.jpg
4066,abortion will make women child sex abusers warn british clinics,27ybxm,1,images/27ybxm.jpg
4067,happy tap,6qq01e,0,images/6qq01e.jpg
4068,through the looking glass,7rwggd,0,images/7rwggd.jpg
4069,this car got stitches,avi5ff,1,images/avi5ff.jpg
4070,my tiny chatter boxes sorry for inconsistent sizing,cv5k0p,1,images/cv5k0p.jpg
4071,hmmm,6cprar,0,images/6cprar.jpg
4072,manuel neuer deflecting an argentine shot on goal,2p1300,1,images/2p1300.jpg
4073,this bench outside local nail salon,d64ajm,1,images/d64ajm.jpg
4074,shocked baby on dj controllers,4uhj4j,1,images/4uhj4j.jpg
4075,kurt cobain lead singer of nirvana moments before committing suicide circa polaroid,81vxzd,0,images/81vxzd.jpg
4076,this roadrunner on the pharmacy restocking vehicle,b3s0q3,1,images/b3s0q3.jpg
4077,women reveal the two words they love hearing during sex,8uw43r,0,images/8uw43r.jpg
4078,real birds started to build a nest in my moms fake bird cage decor,bjqlb4,1,images/bjqlb4.jpg
4079,why is the only one was hired,bhwjjs,0,images/bhwjjs.jpg
4080,this guy always gets a little stressed out when i need to change my oil,1xsea8,0,images/1xsea8.jpg
4081,a bloke in perth accidentally superglued himself to homemade coffee table,awwlft,1,images/awwlft.jpg
4082,this rettungsgasse,cbidd2,1,images/cbidd2.jpg
4083,fuhrer tartosso preparing the troops for the last stand oc mario kart ds,95yj64,0,images/95yj64.jpg
4084,worth a whopping usd,b1958o,1,images/b1958o.jpg
4085,iron maiden killers,ddbcti,0,images/ddbcti.jpg
4086,sad deformed camel,3amfao,0,images/3amfao.jpg
4087,a german worker after paying million marks for a loaf of bread,dam5ij,0,images/dam5ij.jpg
4088,german antisemitic poster written in polish language says jewssucking lousetyphus hanged out on polish streets in germanoccupied poland,6ux3yh,0,images/6ux3yh.jpg
4089,trow point,3c7pd4,1,images/3c7pd4.jpg
4090,israel said to be source of secret intelligence trump gave to russians israel fooled the idiot in office,6bks75,1,images/6bks75.jpg
4091,hitler learning about the soviet t shortly after operation barbarossa,90f32p,0,images/90f32p.jpg
4092,gainesville police officer plays basketball with kids after getting call that theyre too loud,42683t,1,images/42683t.jpg
4093,my beer was happy i was drinking it,1lfxpa,0,images/1lfxpa.jpg
4094,this pattern on a church floor,bnm6xb,1,images/bnm6xb.jpg
4095,taiwans rejected chinas one country two systems regime but international support is weak so while its courageous to change your facebook status to i stand with hong kong and to wear a free tibet hoodie at university china will be back,dh9laf,0,images/dh9laf.jpg
4096,little brother puts a cat in the pool with him,1inssh,1,images/1inssh.jpg
4097,robust apprenticeship program key to germanys manufacturing might,7o3m81,1,images/7o3m81.jpg
4098,disneys elsa helps to make birthday magical when girls guests are noshows,7yvk8w,1,images/7yvk8w.jpg
4099,a composite royal coat of arms made up of small denomination uk coinage,btxyd2,1,images/btxyd2.jpg
4100,a plane cut this cloud in half,c15ubd,1,images/c15ubd.jpg
4101,us in race with china russia for ufo technology former senate majority leader suggests,awaizg,1,images/awaizg.jpg
4102,us gymnast simone biles,4x3o4n,1,images/4x3o4n.jpg
4103,father gets tattoo on chest to match sons heart surgery scar,c470ti,1,images/c470ti.jpg
4104,world agrees to just take down internet for a while until they can find a good use for it,633530,0,images/633530.jpg
4105,white house slaps tariff on billion worth of chinese goods,8mzt7z,1,images/8mzt7z.jpg
4106,first time be gentle,3edspj,0,images/3edspj.jpg
4107,i was feeding my son when this little guy appeared,b5i7h7,0,images/b5i7h7.jpg
4108,if you shop online at amazon you need to read this,5i5wde,0,images/5i5wde.jpg
4109,my beanie has instructions for worst washing results,aw4p3m,1,images/aw4p3m.jpg
4110,ultimate battle,d1wn1fy,0,images/d1wn1fy.jpg
4111,one of mine favorite polish war poster does anyone knows the story behind why it was translated to english,ptvsz,0,images/ptvsz.jpg
4112,tickling a shiba inu,5hwblv,1,images/5hwblv.jpg
4113,the latest designs for childrens bandaids,3hzm6h,0,images/3hzm6h.jpg
4114,bismarck dabs on his haters,9amr11,0,images/9amr11.jpg
4115,last known image of david hahn the boyscout who tried to build a nuclear reactor in his back yard before his death in notice the discolored skin and thin hair from handling radioactive materials without proper protection,5rjwpk,0,images/5rjwpk.jpg
4116,one of many villas of pablo escobar after a cocaine raid of the dea,athhd5,0,images/athhd5.jpg
4117,sad face and double chin or happy face,cnojg5,1,images/cnojg5.jpg
4118,aaawwwww,ckt2uh,0,images/ckt2uh.jpg
4119,the car that won the first indianapolis in also thought to be the first time a rearview mirror was used on an automobile,b5iswc,1,images/b5iswc.jpg
4120,i work at a restaurant and these sides look like cns dexter,def78w,1,images/def78w.jpg
4121,this wall of break lights in a rental car facility,cvy9et,1,images/cvy9et.jpg
4122,man jailed over negative yelp and online reviews wants to use free speech defense at his dallas trial,5lac29,1,images/5lac29.jpg
4123,the left screens are working while the right ones arent,bzdt2h,1,images/bzdt2h.jpg
4124,i crash kaleb whitby crushed between semitrucks tells the story of his miraculous survival,al3frg,1,images/al3frg.jpg
4125,this speaker has seen some things,50di82,0,images/50di82.jpg
4126,lovesick teen follows through with threats to kill moms chickens,3b5h5j,1,images/3b5h5j.jpg
4127,delfino sick tricks,7cdckj,0,images/7cdckj.jpg
4128,morbidly obese tabby,20nlfq,1,images/20nlfq.jpg
4129,what is this cloud trying to say,8wy1kb,0,images/8wy1kb.jpg
4130,honey the dogs walking on the wall again,9i6mow,0,images/9i6mow.jpg
4131,this is the way to the ground,bctvhi,0,images/bctvhi.jpg
4132,a commenter on a humorous article regarding justin trudeau satirizes tumblr feminists,4kpx5x,0,images/4kpx5x.jpg
4133,damn straight,cflwcaw,0,images/cflwcaw.jpg
4134,your happiness at home in australia japanese folding leaflet dropped on australian troops wwii,3h3zlv,0,images/3h3zlv.jpg
4135,musk ticket to mars,7d6a37,0,images/7d6a37.jpg
4136,kim jong un looking through a periscope,53o9s8,1,images/53o9s8.jpg
4137,unity of christians against the red tide cdu election poster,d26h47,0,images/d26h47.jpg
4138,cockroach having dinner,6voupb,1,images/6voupb.jpg
4139,pub table droplets,uh5eh,0,images/uh5eh.jpg
4140,charlie sheen discusses being sober for over a year,bca8mu,1,images/bca8mu.jpg
4141,buck naked w socks on eponymous debut,8dvnqy,0,images/8dvnqy.jpg
4142,facebook likes considered key evidence in terrorist plot,140r56,1,images/140r56.jpg
4143,giant baby,bmrxlh,0,images/bmrxlh.jpg
4144,i thought through everything i considered everything the king in prayer poster of a hungarian prowar film depicting emperor franz joseph,8re74i,0,images/8re74i.jpg
4145,star wars action figure packaging,4bczz8,1,images/4bczz8.jpg
4146,my kitten visited me at work yesterday this is him on the surgery table,2o5oql,1,images/2o5oql.jpg
4147,new zealand father and daughter land in australia after being missing for a month at sea,5nij42,1,images/5nij42.jpg
4148,girl forfeits personal record and loses race to help fellow runner,3mulrk,1,images/3mulrk.jpg
4149,us president donald trump conceptualizes u s space force circa,98oby8,0,images/98oby8.jpg
4150,man holding a wolf eel,7sfsd5,1,images/7sfsd5.jpg
4151,three ingredient beer bread,d2cazq,0,images/d2cazq.jpg
4152,the yearold freedom fighter still battling for his idea of india in a country where corruption is endemic he stands tall for his honesty and fights for what he believes in,5jmsbj,1,images/5jmsbj.jpg
4153,my towns police department just bought some new trucks first one off the lot aaaaaaand this deputy crashes it within seconds,7kv7gl,0,images/7kv7gl.jpg
4154,the dust on my keyboard stayed on my laptop screen,dlkv5x,1,images/dlkv5x.jpg
4155,happy toothbrush holder,8u3x2v,0,images/8u3x2v.jpg
4156,local lawyer has quietly dispensed free legal advice at homeless resource center for years,1to2cm,1,images/1to2cm.jpg
4157,sony refuses to allow cross play with xbox and nintendo,8t33tj,0,images/8t33tj.jpg
4158,regal cat wearing towel,440hu5,1,images/440hu5.jpg
4159,this dog near my house who always wears a neck tie,d9q6rr,1,images/d9q6rr.jpg
4160,british poster how the hun hates from wwi x,235z42,0,images/235z42.jpg
4161,available here,e02vs4s,0,images/e02vs4s.jpg
4162,ray from achievement hunter holding a box,2ezjgz,1,images/2ezjgz.jpg
4163,drawing of a forest,b94o6r,0,images/b94o6r.jpg
4164,i feel this picture has potential,rn5hy,1,images/rn5hy.jpg
4165,mutinying soldiers seal off ivory coasts bouake,6azmp4,1,images/6azmp4.jpg
4166,moon waterfall,aui73k,0,images/aui73k.jpg
4167,japanese suicide bomber attacks american soldier circa,c8517b,0,images/c8517b.jpg
4168,white house staffer listens to mueller report highlights while president trump stands feet away,bey5w4,0,images/bey5w4.jpg
4169,customer at phoenix restaurant leaves server tip,5jomog,1,images/5jomog.jpg
4170,blessed child talk about great timing with nurses on scene as well,3f86ue,1,images/3f86ue.jpg
4171,the british empire colonizing a quarter of the world circa,awh8bk,0,images/awh8bk.jpg
4172,the invasion of normandy,6kqqir,0,images/6kqqir.jpg
4173,scared sacrum,1amfr2,0,images/1amfr2.jpg
4174,popeyes medium vs mcdonalds large,9ffmip,1,images/9ffmip.jpg
4175,i peeled a nerds rope took hour,djof1q,1,images/djof1q.jpg
4176,comet landing beats kim kardashian on the internet,2medxe,1,images/2medxe.jpg
4177,miniature batman,1cclzf,1,images/1cclzf.jpg
4178,dog in a chicken costume,66wqjt,1,images/66wqjt.jpg
4179,why voting for donald trump is a morally good choice,4v8ljp,0,images/4v8ljp.jpg
4180,jim harbaugh with no shirt on catching a football,38p3bm,1,images/38p3bm.jpg
4181,arctic monkeys tranquillity base hotel and casino,8jg5ez,0,images/8jg5ez.jpg
4182,president nasser upon hearing that israeli forces have reached the suez,cl1ch9,0,images/cl1ch9.jpg
4183,spine of a whale,12wr32,1,images/12wr32.jpg
4184,woman taking a selfie from afar,29qq59,1,images/29qq59.jpg
4185,s steveo tommy lee in danang circa,8axa2x,0,images/8axa2x.jpg
4186,hamburg announces plans to become a carfree city within to years a green network of paths linking parks playgrounds and community gardens will enable commuters to navigate hamburg without a car,1vfik5,1,images/1vfik5.jpg
4187,call of duty ghosts tires of halfbaked dlc gets fully baked with cannabisthemed pack,29qscc,1,images/29qscc.jpg
4188,bomb bomb iran,8eol04,0,images/8eol04.jpg
4189,how much is a nobel prize medal worth,57vw0w,0,images/57vw0w.jpg
4190,yearold goldfish receives lifesaving surgery,2ghkgb,1,images/2ghkgb.jpg
4191,california woman dreamed about eating engagement ring woke up to find she really did,d4psdv,1,images/d4psdv.jpg
4192,germlike bubbles formed in the cylindrical hole of the ice cubes in my drink,c8pelz,1,images/c8pelz.jpg
4193,life heartbreaking this elementary school teacher has to use her own money to ransom back her students from somali pirates,7ttalm,0,images/7ttalm.jpg
4194,found this happy little wire muncher at the train station,2u3rpj,0,images/2u3rpj.jpg
4195,point of no return self titled,ctfxm5,0,images/ctfxm5.jpg
4196,the simmons family had kids named george washington and davey crockett also there was a george bush,cy56ms,1,images/cy56ms.jpg
4197,a copy of the first edition of the silver chair printed in the us bought at half price books for fascinating,arshnw,1,images/arshnw.jpg
4198,thermonuclear device detonated in moab,bqogd5,0,images/bqogd5.jpg
4199,majorelle blue me instead of you,6o8xl5,0,images/6o8xl5.jpg
4200,dirty bath tub is not thrilled about its runny nose,107uu4,0,images/107uu4.jpg
4201,article after its been approved,b7aorz,0,images/b7aorz.jpg
4202,this wet spider web,9gmy4p,1,images/9gmy4p.jpg
4203,six levels ends,4s0360,0,images/4s0360.jpg
4204,can of water donated by anheuser busch after the elk river chemical spill in west virginia,ck8g91,1,images/ck8g91.jpg
4205,gumamela from across our street,dgm8kb,1,images/dgm8kb.jpg
4206,new zealand man spots endangered sea turtles for sale to eat at a market buys them drives to the ocean and sets them free,3vy5m4,1,images/3vy5m4.jpg
4207,soviet union pushing through berlin,byqaw6,0,images/byqaw6.jpg
4208,the way the dust forms on the extraction port,9ctxfg,1,images/9ctxfg.jpg
4209,a fresh baked potato,9at7sb,0,images/9at7sb.jpg
4210,a bat,2197t7,0,images/2197t7.jpg
4211,office puts chips under staffs skin,2u6o88,1,images/2u6o88.jpg
4212,all the other ice melted and left this perfect square i have no idea why,b0w2ss,1,images/b0w2ss.jpg
4213,im on the pier where alan partridge got shot,9dv4bd,1,images/9dv4bd.jpg
4214,life if you think your marshmallows are safe from hungry deer just because you sprayed poison on them then you are making the biggest mistake of your life,6h8huu,0,images/6h8huu.jpg
4215,this tree that grew around a strand of christmas lights,d3jcz0,1,images/d3jcz0.jpg
4216,where in the middle east can gay officers serve their country only in israel support democracy support israel prolgbt and israel poster published by blue star pr x,qkd4f,0,images/qkd4f.jpg
4217,this is a chrome tesla i saw on the highway,co1v01,1,images/co1v01.jpg
4218,this pack of hot dog rolls has an extra,c3tbuj,1,images/c3tbuj.jpg
4219,donald trumps hair standing up from static electricity,3wlird,1,images/3wlird.jpg
4220,report sailboat sinks off florida coast killing and injuring,8uke37,0,images/8uke37.jpg
4221,elena dostay time bandits,2z9sh8,0,images/2z9sh8.jpg
4222,easton toddler denied m gene therapy will now get it for free,cqrw92,1,images/cqrw92.jpg
4223,steve shubin invents the fleshlight austin tx ca,97envs,0,images/97envs.jpg
4224,the pollen dusted my car for fingerprints,bygzck,1,images/bygzck.jpg
4225,looks like theyre holding back hysterical laughter,1psxf8,0,images/1psxf8.jpg
4226,the first porno made in space,cxfg18,0,images/cxfg18.jpg
4227,just noticed this happy little guy watching me do dishes,whb39,0,images/whb39.jpg
4228,reptilians and freemasons trying to convince pizza inventor to put pineapple on it,976qd4,0,images/976qd4.jpg
4229,jonathan swift writes a modest proposal,dfpgw5,0,images/dfpgw5.jpg
4230,my friend sent me this lmao,cfqnqx,0,images/cfqnqx.jpg
4231,the spiralling environmental cost of our lithium battery addiction,bn07z0,1,images/bn07z0.jpg
4232,emergency airlift puts fries back on the menu at mcdonalds in japan,2qh1a0,1,images/2qh1a0.jpg
4233,i was worried for a second,96qrkh,0,images/96qrkh.jpg
4234,cummins new free float connecting rod through side of the valves,b461u0,0,images/b461u0.jpg
4235,fidget spinner vs diamond fidget spinner,69lot2,0,images/69lot2.jpg
4236,the latch on my washing machine,45sirg,0,images/45sirg.jpg
4237,the th annual kentucky picnic not,8g0ssh,0,images/8g0ssh.jpg
4238,man competes during the high dive final in russia,3i996v,1,images/3i996v.jpg
4239,texas boy buys smoke detectors instead of ps,23o014,1,images/23o014.jpg
4240,woman calls cops to report that kittens are having sex in her yard,1d8m1u,1,images/1d8m1u.jpg
4241,start of the arabisraeli war,dbciur,0,images/dbciur.jpg
4242,philadelphia to its residents dont swim in dumpsters,4w5tjo,1,images/4w5tjo.jpg
4243,flyboarding musician,2dk0sc,1,images/2dk0sc.jpg
4244,speed boat sitting in the ocean,1zz2jb,0,images/1zz2jb.jpg
4245,this massive ctc square,dc1aoc,1,images/dc1aoc.jpg
4246,cosmo kramer looking surprised,1ha1cl,1,images/1ha1cl.jpg
4247,grandsons jigsaw puzzle strategy fucking pathetic,30btyj,0,images/30btyj.jpg
4248,looks like pictures,dk1qxk,0,images/dk1qxk.jpg
4249,dear fatherland be at ease wwi,2oc4xq,0,images/2oc4xq.jpg
4250,vasectomy and prostate cancer is there a link,5fm7ro,0,images/5fm7ro.jpg
4251,this positive energy drink,bp1zs1,1,images/bp1zs1.jpg
4252,a stormy sky over a beach,3u776h,0,images/3u776h.jpg
4253,hanggliding,574keo,0,images/574keo.jpg
4254,grumpy kid at the beach,6wfoxj,1,images/6wfoxj.jpg
4255,pku fundraiser inspired by friendship,2pgzyf,1,images/2pgzyf.jpg
4256,straight out of your life,68s84c,0,images/68s84c.jpg
4257,if that doesnt work turn them over and over and expecting different results ysk about clover a program to benefit victims of violent crime,4jcn8t,0,images/4jcn8t.jpg
4258,this tennis player,2bsr6c,1,images/2bsr6c.jpg
4259,invoice for mechanic reveals dubliners car troubles were caused by dildo jammed in seat rails,cz8qhn,1,images/cz8qhn.jpg
4260,irritated dog passing by,1iclvy,1,images/1iclvy.jpg
4261,wwes bayley imitating the design of renee youngs jacket,bh9b7x,1,images/bh9b7x.jpg
4262,a concerned onion,7ftc86,0,images/7ftc86.jpg
4263,evidence of the first furry in history ca,ayoi20,0,images/ayoi20.jpg
4264,man over the ocean,6jh11l,1,images/6jh11l.jpg
4265,the ink in my gel pen made an o face reminds me of a kodama,bg3ims,1,images/bg3ims.jpg
4266,older prostitute explains to younger prostitute who richard belzer is what he expects,2z9rkt,0,images/2z9rkt.jpg
4267,d d d,g94c6,0,images/g94c6.jpg
4268,it rolled itself,ay607i,1,images/ay607i.jpg
4269,tree is slowly absorbing the no parking sign,bvnwz9,1,images/bvnwz9.jpg
4270,this corroded penny,cp5gr7,1,images/cp5gr7.jpg
4271,i found a heart hanging from the trees,c3g3d5,1,images/c3g3d5.jpg
4272,my sister and her finished project,1ref7t,1,images/1ref7t.jpg
4273,just tom from myspacecom,b8cs09,0,images/b8cs09.jpg
4274,canadian soccer star christine sinclair celebrating aggressively,5b4ol0,1,images/5b4ol0.jpg
4275,the brand poland spring actually outdates poland by more than half a century,aw431h,1,images/aw431h.jpg
4276,robespierre killing antirevolution sympathizers during the reign of terror,c7yq75,0,images/c7yq75.jpg
4277,this smoking shop flyer has filter cutouts,9dowvp,1,images/9dowvp.jpg
4278,first gay porn film is released af,arglsa,0,images/arglsa.jpg
4279,congress oks big boost in gi bill college aid for veterans,6r962o,1,images/6r962o.jpg
4280,no this is sparta,car1a00,0,images/car1a00.jpg
4281,america night at kickball league,c0dcn7,1,images/c0dcn7.jpg
4282,a crowd visiting the titan flower,4txcn8,1,images/4txcn8.jpg
4283,old macdonald strikes again,ilpv6,1,images/ilpv6.jpg
4284,rhode island commandos quietly deploy all over the world,1yznkt,1,images/1yznkt.jpg
4285,this stoned pepper,7unq6v,0,images/7unq6v.jpg
4286,this little bengal tiger cub was rescued while being illegally trafficked into the united states estimated to be weeks old and weighing only pounds hes now safe and sound with the san diego zoo safari park,6w4b64,1,images/6w4b64.jpg
4287,this guys always staring me down,14qocx,0,images/14qocx.jpg
4288,sony is designing their next generation console to have lower power consumption w if just one million users enable this feature it would save equivalent to the average electricity use of us homes,d88d53,1,images/d88d53.jpg
4289,the kool kids klub german members,99phdd,0,images/99phdd.jpg
4290,this guy attempting to stretch out his quads,41csb5,1,images/41csb5.jpg
4291,this bearor hippo shaped chili,6vjgms,1,images/6vjgms.jpg
4292,this caribou came insanely close to my car,cqwhxv,1,images/cqwhxv.jpg
4293,georgian army tv ad georgia,4w4fc9,0,images/4w4fc9.jpg
4294,clarence jeffries human,3rwck2,0,images/3rwck2.jpg
4295,the war here and there switzerland ww,b3wvxp,0,images/b3wvxp.jpg
4296,kareem abduljabbar auctions off nba championship rings and other memorabilia for stem education,avyfd6,1,images/avyfd6.jpg
4297,irishman flayed alive after confessing he was a protestant circa colorised,9ivqjf,0,images/9ivqjf.jpg
4298,eire aiseirigh craobh na haiseirghe ireland resurrected branch of the resurrection s,3q5zb8,0,images/3q5zb8.jpg
4299,life other musicals linmanuel miranda wrote about aaron burr killing someone before he landed on hamilton,5xuh2c,0,images/5xuh2c.jpg
4300,this borrowabag station at my local shopping centre,9caz9q,1,images/9caz9q.jpg
4301,kate upton and her favorite popsicle,2cvgcw,1,images/2cvgcw.jpg
4302,bastasi a man is uninteresting,2sffxx,0,images/2sffxx.jpg
4303,those are not monkey faces just orchid blossoms,dagzzt,0,images/dagzzt.jpg
4304,egyptians planning the first pyramid the pyramid of djoser circa bc decolourised and recolourised,8hj89b,0,images/8hj89b.jpg
4305,this all white moth outside my apartment,9bzor0,1,images/9bzor0.jpg
4306,operation hope helping addicts but treatment depends on the charity of outofstate programs scarborough police have connected addicts with treatment since oct often by finding beds in states as far away as california,4827aw,1,images/4827aw.jpg
4307,park service uses csi tactics in response to bear attacks,4r023z,1,images/4r023z.jpg
4308,spot the polar bears,bcct5w,1,images/bcct5w.jpg
4309,this celebrating badminton player,85nh4t,1,images/85nh4t.jpg
4310,ecstatic dog running through a field,5q5hpf,1,images/5q5hpf.jpg
4311,degdeg,7rscon,0,images/7rscon.jpg
4312,my schools desks are shaped like trapezoids,asuavv,1,images/asuavv.jpg
4313,uss little rock navys newest warship is stuck in ice in montreal and not move until,7s8rzb,1,images/7s8rzb.jpg
4314,rectangle cat from raww,2c85jc,1,images/2c85jc.jpg
4315,man riding mechanical bull,5bigf4,1,images/5bigf4.jpg
4316,cosmic owl,96eyst,0,images/96eyst.jpg
4317,i spilt redbull on my study writings and where it touched the highlighted text it erased the highlighter ink,bofby3,1,images/bofby3.jpg
4318,defective roll of toilet paper looks like a reverse cinnamon roll,arrwuz,1,images/arrwuz.jpg
4319,theses hot air balloon burners look terrified,3oh78e,0,images/3oh78e.jpg
4320,ohio man jumps from bridge to avoid crash dies,2m2zxx,1,images/2m2zxx.jpg
4321,strange looking cat,5q2cxi,1,images/5q2cxi.jpg
4322,manhattan at dusk,3prckb,1,images/3prckb.jpg
4323,mentally disabled groot,9cxe4a,0,images/9cxe4a.jpg
4324,the taiwan police vs the immortals from,1pdtx9,1,images/1pdtx9.jpg
4325,grandpa saves children by punching a shark in the face,17f2oc,1,images/17f2oc.jpg
4326,youll never guess the activity you do more than anything else,4jpeo5,0,images/4jpeo5.jpg
4327,venezuelan protester and policeman,1y13ib,1,images/1y13ib.jpg
4328,my poptart looks like it has a gnarly flesh wound,d2vve9,1,images/d2vve9.jpg
4329,is elon musk even allowed to send his car to deep space,7jjm1j,0,images/7jjm1j.jpg
4330,walking on the beach last night and saw this creepy thing looking up at me,2340uq,0,images/2340uq.jpg
4331,tim bernerslee invents the internet,973nto,0,images/973nto.jpg
4332,this tree growing out of a fence post,cedgyc,1,images/cedgyc.jpg
4333,the german invasion of the soviet union faces major setbacks due to extreme weather conditions,d894pr,0,images/d894pr.jpg
4334,old lock forever surprised about what he sees inside this bathroom stall,6pt1aw,0,images/6pt1aw.jpg
4335,manchester woman battled cancer twice in her s has her dream fulfilled of having a baby,8bycu1,1,images/8bycu1.jpg
4336,this cat presenting itself,7a9q89,1,images/7a9q89.jpg
4337,halfnaked woman in hot pink duct tape attacks injures cops,twdco,1,images/twdco.jpg
4338,concerned we have updated our privacy policy,8n2v8u,0,images/8n2v8u.jpg
4339,bedazzled car promotes christ,artplt,1,images/artplt.jpg
4340,a high school graduate accepts a student loan,bvlmj9,0,images/bvlmj9.jpg
4341,rust stained toilet,2ns0lu,0,images/2ns0lu.jpg
4342,first bike lane spits you out into traffic,9hwcmw,1,images/9hwcmw.jpg
4343,this guy falling off his chair,24guss,1,images/24guss.jpg
4344,bought some curtain rods,56oo2w,0,images/56oo2w.jpg
4345,idaho boys toy gun prompts two school lockdowns,2odz3v,1,images/2odz3v.jpg
4346,this could work as a rap album maybe nwa,dji5pg,0,images/dji5pg.jpg
4347,this ad on the ceiling of a train,9byzvc,1,images/9byzvc.jpg
4348,a branch that looks like a deer jumping,8vepm2,0,images/8vepm2.jpg
4349,just some hotdogs,94btjj,0,images/94btjj.jpg
4350,accused believed he was killing werewolves and medusas in fatal calgary stabbings,4jxa8m,1,images/4jxa8m.jpg
4351,no sex with nazis,nxnog,0,images/nxnog.jpg
4352,kim kardashian shat herself,8xoa74,0,images/8xoa74.jpg
4353,idle disco its bad for you,8gklwl,0,images/8gklwl.jpg
4354,snow fell on a tree in my backyard like this i guess he is real,14af7y,0,images/14af7y.jpg
4355,a drowning person,6n8zlo,0,images/6n8zlo.jpg
4356,sometimes theres a buildup to the tropical forests of langbian plateau southern vietnam,7nnnc2,0,images/7nnnc2.jpg
4357,mays brexit deal nodeal or delay british pm offers lawmakers a choice,av4jyh,1,images/av4jyh.jpg
4358,sand dunes of namibia,bzv0j4,0,images/bzv0j4.jpg
4359,international day of peace united nations modern,3lv9d3,0,images/3lv9d3.jpg
4360,pink mass has made westboro baptist church founders mom gay in afterlife satanists claim,1inbqd,1,images/1inbqd.jpg
4361,thousands of easter eggs wash up on german beach storm knocked shipping containers off a passing freighter and mayor quickly made the decision to allow local kindergarteners to gather as many of the eggs as they wanted,5m6gym,1,images/5m6gym.jpg
4362,the fuck you looking at bro,6f41r8,0,images/6f41r8.jpg
4363,my dog is sleeping with his mouth full,brgj1a,0,images/brgj1a.jpg
4364,a frugal workingclass family who lived in a council house built up a secret ps million fortune the story of the family who never drank smoked or owned a car came to light after the last surviving daughter died leaving the entire estate to good causes,2tq6e2,1,images/2tq6e2.jpg
4365,symmetric hypergraph theorem parameters of the ellipses,5w7kl2,0,images/5w7kl2.jpg
4366,after copy this face d,5ya1po,0,images/5ya1po.jpg
4367,the ball of my ballpoint pen poped out during class,bh38cf,1,images/bh38cf.jpg
4368,i have a heart shaped mole on my forearm,clinpj,1,images/clinpj.jpg
4369,tim tebow signs contract with russian football team,1msf1w,1,images/1msf1w.jpg
4370,dogs that swallowed bees,98hp9a,1,images/98hp9a.jpg
4371,baseball is incredible,93s5hl,0,images/93s5hl.jpg
4372,went for a walk this morning,bq55q5,0,images/bq55q5.jpg
4373,nprs tiny desk is actually not tiny at all,8tis87,0,images/8tis87.jpg
4374,mcdonalds figures out that people sort of hate going to mcdonalds,2ph28u,1,images/2ph28u.jpg
4375,klamath man charged as serial abuser,7apf61,1,images/7apf61.jpg
4376,police south dakota man stole sex toys from couples house,bnp1ta,1,images/bnp1ta.jpg
4377,map of brooklyn showing locations of reported burglaries since,7gp4sp,0,images/7gp4sp.jpg
4378,this adorable little fuel petcock,bp1zfc,0,images/bp1zfc.jpg
4379,australians decisively support samesex marriage,7d1p7t,1,images/7d1p7t.jpg
4380,the allies drop into normandy even though the germans thought theyd be going to calais,bz5l84,0,images/bz5l84.jpg
4381,my cat houdini using painnt software he just loves to stare at people over our bar,b4ojpc,1,images/b4ojpc.jpg
4382,whos the strongest person you have ever been,48kegc,0,images/48kegc.jpg
4383,we love to fly and it shows,1nmicp,0,images/1nmicp.jpg
4384,donald trump starred in a porn movie,7bpsny,0,images/7bpsny.jpg
4385,red army soldier save us by viktor koretsky wwii,22xro2,0,images/22xro2.jpg
4386,public toilet is fed up of your sht,8w9qbc,0,images/8w9qbc.jpg
4387,this polish attic is just petrified,1ial91,0,images/1ial91.jpg
4388,mcdonalds sorry after french workers forbidden to feed vagrants,3h6mv1,1,images/3h6mv1.jpg
4389,an island paradise in a calm dark sea,5ofgh4,0,images/5ofgh4.jpg
4390,a box happy to be recycled,1byioa,0,images/1byioa.jpg
4391,microchip,40vlyi,0,images/40vlyi.jpg
4392,construction crane falls on museum people think its art,327c6j,1,images/327c6j.jpg
4393,the garbage cans in duluth,d3hctw,1,images/d3hctw.jpg
4394,worlds oldest man after century wait celebrates bar mitzvah at last,569lqt,1,images/569lqt.jpg
4395,man with hands out,c3qx85,1,images/c3qx85.jpg
4396,this subway trash receptacle is apparently haunted,dl3cza,1,images/dl3cza.jpg
4397,the original brownie after the original recepie the legends says that bertha palmer a prominent chicago socialite whose husband owned the palmer house hotel asked the chef for a dessert suitable for ladies attending the chicago worlds columbian exposition in and she got the first brownie,dgkgic,1,images/dgkgic.jpg
4398,cows in skye scotland,3i7kvi,1,images/3i7kvi.jpg
4399,clinton scrambles to head off fallout from brutal weekend,52h5cj,1,images/52h5cj.jpg
4400,community throws wedding for indian couple amid immigration uncertainty,5x0e93,1,images/5x0e93.jpg
4401,how this snow spirals around the bars on my deck,bdh1io,1,images/bdh1io.jpg
4402,lady pushing against riot police,56v26q,1,images/56v26q.jpg
4403,uk folk its on,c1pcou,1,images/c1pcou.jpg
4404,smiley face on the control panel,bcqhrn,0,images/bcqhrn.jpg
4405,gym at my college used to be a shooting range you can see the red line slanted back wall and large ventilation on the left side,brpax5,1,images/brpax5.jpg
4406,like a deer in the headlights,1x729i,0,images/1x729i.jpg
4407,my friends sock,2qneo0,0,images/2qneo0.jpg
4408,colorful chameleon and stfrancis sculpture,2bp23g,1,images/2bp23g.jpg
4409,ear of corn randomly growing out of our old hanging planter,c9tiua,1,images/c9tiua.jpg
4410,members of congress after a conference,5tf878,1,images/5tf878.jpg
4411,this coin i have celebrating the centenary of wwi,behbyu,1,images/behbyu.jpg
4412,human conditions improving at a remarkable rate,62bvkj,1,images/62bvkj.jpg
4413,new eu flag by chappette,4uns6n,0,images/4uns6n.jpg
4414,kim and donald crossing the borders,c7av6s,1,images/c7av6s.jpg
4415,his tools democracy the masons communism capitalism antisemitic poster yugoslavia,6q9qly,0,images/6q9qly.jpg
4416,life fraud exposed after this mans memoir about finding lemons in a hole sold million copies he tearfully confessed to putting the lemons in the hole himself,66iqqs,0,images/66iqqs.jpg
4417,man accidentally shoots own penis dies,22e64x,1,images/22e64x.jpg
4418,the party mind honor and conscience of our era soviet poster hanging in my room communismrussia,1u4hza,0,images/1u4hza.jpg
4419,the post popular choice of cut at my local walmarts deli,cpfj3g,1,images/cpfj3g.jpg
4420,the trees look like a pony,bweqo7,1,images/bweqo7.jpg
4421,vestort natural symmetry,91h13c,0,images/91h13c.jpg
4422,darth vader is back,823hdg,0,images/823hdg.jpg
4423,sunset with lake and mountains,97yycg,1,images/97yycg.jpg
4424,ripley believe it or nots grave is in the cemetery by my house,bc5a6v,1,images/bc5a6v.jpg
4425,in honor of the th anniversary of woodstock heres my uncles admission ticket,crgg33,1,images/crgg33.jpg
4426,acre indian jungle singlehandedly planted by one man,1d9bl0,1,images/1d9bl0.jpg
4427,these binoculars look like someone i know,7pl5dz,0,images/7pl5dz.jpg
4428,severely disfigured man,244z3n,0,images/244z3n.jpg
4429,surprised barn sorry for blurriness caught in montana while driving,8wp0py,0,images/8wp0py.jpg
4430,rare photo of queen before getting on stage for live aid,7dsyzp,0,images/7dsyzp.jpg
4431,new zealand artist to bring tattoo skills to childrens hospital patients,4l1gmt,1,images/4l1gmt.jpg
4432,behold two papa johns knock offs from one restaurant pizza johns and papa js,c7dy7n,1,images/c7dy7n.jpg
4433,this beer tab pops off the entire lid,bys9fh,1,images/bys9fh.jpg
4434,pfizer mercifully puts down another batch of trial patients,2xdnrh,0,images/2xdnrh.jpg
4435,danger womans suffrage would double the irresponsible votex wisconsin antisuffrage advertisement,25805e,0,images/25805e.jpg
4436,moved to an apartment and was missing my lawn so i grew one,by339m,1,images/by339m.jpg
4437,nanny starts caring for dying toddler but her selfless offer leaves family stunned,5s3c2u,0,images/5s3c2u.jpg
4438,a morbidly obese dachshund,4egpgf,1,images/4egpgf.jpg
4439,this little rock keeps staring at me,4wc8nc,0,images/4wc8nc.jpg
4440,weeklong destiny charity stream raises for st jude childrens hospital doubling their previous largest donation,4zogg2,1,images/4zogg2.jpg
4441,florida police dog fired after biting two people,2wlrh1,1,images/2wlrh1.jpg
4442,tesco bows to demand and will soon only sell straight croissants,46hips,1,images/46hips.jpg
4443,firemen rescue tortoise in wythenshawe flat after fire breaks out,1wv937,1,images/1wv937.jpg
4444,basketball coach yelling at a referee,1adyd2,1,images/1adyd2.jpg
4445,comfort zone footprints,8wuxcl,0,images/8wuxcl.jpg
4446,taiwan legalises samesex marriage,bpp9jh,1,images/bpp9jh.jpg
4447,this dragonflies head looks like a happy teddy bear,1ldpqp,0,images/1ldpqp.jpg
4448,trump wrote no collusion with a felony but if a company you can still be cute,8zyus7,0,images/8zyus7.jpg
4449,shocking ellens goodbye leaked secret has fans outraged she has lied for years continued here,56zek2,0,images/56zek2.jpg
4450,old mower blades vs new mower blades,bxvdgw,1,images/bxvdgw.jpg
4451,hawk and a snake got tangled dropped from the skyfrom wtf,1zygjz,1,images/1zygjz.jpg
4452,sedona az,20vlsq,1,images/20vlsq.jpg
4453,very happy fox,5umr20,1,images/5umr20.jpg
4454,yearold arrested on terrorism charges is mentally like a child,4vzr00,1,images/4vzr00.jpg
4455,stare competition begins now,26gr9s,1,images/26gr9s.jpg
4456,this vent pipe on campus looks like an upvote arrow,bjvp0b,1,images/bjvp0b.jpg
4457,o,6kc8p1,0,images/6kc8p1.jpg
4458,a helicopter made out of bullet casings,concn9,1,images/concn9.jpg
4459,river rescue in downtown des moines,290f46,1,images/290f46.jpg
4460,dont trust bureau of meteorology says abbotts business advisor,2i37hr,1,images/2i37hr.jpg
4461,italy during ww,8fd8f9,0,images/8fd8f9.jpg
4462,coldplay yellow,6ll4c3,0,images/6ll4c3.jpg
4463,its enough to wag your tail florida dogs health tracked for golden retriever lifetime study to combat cancer,86411d,1,images/86411d.jpg
4464,chewie,6065sg,0,images/6065sg.jpg
4465,check out these sweet abs,5x5xwr,0,images/5x5xwr.jpg
4466,arnold looking intimidating,18flde,1,images/18flde.jpg
4467,sean hannity humiliated by real journalists for reading comprehension fail,7lcwg9,1,images/7lcwg9.jpg
4468,yoshimi angelique,86zucd,0,images/86zucd.jpg
4469,this little owl,avev68,1,images/avev68.jpg
4470,null theory thats in dog years,6fv6ro,0,images/6fv6ro.jpg
4471,this bottle of edchup,dh6o7q,1,images/dh6o7q.jpg
4472,melancholy itailan dressing container in the dishrack,2t43wt,0,images/2t43wt.jpg
4473,iron man bag,au3xsf,0,images/au3xsf.jpg
4474,my airplant is blooming,dg0o5a,1,images/dg0o5a.jpg
4475,two soccer players going for the ball,c16sgj,1,images/c16sgj.jpg
4476,at this angle the yellow and blue sodas make the middle one look green,9ecodz,1,images/9ecodz.jpg
4477,harry reid in hospital with broken ribs facial bones,2r3yhx,1,images/2r3yhx.jpg
4478,woman who said johnsonaposs baby powder gave her cancer wins million in lawsuit,69j265,1,images/69j265.jpg
4479,swedish soldier rests during the pause between fighting amid wwii circa,753xi8,0,images/753xi8.jpg
4480,memphis police name suspect in killing of officer,3fl1ar,1,images/3fl1ar.jpg
4481,the saudi prince heading to do some quad racing,arhcq4,0,images/arhcq4.jpg
4482,romney campaign bought k worth of goods to give to supporters to give back to him for relief effort,12fcur,1,images/12fcur.jpg
4483,the ceiling fans in this bar operate on a belt system,b8qjzi,1,images/b8qjzi.jpg
4484,laurel police officer buys diapers for woman,6qqs3y,1,images/6qqs3y.jpg
4485,the id of this caller,d754na,1,images/d754na.jpg
4486,the war on drugs comes to an abrupt end as the fbi finally arrests and books marijuana on a number of drug charges,6ckrov,0,images/6ckrov.jpg
4487,medical records show hitler took semen injections and farted uncontrollably,1dk39b,1,images/1dk39b.jpg
4488,the breakfast place in this airport shows all of the farms that their ingredients come from,c21pzf,1,images/c21pzf.jpg
4489,a semi carrying a semi carrying a semi,cgw08r,1,images/cgw08r.jpg
4490,bambi doja dojo,9a89s6,0,images/9a89s6.jpg
4491,saudi prince alwaleed bin talal to give away entire billion fortune saudi arabian billionaire prince alwaleed bin talal once listed as the worlds th richest man has declared he is giving his entire fortune to charity he made the announcement at a news conference in riyadh,3br1po,1,images/3br1po.jpg
4492,potato eyes and mouth,7499bs,0,images/7499bs.jpg
4493,the average cost for a minute and remembered i left him alone for a years supply of a sudden my tinder is blowing up,488y8m,0,images/488y8m.jpg
4494,this snailslug eating pattern on my outside wall,d59k4m,1,images/d59k4m.jpg
4495,that boy aint right,c8om1wg,0,images/c8om1wg.jpg
4496,worlds first thot slayer takes action c,98wu6r,0,images/98wu6r.jpg
4497,kid staring with a wicker backer looking at papa smurf,73jri7,1,images/73jri7.jpg
4498,support for health care law reaches new high,5vz8vn,1,images/5vz8vn.jpg
4499,tense party enters third hour of unplayed acoustic guitar leaning against wall,az3ptf,0,images/az3ptf.jpg
4500,your ugly child you love anyway,cspymb,0,images/cspymb.jpg
4501,today while sorting my gummy worms i found a deformed one with a red head instead of a green,9jtff0,1,images/9jtff0.jpg
4502,breaking news la bans furbiggest city in history,9gyerv,1,images/9gyerv.jpg
4503,the perfect road markings on this street,9jy6kg,1,images/9jy6kg.jpg
4504,wp weve explored more of the premier players in the beta,4kxm2l,0,images/4kxm2l.jpg
4505,everyone must take precautions against epidemics to smash the germ warfare of american imperialism chinese poster exploiting the fear of germ warfare during the korean war x,urj0a,0,images/urj0a.jpg
4506,this cat laying on a car,9aesmt,1,images/9aesmt.jpg
4507,right in the eye,1pxg1g,0,images/1pxg1g.jpg
4508,hello im mr porch,5b6nov,0,images/5b6nov.jpg
4509,an accident put him in a coma but she never left his side years later he surprised her with a truly stunning gift,6e3xqu,0,images/6e3xqu.jpg
4510,cyber security cards against humanity,crsng0,1,images/crsng0.jpg
4511,this negative charge seems pretty neutral to me,1euiym,0,images/1euiym.jpg
4512,the hotel i made a delivery today has a massage called the influencer,craa4s,1,images/craa4s.jpg
4513,oink,643u1t,0,images/643u1t.jpg
4514,dog in driver seat,4o6gad,1,images/4o6gad.jpg
4515,hmb while i stick my dick in this pool,4fd4fo,0,images/4fd4fo.jpg
4516,a member of an isolated tribe in papua new guinea engaging in cannibalism ca,7knut8,0,images/7knut8.jpg
4517,james stuartwortley ill not listen to reason,4zrko4,0,images/4zrko4.jpg
4518,the condensation stripes on this ice cooler are the thin areas in the ribs on the lid its the only spot on the cooler thats sweating,de2cxp,1,images/de2cxp.jpg
4519,found this old cigarette package inside a block wall,b4fmol,1,images/b4fmol.jpg
4520,wheres the blue,b4rasg,1,images/b4rasg.jpg
4521,this haunting face waiting for you to come home,7wa48d,0,images/7wa48d.jpg
4522,snake father,3fxbft,1,images/3fxbft.jpg
4523,a rare horned fox,79aq3p,0,images/79aq3p.jpg
4524,this dragonlike tree limb,adkfxd,0,images/adkfxd.jpg
4525,a dog leash holder in an ice cream shop in sevilha spain,cdn0ld,1,images/cdn0ld.jpg
4526,herbie on th of,c989zj,1,images/c989zj.jpg
4527,they forgot to fill and print on the yellow marker,cbjvpz,1,images/cbjvpz.jpg
4528,so my ps vita stopped working today,b1fsyf,0,images/b1fsyf.jpg
4529,a man was sentenced to years for cocaine possession in oklahoma it was powdered milk,djjbjq,1,images/djjbjq.jpg
4530,my nephew bought this cake,5u2i3k,0,images/5u2i3k.jpg
4531,girl born with no hands wins handwriting competition,4i5cdt,1,images/4i5cdt.jpg
4532,middle school teacher charged over students birthday lap dance,23z1yz,1,images/23z1yz.jpg
4533,east germans escape attempts over soviet fortifications on checkpoint charlie,9i2g9c,0,images/9i2g9c.jpg
4534,former inmate helps local rescue group win a big petco grant,3wha00,1,images/3wha00.jpg
4535,space force recruitment poster,8t6e2o,0,images/8t6e2o.jpg
4536,seattle seahawks player celebrates color rush victory,7bz0pg,0,images/7bz0pg.jpg
4537,casual old years day in kampen the netherlands,dcvspd,1,images/dcvspd.jpg
4538,us economy gains jobs in,24kdfc,1,images/24kdfc.jpg
4539,reddit finds lost dog internet says aww,1sa1cv,1,images/1sa1cv.jpg
4540,found a shocked panda in my friends bacon grease,7hk86y,0,images/7hk86y.jpg
4541,how us social security cards have changed in the last years,b9lt0l,1,images/b9lt0l.jpg
4542,little emma with down syndrome proud as punch after receiving her first medal it was so emotional to see her up there on the podium,5qzy0z,1,images/5qzy0z.jpg
4543,nineyearold boy gets closer to scoring nasas planetary protection gig than you ever will,6uwaab,1,images/6uwaab.jpg
4544,my forefinger is not pleased,6qa88e,0,images/6qa88e.jpg
4545,this candicornicorn my year old daughter drew in school,dib3ax,1,images/dib3ax.jpg
4546,video marine biologists confess what creatures they hope never to discover,6mn1vj,0,images/6mn1vj.jpg
4547,the colombian government has been ordered to take urgent action to protect the amazon rainforest by its own supreme court in a historic ruling the countrys most senior judges said the state had not done enough to tackle the destruction of the environment,8adrkf,1,images/8adrkf.jpg
4548,marine involved in cousins fatal accident uses nd chance to educate students on positive choices,bdim59,1,images/bdim59.jpg
4549,sunset at kanyakumari india,77l0eo,1,images/77l0eo.jpg
4550,the ms office paperclip got into a wreck,2yuwf0,0,images/2yuwf0.jpg
4551,man trying to catch a train,73les8,0,images/73les8.jpg
4552,stone cold stare,1mcteb,0,images/1mcteb.jpg
4553,chicago cubs c,5av106,0,images/5av106.jpg
4554,man still cant believe his boss lets him work from home,ccszgs,0,images/ccszgs.jpg
4555,mynypd twitter campaign backfires promotes photos of police brutality instead of positive encounters with public,23r1gi,1,images/23r1gi.jpg
4556,evil chair,cv9098,0,images/cv9098.jpg
4557,florida man running for presidentagainst florida man arrested after selling bitcoins to agent ponzi,563dun,0,images/563dun.jpg
4558,pope says fake news dates to adam and eve adds truth will set you free,7sn9j0,1,images/7sn9j0.jpg
4559,kim jong un riding a horse,487o12,1,images/487o12.jpg
4560,childs artwork hanging on the wall in doctors office contains dat boi frog,atbntk,1,images/atbntk.jpg
4561,rats dream about the places they wish to go,3be8o8,1,images/3be8o8.jpg
4562,angry popcorn maker,ytu0r,0,images/ytu0r.jpg
4563,aggressive drivers are road terrorists,41oobm,1,images/41oobm.jpg
4564,arnold schwarzenegger and his son,bit49f,1,images/bit49f.jpg
4565,it sat on the right,7guj65,0,images/7guj65.jpg
4566,local church orders pizza and tips single mother delivery woman over,82c47i,1,images/82c47i.jpg
4567,aim small miss small,c8yexz,0,images/c8yexz.jpg
4568,mother helps her daughter to eat,3zqrge,1,images/3zqrge.jpg
4569,rock in a lake at sunset,a66hd1,0,images/a66hd1.jpg
4570,woman meets the president,23g4l6,1,images/23g4l6.jpg
4571,cia reportedly concludes russia interfered in us election to help trump win,5hlqnc,1,images/5hlqnc.jpg
4572,one post answers the other,9eqpfm,1,images/9eqpfm.jpg
4573,my yearbook cover if not now then when,bujbxf,1,images/bujbxf.jpg
4574,brave soldiers lining up on horseback just moments before entering the great battle of cinco de mayo cirque,9k1aqx,0,images/9k1aqx.jpg
4575,robots of future should have australian values former intel executive genevieve bell says,6xzq35,1,images/6xzq35.jpg
4576,found this guy while walking into my local kwik trip,1h53ar,0,images/1h53ar.jpg
4577,cartoon my father found in a gas station bathroom,4zskua,0,images/4zskua.jpg
4578,how can i pay attention in class with a view like this david hume tower university of edinburgh,1999o3,1,images/1999o3.jpg
4579,baby learning to walk,6tmh05,1,images/6tmh05.jpg
4580,pulse honeycomb,99tibv,0,images/99tibv.jpg
4581,hundrets of books stacked on the floor,cstlyp,1,images/cstlyp.jpg
4582,yearold guns down home invaders with moms gun dead arrested,3si4au,1,images/3si4au.jpg
4583,found a huge chunk of clear ice after a blizzard,3zlxtx,0,images/3zlxtx.jpg
4584,this street during hurricane florence,9fvtwt,1,images/9fvtwt.jpg
4585,walked out of gas station to a line of white vehicles,cmgsaz,1,images/cmgsaz.jpg
4586,this blue blob looks like a shark,813le6,0,images/813le6.jpg
4587,jumbo squids attack greenpeace submarine,2j7qvw,1,images/2j7qvw.jpg
4588,huckabee announces stigmata,3z7hpr,0,images/3z7hpr.jpg
4589,locomotion i want to be seen,2srfl2,0,images/2srfl2.jpg
4590,my sister and her best friend both with special needs went to the highschool dance together this is what happened when she was picking him up,53orxc,0,images/53orxc.jpg
4591,my friend found a potato chip in his fries,c9j21j,1,images/c9j21j.jpg
4592,year old airforce s getting replaced,cm09oa,1,images/cm09oa.jpg
4593,president of slovenia showing his new tattoo,4x7nru,1,images/4x7nru.jpg
4594,mrclean in spain is don limpio,dfjxvh,1,images/dfjxvh.jpg
4595,surprised cat with a caught lizard,39wdag,1,images/39wdag.jpg
4596,my girlfriends fanny pack is hungover at brunch and doesnt want to hear about your kids,ciydjo,0,images/ciydjo.jpg
4597,hugh jackman and christian bale during the filming of the prestige,6qxvrl,0,images/6qxvrl.jpg
4598,bolshevism without a mask nsdap,4qb9d8,0,images/4qb9d8.jpg
4599,man who fathered kids with women seeks child support help,31rwog,1,images/31rwog.jpg
4600,this sign on the back of a van,ctva78,1,images/ctva78.jpg
4601,oh god,7ykiq8,0,images/7ykiq8.jpg
4602,this restaurant i went to had a phone caddy next to the toilet,9ceok6,1,images/9ceok6.jpg
4603,i think they should make the pringles can easier to open,c0pf09,1,images/c0pf09.jpg
4604,bride turns canceled wedding into ronald mcdonald house donation,6b7nvr,1,images/6b7nvr.jpg
4605,when you stare into the chicken nuggets and the nuggets stare back,awxo0e,0,images/awxo0e.jpg
4606,damgardjurik cryptosystem public or printed lies,82qupo,0,images/82qupo.jpg
4607,owl closing its eyes,53sd1j,1,images/53sd1j.jpg
4608,my bathroom ceiling fan,95e5vy,0,images/95e5vy.jpg
4609,outsiders art is saluted at columbia then lost anew,3941j6,1,images/3941j6.jpg
4610,san francisco airport to prohibit sale of singleuse plastic water bottles,clkmpz,1,images/clkmpz.jpg
4611,trumps attack on syria was afterdinner entertainment says us commerce secretary,68rs1o,1,images/68rs1o.jpg
4612,yummy french fries,2phli9,0,images/2phli9.jpg
4613,hummingbird feather i found on my shirt,csz6zk,1,images/csz6zk.jpg
4614,fbi behind mysterious surveillance aircraft over us cities,389fs7,1,images/389fs7.jpg
4615,this dog ironing a shirt,2q00wn,1,images/2q00wn.jpg
4616,trolls i wanna go to the newlycreated class of til i do nothing for you grad school,3q27ww,0,images/3q27ww.jpg
4617,clint eastwood in the good the bad and the ugly,7a2ggq,0,images/7a2ggq.jpg
4618,dont clown on the job war is serious newport news shipbuilding usa,7citnc,0,images/7citnc.jpg
4619,a convoy of american and west german tanks stand side to side in preparation for war games,4t1ika,0,images/4t1ika.jpg
4620,assisted suicide ruling gives federal parties an easy way out,2v0v67,1,images/2v0v67.jpg
4621,the colouring in this paint has came out of the actual paint,byml6u,1,images/byml6u.jpg
4622,white sox rehire man who spent years in jail for crime he didnt commit,879vl2,1,images/879vl2.jpg
4623,mark zuckerbergs family portrait,3u9p78,1,images/3u9p78.jpg
4624,sightings of extinct tasmanian tiger prompt search in queensland,6257ri,1,images/6257ri.jpg
4625,the roman empire shortly before being broken up into western and eastern halves due to being too big to govern by one emperor ad,7rbnut,0,images/7rbnut.jpg
4626,brave french general leads his cavalry into one last hopeless charge during the battle of waterloo,9jfr5u,0,images/9jfr5u.jpg
4627,hey there buddy havin a smoke,rd4er,0,images/rd4er.jpg
4628,cuckoo migrates to italy in plane,y9bql,1,images/y9bql.jpg
4629,this rucksack,8riafz,0,images/8riafz.jpg
4630,picture of this dog yawning with the flash on,740ixl,1,images/740ixl.jpg
4631,oh hi d,46qaaa,0,images/46qaaa.jpg
4632,she was cursed by a witch,2ud52v,0,images/2ud52v.jpg
4633,the biggest strike in world history no thanks were focusing on the new iphone,51vcrd,1,images/51vcrd.jpg
4634,beer mile fundraiser brings in for local veterans,8e2zxe,1,images/8e2zxe.jpg
4635,next purse is not happy to be in the sale,2900be,0,images/2900be.jpg
4636,old log looks like head of duck,bvovnm,1,images/bvovnm.jpg
4637,girl with her face in her shirt,3xmcm0,1,images/3xmcm0.jpg
4638,my daughters pencil case,1ldewu,0,images/1ldewu.jpg
4639,yosemite national park california,33vyzv,1,images/33vyzv.jpg
4640,momotaro no umiwashi a japanese cartoon representing the attack on pearl harbor as an army of animals lead by a folklore character attacking demon island,6252dd,0,images/6252dd.jpg
4641,giant bamboo in borneo zoom in on husband at bottom right corner for scale,asgrjk,1,images/asgrjk.jpg
4642,considering recent events heres what science tells us about good and evil hopeful for a brighter future,6uvllq,1,images/6uvllq.jpg
4643,its woody allens birthday we remember great films and blatantly ignore that other stuff,3v294t,0,images/3v294t.jpg
4644,trump making big plans,arsy7u,0,images/arsy7u.jpg
4645,ww soldiers communicating in trenches,7po7sg,0,images/7po7sg.jpg
4646,a childrens wooden block with dickbutt on it,8ae2ae,0,images/8ae2ae.jpg
4647,went hiking today and found this tree with pink leaves oregon,dketyn,1,images/dketyn.jpg
4648,african fashionistas,1nlly0,1,images/1nlly0.jpg
4649,fat man on an inner tube with a shotgun,1iizar,1,images/1iizar.jpg
4650,this dog making a silly face,b2jbje,1,images/b2jbje.jpg
4651,the std that keeps most contestants from competing on the bachelor,80sxlx,0,images/80sxlx.jpg
4652,throwing a pencil in a burning fire pit leaves behind its perfectly unscathed graphite and aluminum ferrule,bu00wg,1,images/bu00wg.jpg
4653,deception of zeus,2ujmfi,0,images/2ujmfi.jpg
4654,minecraft trollcraft ep welp the end,5linrj,0,images/5linrj.jpg
4655,how free games are designed to make money,4twtnf,0,images/4twtnf.jpg
4656,just walking her girl inside a ball,8i8g3u,1,images/8i8g3u.jpg
4657,year old boy with autism has the best birthday ever after his mom reached out to social media,3ttzay,1,images/3ttzay.jpg
4658,man consults doctor after it has lasted more than four hours,72cubp,0,images/72cubp.jpg
4659,something a little different for this subreddit,ub86h,0,images/ub86h.jpg
4660,this shop in the netherlands has baskets to help indicate which customers need help and which dont,bq765j,1,images/bq765j.jpg
4661,send bullets to the front buy war bonds japan second sinojapanese war wwii,d9t2vg,0,images/d9t2vg.jpg
4662,father signed a hr contract with thought catalog for my community,39xtxu,0,images/39xtxu.jpg
4663,suspected san diego synagogue gunman appears in court,bj9rsd,1,images/bj9rsd.jpg
4664,the american reveloution against britain,9c70yn,0,images/9c70yn.jpg
4665,she paid for it to the refugee cause,3k7gtr,0,images/3k7gtr.jpg
4666,sled dog in central park,2uijce,1,images/2uijce.jpg
4667,this books price in the us and canada,aem69g,1,images/aem69g.jpg
4668,student with down syndrome crowned homecoming queen,3nbe4a,1,images/3nbe4a.jpg
4669,guy meets girl both have sex woman who called a he proceeds to shoot at a female student suggesting a career,3j3bi2,0,images/3j3bi2.jpg
4670,golden pheasants lay to kilograms to minutes while dolphins need to digest eucalyptus,cog753,0,images/cog753.jpg
4671,a ball of hoses,2xt5xq,1,images/2xt5xq.jpg
4672,idealism snowfall,8tdeno,0,images/8tdeno.jpg
4673,this distraught piece of bread,7dyy5f,0,images/7dyy5f.jpg
4674,butthurt iphone man narrates his account of not getting to open his iphone box himself,10c3uj,1,images/10c3uj.jpg
4675,a further justification of the present war against the united netherlands england,6o3r1t,0,images/6o3r1t.jpg
4676,this beached blobfish,cc0j5i,1,images/cc0j5i.jpg
4677,this mm is shaped like a crescent,dg0gq1,1,images/dg0gq1.jpg
4678,uhaul offering days of free storage for those in path of hurricane florence,9f043h,1,images/9f043h.jpg
4679,website shows foster kids their wishes are worthwhile,1pip4t,1,images/1pip4t.jpg
4680,tiny spiders in this millionyear old mineral,cpw6b0,0,images/cpw6b0.jpg
4681,passing the river sex and character,5tnwps,0,images/5tnwps.jpg
4682,these one way screws i saw in a bathroom,dlp0c9,1,images/dlp0c9.jpg
4683,this poor attempt of blocking,3dxctl,1,images/3dxctl.jpg
4684,fake soda commercial ft original content,7zqgaq,0,images/7zqgaq.jpg
4685,visually impaired man wins japan comedy championship,82k8p1,1,images/82k8p1.jpg
4686,creepy cloud,4x2cza,0,images/4x2cza.jpg
4687,russias putin nominated for nobel peace prize,1nm9lp,1,images/1nm9lp.jpg
4688,japans victory is the philippines triumph imperial japanese from the third anniversary of the greater east asia war,9cihx4,0,images/9cihx4.jpg
4689,the largest live elm tree ive ever seen owners of the house say its been there since their relatives planted it in,9jncsk,1,images/9jncsk.jpg
4690,this guy not enjoying a zip line,2fp0ur,1,images/2fp0ur.jpg
4691,police department apologizes for counting some officers as y for yellow in internal system,936grs,1,images/936grs.jpg
4692,too much attention,18ldop,1,images/18ldop.jpg
4693,photographer pledges for each fb share will give after photo goes viral,3mfw14,1,images/3mfw14.jpg
4694,hillary clinton argues she would be a political outsider,3lui5x,1,images/3lui5x.jpg
4695,homemade steel rod da vinci bridge kit,cx68ej,1,images/cx68ej.jpg
4696,pentagon oks gay active military member to wear uniform in pride parade,6jfzap,1,images/6jfzap.jpg
4697,desmond parallel lines,5973th,0,images/5973th.jpg
4698,this building with a door to nowhere,awiqyu,1,images/awiqyu.jpg
4699,this piece of paper is shaped like a dinosaur,bpcu1o,1,images/bpcu1o.jpg
4700,can you solve these brainbusting riddles,43uz47,0,images/43uz47.jpg
4701,theres initials on this bridge that spell out fart,c0q97t,1,images/c0q97t.jpg
4702,puppy trying to catch sand,7y6z53,1,images/7y6z53.jpg
4703,someone just got a terribly shocking call,3m3llz,0,images/3m3llz.jpg
4704,chance of a lifetime millions of children are buying barbasol in bulk after barbasol announced lucky children will win a trip to get shaved at their factory,bwaf3w,0,images/bwaf3w.jpg
4705,award for careless talk usa,2oy5y8,0,images/2oy5y8.jpg
4706,chicken tree,3q7q5k,0,images/3q7q5k.jpg
4707,evidence rebuts chomskys theory of language learning,51l3kf,1,images/51l3kf.jpg
4708,use nfc and rap lyrics london summer,4wp6hb,0,images/4wp6hb.jpg
4709,kanoo somewhere nice,7v6nxi,0,images/7v6nxi.jpg
4710,tibby the corgi,4y7pzb,1,images/4y7pzb.jpg
4711,my creamjelly filled donut didnt have any filling this morning,dirrzp,1,images/dirrzp.jpg
4712,maria pia bridge porto portugal,136ei1,1,images/136ei1.jpg
4713,these rubberbands change color when they are stretched for the first time,ck95j2,1,images/ck95j2.jpg
4714,this broccoli i found,cvicld,1,images/cvicld.jpg
4715,ridiculously photogenic third world kid,xpt2i,1,images/xpt2i.jpg
4716,richmond fed president lacker resigns admitting role in leak to analyst,63ofjf,1,images/63ofjf.jpg
4717,how this plant died makes it look like a skeleton hand,blwvrj,1,images/blwvrj.jpg
4718,indianapolis men stole thousands of dollars of crest strips,2rbxjs,1,images/2rbxjs.jpg
4719,oxfam to the rescue,8126xb,0,images/8126xb.jpg
4720,three guys enjoying some ice,6katgu,1,images/6katgu.jpg
4721,coffee midspill,5v2q45,0,images/5v2q45.jpg
4722,perfect dandelion,7hfyun,0,images/7hfyun.jpg
4723,orange you glad skipped bananas,8k0npj,0,images/8k0npj.jpg
4724,small bridge over drain channel,cdzhf3,1,images/cdzhf3.jpg
4725,this clearly belongs here,9bjcmw,0,images/9bjcmw.jpg
4726,elon musk smoking is just happy to have empires run by kings,9e1104,0,images/9e1104.jpg
4727,reddit after insert popular celebrity dies,b9uxbe,0,images/b9uxbe.jpg
4728,my moms old season pass from,cvx093,1,images/cvx093.jpg
4729,a giant bird in the sky,b1nf3d,0,images/b1nf3d.jpg
4730,wwii veteran to graduate college at,8h41lx,1,images/8h41lx.jpg
4731,hybernia fooled,86kehw,0,images/86kehw.jpg
4732,my friend lost her leg in a river and a random guy found it and returned it hours later,cjvm87,1,images/cjvm87.jpg
4733,cat learning kungfu,65rijm,1,images/65rijm.jpg
4734,behold a tortured soul,clpp6p,0,images/clpp6p.jpg
4735,donald trump and stormy daniels spend a platonic evening together,879ttx,0,images/879ttx.jpg
4736,social enterprise founder who grew up in social housing is tackling housing affordability and homelessness through housing mobility,97r8hs,1,images/97r8hs.jpg
4737,porn star donald trump and stormy daniels invited me to their hotel room,7q1gzc,1,images/7q1gzc.jpg
4738,found in some way but my sons father gave me,849r44,0,images/849r44.jpg
4739,trump confirms g dinner chat with putin slams sick msm reports of secret talks,6o872f,1,images/6o872f.jpg
4740,her eyes are such a pretty color,d0b3lg,0,images/d0b3lg.jpg
4741,guam posts in case of emergency fact sheet after north korea threat,6te2oo,1,images/6te2oo.jpg
4742,see moment deaf child hears for first time beautiful,1n9a8f,1,images/1n9a8f.jpg
4743,jews are lice they cause typhus occupied poland published,5rk1pd,0,images/5rk1pd.jpg
4744,guardtower,6ut4g9,0,images/6ut4g9.jpg
4745,study sex can be considered at times a significant exercise,1sbit4,1,images/1sbit4.jpg
4746,police in germany rescue man being chased by baby squirrel,96e2t0,1,images/96e2t0.jpg
4747,google earth technology used to map crimes against humanity in north korea,6oqipp,1,images/6oqipp.jpg
4748,a dumbfounded look founded in my local bar bathroom,1ryyt3,0,images/1ryyt3.jpg
4749,the outskirts of khe sanh,5bmtku,0,images/5bmtku.jpg
4750,trump suggests berlin attack affirms his plan to bar muslims,5jt7f2,1,images/5jt7f2.jpg
4751,a computer made this face its not a real human,b1ilwg,1,images/b1ilwg.jpg
4752,maine restaurant to get lobsters high off marijuana smoke before killing them it is more humane,9gwfln,1,images/9gwfln.jpg
4753,panda face is happy to see you,1swoge,0,images/1swoge.jpg
4754,a pile of,4dsiov,0,images/4dsiov.jpg
4755,the oklahoma land rush,ciq5nr,0,images/ciq5nr.jpg
4756,my grumpy man is coming around to see my cat,41gy7m,0,images/41gy7m.jpg
4757,this construction site has a steering wheel for kids to control the crane,ccyvxo,1,images/ccyvxo.jpg
4758,this little guy i found on the bus,bmqzrh,1,images/bmqzrh.jpg
4759,clusterball pimpin x,1aqzkn,0,images/1aqzkn.jpg
4760,hyena with a trophy,4cfzvc,1,images/4cfzvc.jpg
4761,british tennis player andy murray roaring,42lfpr,1,images/42lfpr.jpg
4762,what a weird way to say yogurt,bauavv,1,images/bauavv.jpg
4763,this passive aggressive pepsi sign,d7u09h,1,images/d7u09h.jpg
4764,male model climaxes in public on sydney bridge,9d77j5,0,images/9d77j5.jpg
4765,the strange face in this wood,awwhkb,1,images/awwhkb.jpg
4766,this mural looks down as you look up,9js3lk,1,images/9js3lk.jpg
4767,someone knit a little sweater for this metal fence at my university,akftuj,1,images/akftuj.jpg
4768,the battle of gettysburg circa,7c19a6,0,images/7c19a6.jpg
4769,something is wrong with this poll i can get thanos back to the natural frames,94fjap,0,images/94fjap.jpg
4770,this grasshopper found on a windshield,ctlh98,1,images/ctlh98.jpg
4771,turbografx oc fan art,53v0ui,0,images/53v0ui.jpg
4772,a little tree in a river,4mnuwc,1,images/4mnuwc.jpg
4773,coiled up garden hose,b2u9ag,0,images/b2u9ag.jpg
4774,i didnt know the covers came in different sizes,a9vwcx,1,images/a9vwcx.jpg
4775,italy invades ethiopia,c4t3uc,0,images/c4t3uc.jpg
4776,i found an unopened disc for an aol free trial,d07elo,1,images/d07elo.jpg
4777,a lion looking at water,clck1o,0,images/clck1o.jpg
4778,this truck has the word platinum embossed in silvercolored plastic,b8th0v,1,images/b8th0v.jpg
4779,how a ride in a mumbai taxi can teach you to communicate with the hearing impaired,3pcief,1,images/3pcief.jpg
4780,this is neither a useful magnifying glass nor a useful golf club,ddyqv2,1,images/ddyqv2.jpg
4781,got a flat scoop,c69pnq,1,images/c69pnq.jpg
4782,munchs painting scream in a tree trunk i cut,2cqrtx,0,images/2cqrtx.jpg
4783,my plant is throwing its hands up and rejoicing,7otjd3,0,images/7otjd3.jpg
4784,first time seeing a quadruple a battery,bgmhje,1,images/bgmhje.jpg
4785,savanna desert from space with proof that giants exist,cwuo1h,1,images/cwuo1h.jpg
4786,this tree growing in a wall,cgssi7,1,images/cgssi7.jpg
4787,this smug looking handbag,4t124i,0,images/4t124i.jpg
4788,josef stalin oversees the first successful soviet nuclear test rds,dh74bg,0,images/dh74bg.jpg
4789,guy doing some stretching,6c7xat,0,images/6c7xat.jpg
4790,man calls reports himself drunk driving,aymj28,1,images/aymj28.jpg
4791,this hot oil that melted the floor revealing the basement,d034ik,0,images/d034ik.jpg
4792,was going to get a late night snack and came across this monstrosity of a strawberry,ax3hxr,1,images/ax3hxr.jpg
4793,this amazing piece of wood,d7p2mz,1,images/d7p2mz.jpg
4794,third reich citizens after fuhrers death,bc60gy,0,images/bc60gy.jpg
4795,owner of abused cat faces sex abuse charges,2pvfjb,1,images/2pvfjb.jpg
4796,this super veiny sweet potato,da75tj,1,images/da75tj.jpg
4797,this one little white grape on a bunch of red grapes,cpgfq8,1,images/cpgfq8.jpg
4798,zlatan ibrahimovic during a mls match,8e2aml,1,images/8e2aml.jpg
4799,rescued circus bear sisters to start new life at romania sanctuary,cioqdy,1,images/cioqdy.jpg
4800,avicii avici,bhdqn4,0,images/bhdqn4.jpg
4801,the ambulances in venice,dk2p9c,1,images/dk2p9c.jpg
4802,nazi posted across berlin,8kc9tx,0,images/8kc9tx.jpg
4803,aaron burr mortally wounds alexander hamilton in a duel,8dyl50,0,images/8dyl50.jpg
4804,my larkspur flower looks like it just got chosen for the price is right and is super stoked,chg10f,1,images/chg10f.jpg
4805,members of various ethnic groups receive identification flair upon entry to auschwitz,7eik6v,0,images/7eik6v.jpg
4806,trashcan at milan mcdonalds color codes and explains where each type of trash goes including liquids,ca6k6q,1,images/ca6k6q.jpg
4807,this two person bathroom at a gas station,9idh58,1,images/9idh58.jpg
4808,a california condor,97wqmh,1,images/97wqmh.jpg
4809,infamous drug lord flees from captivity print,b9cfh2,0,images/b9cfh2.jpg
4810,loyal dog stays with injured brother during winter storm,44eb1q,1,images/44eb1q.jpg
4811,first wild bison born in illinois in nearly years,31rso8,1,images/31rso8.jpg
4812,at the dnc hillary mao poster vs bernie ratface shirt philadelphia usa,4vcjuo,0,images/4vcjuo.jpg
4813,drone bottle service debuts at vegas club,27ieqe,1,images/27ieqe.jpg
4814,you can see the mechanics underneath these escalators,bifjya,1,images/bifjya.jpg
4815,my grandfathers best friend in the army was elvis he got an iphone just so he could show everyone this picture,8acjo7,0,images/8acjo7.jpg
4816,ben folds doing this,19d906,1,images/19d906.jpg
4817,gimme kiss,6cx653,0,images/6cx653.jpg
4818,woke up with my stepdad,3b48c9,0,images/3b48c9.jpg
4819,a purple rose in the midst of a snow storm,2c9e52,0,images/2c9e52.jpg
4820,potato sack race,yjchz,1,images/yjchz.jpg
4821,hotel staff folded our towels into this lil swag fella,9f20ng,1,images/9f20ng.jpg
4822,texas judge orders electric shocks for uncooperative defendant,83505h,1,images/83505h.jpg
4823,a nod to the past the force awakens features a scene where george lucas lifeless body can be seen drifting through space,3yl15y,0,images/3yl15y.jpg
4824,liberation german poster netherlands,65e4he,0,images/65e4he.jpg
4825,robert e lee describes the confederate armys loss at the battle of gettysburg in his autobiography,d1fe6y,0,images/d1fe6y.jpg
4826,buffalo bills owner has national anthem protest idea so crazy it just might work,806m5h,0,images/806m5h.jpg
4827,school dominated by black and asian pupils will lead to a sexual volcano warns tory councillor,1cte6c,1,images/1cte6c.jpg
4828,damn why is fousey tube on my pepsi can,c89dae,1,images/c89dae.jpg
4829,from bhutan to new yorks dairy heartland,42rhsz,1,images/42rhsz.jpg
4830,tall man on stilts at a mcdonalds cup,72r116,0,images/72r116.jpg
4831,the house of bethune the shores of old romance x,2tg7xy,0,images/2tg7xy.jpg
4832,un peacekeeping a commitment to peace un,3mn0sm,0,images/3mn0sm.jpg
4833,man tries to burn st louis gas station after hes caught stealing flamin hot cheetos police say,50ckgb,1,images/50ckgb.jpg
4834,due to having immovable missile pods the myr stingray had to be manually angled in order to fire,99bhlk,0,images/99bhlk.jpg
4835,the kentucky derby winning horse,24nsrv,1,images/24nsrv.jpg
4836,this one fence with plants that wont let go,9hhx0a,1,images/9hhx0a.jpg
4837,pence claims trump will ask supreme court to bar judges from blocking his policies,bmxpry,1,images/bmxpry.jpg
4838,ibms watson computer can now do in a matter of minutes what it takes cancer doctors weeks to perform,36dd3x,1,images/36dd3x.jpg
4839,lunice one question,5p2n1m,0,images/5p2n1m.jpg
4840,this galaxy cluster is not impressed,31s9g1,0,images/31s9g1.jpg
4841,winston churchill alongside loyal british soldiers,7myeq9,0,images/7myeq9.jpg
4842,video two years ago this man was pounds now he is two men who weigh pounds,55tq83,0,images/55tq83.jpg
4843,soldier killed by landmine on dday,77p7jo,0,images/77p7jo.jpg
4844,man sues exgirlfriend over stuffed animal obsession,22r2bs,1,images/22r2bs.jpg
4845,years after liberation you never know whos standing next to you in a german tram fritz behrendt,370rf6,0,images/370rf6.jpg
4846,this bread shaped like a rabbit,byq9s7,1,images/byq9s7.jpg
4847,fresh hairstyle,2rzyoe,0,images/2rzyoe.jpg
4848,captain cook discovers hawaiian islands,csh91a,0,images/csh91a.jpg
4849,jesus of nazareth escapes entombment after his crucifixion ad,65qh0u,0,images/65qh0u.jpg
4850,jesus approves apparently,c7g5gh,1,images/c7g5gh.jpg
4851,bc lawsuit against alberta turnoffthetaps legislation dismissed for being filed too soon,au3xzz,1,images/au3xzz.jpg
4852,this photo of adm michael s rogers commander us cyber command and head of the national security agency,5w3ccc,1,images/5w3ccc.jpg
4853,zuckerberg donates million in facebook stock to health and education causes,156dxr,1,images/156dxr.jpg
4854,seattle superheroes grapple with anarchist clowns and fend off vicious silly string attack,1dke9s,1,images/1dke9s.jpg
4855,i was putting together my new table when this surprised dude appeared,3x09om,0,images/3x09om.jpg
4856,lounging flat cat with splayed legs,c01pjk,1,images/c01pjk.jpg
4857,two gorillas practice their handtohand combat,2lyrxh,1,images/2lyrxh.jpg
4858,robert downey jr explains why he and chris evans left the marvel cinematic universe at the same time,cx08ly,0,images/cx08ly.jpg
4859,chief keef is performing a free online concert via hologram to help stop the violence,3ebhrx,1,images/3ebhrx.jpg
4860,power plant basement after heavy rain,8sg6ex,0,images/8sg6ex.jpg
4861,surprised bathtub,1tf917,0,images/1tf917.jpg
4862,baby sloth relaxes in a bath,8o1x8o,0,images/8o1x8o.jpg
4863,denise milani with a big smile,2kwff9,1,images/2kwff9.jpg
4864,a corgi giving its brother a snuggle,8asqep,1,images/8asqep.jpg
4865,struggling farm family continues the treacherous journey through subzero temperatures on the great oregon trail migration c,7z5b7b,0,images/7z5b7b.jpg
4866,goldman sachs hired by russia as corporate broker to boost image,21i2ih,1,images/21i2ih.jpg
4867,this baby hippo with its tongue out,68tdav,1,images/68tdav.jpg
4868,celebrities from the s talk about their experiences circa,8yjitl,0,images/8yjitl.jpg
4869,this little mint looks horrified,3jl133,0,images/3jl133.jpg
4870,uplifting news in review,6i2z4r,1,images/6i2z4r.jpg
4871,iran air flight stamp,brq1ll,0,images/brq1ll.jpg
4872,hello self titled,8cdgix,0,images/8cdgix.jpg
4873,roughly dogs rescued from terrible conditions,69mtyp,1,images/69mtyp.jpg
4874,the parking lots playfulness and joy,89krnd,0,images/89krnd.jpg
4875,ogallala formation this we can do and we ought to do,6acfzj,0,images/6acfzj.jpg
4876,this angry looking pie,8kbknj,0,images/8kbknj.jpg
4877,the yolk in my egg this morning was so pale it looked white,9hqfhz,1,images/9hqfhz.jpg
4878,dad turns sons wheelchair into ghostbusters ecto for halloween,591wkp,1,images/591wkp.jpg
4879,waitress is presented her own id by hapless alleged thief,19x21u,1,images/19x21u.jpg
4880,new fires sweep through sweltering southern california,8wxobj,1,images/8wxobj.jpg
4881,antioil protester farts in reporters face,1ktlnv,1,images/1ktlnv.jpg
4882,this andean cock of the rock chilling on its own sign,ciiojn,1,images/ciiojn.jpg
4883,ed asner explains hollywood silence on obama syria they dont want to feel antiblack,1m4qq4,1,images/1m4qq4.jpg
4884,clinic offers free psychoanalysis to vandal who stole sign,4xvnam,1,images/4xvnam.jpg
4885,walmart mop is totally groovy,24776x,0,images/24776x.jpg
4886,an empty skype group call,29d860,0,images/29d860.jpg
4887,pigeon gang,1okwed,1,images/1okwed.jpg
4888,groundhog phil predicts more cold weather chuck says spring is coming,7us9aq,1,images/7us9aq.jpg
4889,germany to boost army to troops amid growing concern over donald trumps commitment to nato,5wp1pe,1,images/5wp1pe.jpg
4890,spotted this overjoyed purse in a lecture hall,13jrfz,0,images/13jrfz.jpg
4891,this no trespassing sign looks like it came out of cards against humanity,c0cnsd,1,images/c0cnsd.jpg
4892,this apple is growing a second apple,5dwaeh,1,images/5dwaeh.jpg
4893,i became a united states citizens today,9h0iyv,1,images/9h0iyv.jpg
4894,doctors pharmacists indicted in m fraud case,5loxcx,1,images/5loxcx.jpg
4895,trump busted using empty fake folders as conflict of interest docs at press conference,5njzv9,1,images/5njzv9.jpg
4896,there be worse things than this rap song for ted cruz but not many,37i4bw,1,images/37i4bw.jpg
4897,cops ordered to pin unsolved cases on random black people to boost stats report says,8ylsxt,1,images/8ylsxt.jpg
4898,the trench girls with guns,7rdosg,0,images/7rdosg.jpg
4899,my city installed safety signs on the ground so people staring down can be reminded to look both ways for the train before crossing the street,9eob82,1,images/9eob82.jpg
4900,static electricity making this string on my comforter stand straight up and down,aryd0i,1,images/aryd0i.jpg
4901,these beautiful moths on the side of my house,bzziep,1,images/bzziep.jpg
4902,squirrel eating a bird nsfw,2jt9mu,1,images/2jt9mu.jpg
4903,squirrel reaching for a nut,3eo1v2,1,images/3eo1v2.jpg
4904,this man at comic con,6dddpc,1,images/6dddpc.jpg
4905,creepy norwegian s childrens show is the right place for it,4kcj2s,0,images/4kcj2s.jpg
4906,a picture of an oklahoman family smiling because their crops survived the dust bowl,bbp146,0,images/bbp146.jpg
4907,nothing in this ad goes together,dlnbbv,1,images/dlnbbv.jpg
4908,my maple tree cant decide which gene it wants its leaves to express,d60afi,1,images/d60afi.jpg
4909,i found a piece of driftwood that looks like a dragons head,cnuqvn,0,images/cnuqvn.jpg
4910,russian charity accidentally advocates beaver genocide,55bpyk,1,images/55bpyk.jpg
4911,trump camp apparently soliciting foreign cash despite warnings,4y3llu,1,images/4y3llu.jpg
4912,one of the very first black and white films of a river splitting via manmade structure,b954il,0,images/b954il.jpg
4913,life heartwarming after this teen died from cancer the rock stepped up and took the blame for all the pornography found on his computer,6mfnvq,0,images/6mfnvq.jpg
4914,hes so angry at me,1srr0l,0,images/1srr0l.jpg
4915,yearold ny girl wins google doodle contest theme if i could invent one thing to make the world a better place,27p2pc,1,images/27p2pc.jpg
4916,scientists discover new human organ,8857wz,0,images/8857wz.jpg
4917,available here,emrvqbl,0,images/emrvqbl.jpg
4918,ingot pored on the oman so i made this album cover featuring my dog,8akprp,0,images/8akprp.jpg
4919,wv supreme court hears arguments in shareholders case against massey energy blankenship nearly a year after don blankenship left federal prison and in the middle of his us senate campaign the coal magnate still is facing legal ramifications of the upper big branch mine disaster,82mo19,1,images/82mo19.jpg
4920,not just the car miles but the trip miles too,9jp2gb,1,images/9jp2gb.jpg
4921,this bins shadow makes an angry face,b0ipio,1,images/b0ipio.jpg
4922,the worlds tallest man meets the worlds shortest women january,7uagtm,0,images/7uagtm.jpg
4923,stack design of the sewer pipes by my place had me mesmerized for a good seconds,dhiry3,1,images/dhiry3.jpg
4924,this key card reader in a chinese hotel,37cvdy,0,images/37cvdy.jpg
4925,a french startup has brought a game changing answer to the global plastic pollution crisis by creating a genuine circular economy,dd55u6,1,images/dd55u6.jpg
4926,man who had sex with horses needs help judge tells court,2x3i73,1,images/2x3i73.jpg
4927,this urinal has a lid,b7ct41,1,images/b7ct41.jpg
4928,shoryuken,cqjuj7n,0,images/cqjuj7n.jpg
4929,nc kkk leader im glad that girl died during virginia protest,6uu1w8,1,images/6uu1w8.jpg
4930,its hard to see because of the wipe marks but my rayban sunglasses have a super super tiny rb engraved into the lens only visible with a light from this side,cgc4l8,1,images/cgc4l8.jpg
4931,butter that is shapedand sold like a pug,c1g2y1,1,images/c1g2y1.jpg
4932,fisherman selling fresh salmon,bw97vj,0,images/bw97vj.jpg
4933,this guys handlebar mustache is the real deal,1ztl5h,0,images/1ztl5h.jpg
4934,man with kids going to make great father someday,7hjg47,0,images/7hjg47.jpg
4935,this sign i saw while driving,bcuou4,1,images/bcuou4.jpg
4936,my friends jacket when you use flash,bab1q9,1,images/bab1q9.jpg
4937,a fiveleaf clover my boyfriend found after i asked him to find a fourleaf one,be3pli,1,images/be3pli.jpg
4938,pencil sharpener that looks like an elephant,cu23o9,0,images/cu23o9.jpg
4939,we beat em before well beat em again ca,2kigb9,0,images/2kigb9.jpg
4940,mach welcome home,7i6kr0,0,images/7i6kr0.jpg
4941,dog catching a treat,75zvpp,1,images/75zvpp.jpg
4942,imgur the simple image sharer,otkf3,0,images/otkf3.jpg
4943,i found rocko living the modern life descaling a sterilizer,awk7ki,0,images/awk7ki.jpg
4944,fbi director wray says foreign influence campaigns targeting us have continued virtually unabated,azt4fg,1,images/azt4fg.jpg
4945,hr sends out reminder email about not scrawling revenge in blood in conference room,2g8sy4,0,images/2g8sy4.jpg
4946,this round dog,8r2iki,1,images/8r2iki.jpg
4947,these cats in the snow,byfw3n,1,images/byfw3n.jpg
4948,for british civil war colourized,9fmab6,0,images/9fmab6.jpg
4949,the walkman my mom got when she was back in,dg6trp,1,images/dg6trp.jpg
4950,dog saves tennessee toddler from copperhead,4y6wbn,1,images/4y6wbn.jpg
4951,the poster boys innocent again,87vc0l,0,images/87vc0l.jpg
4952,dog reunited with his best friend from the us mint rfreefolk in a single day,bvy6ys,0,images/bvy6ys.jpg
4953,this phone was looking at me weird in guatemala,75ouhd,0,images/75ouhd.jpg
4954,this fractal cauliflower i saw today,cjsl5c,1,images/cjsl5c.jpg
4955,headless giraffe made of bird poop,awu236,1,images/awu236.jpg
4956,the wearable brain scanner that one can move around in,8674ip,1,images/8674ip.jpg
4957,this electric heater looks really happy to see me,7wa3hd,0,images/7wa3hd.jpg
4958,the death penalty in california cruel and unusual a judge strikes a blow against capital punishment,2c0511,1,images/2c0511.jpg
4959,there is no doubt that in our country there will be the required amount of straitjackets for such madmen ussr,cdfwyl,0,images/cdfwyl.jpg
4960,german border patrol,92krvz,0,images/92krvz.jpg
4961,employees have walked off the job at the sonic restaurant at the south court street location with the doors are locked and lights out a handwritten note on the door says that the new owners are treating them bad and they have closed down the restaurant,axl8zp,1,images/axl8zp.jpg
4962,redlipped batfish,6t6oy2,1,images/6t6oy2.jpg
4963,whats standing in hallways offenses that can give an instant solution to the european union and maybe even lots of money,5jdywc,0,images/5jdywc.jpg
4964,there are secret blimps protecting washington dc,2qaxm4,1,images/2qaxm4.jpg
4965,rokus evolution over years left is before right is now,clw7du,1,images/clw7du.jpg
4966,someone thought a glass door for a mens bathroom was a good idea,cpdt4f,1,images/cpdt4f.jpg
4967,america wonders whether politicians will get us out of hot water based on one of the posters in the wpa national park series,156l4r,0,images/156l4r.jpg
4968,this egg looks like it has veins,c90ytj,1,images/c90ytj.jpg
4969,battle no strings attached via previous winner cptsasquatch,5quzxm,1,images/5quzxm.jpg
4970,my body wash is so upset with me,d9l5kw,0,images/d9l5kw.jpg
4971,fan with drake,au78e9,0,images/au78e9.jpg
4972,this lb potato i got in a lb bag of potatoes,cmbrf1,1,images/cmbrf1.jpg
4973,we forge the basis of socialism polish poster form s about sixyear plan,b39sn3,0,images/b39sn3.jpg
4974,victim scares burglar with medieval hammer,34geo4,1,images/34geo4.jpg
4975,my hat is sad scared and alone,4qitfm,0,images/4qitfm.jpg
4976,assassination of jamal khashoggi,cmyubi,0,images/cmyubi.jpg
4977,kitten in the air,583xnv,1,images/583xnv.jpg
4978,jemez language to seconds,6tigo5,0,images/6tigo5.jpg
4979,paul manaforts new cellmate tonight known as the power drill in close circles th,8rfdv2,0,images/8rfdv2.jpg
4980,south park respectfully responds to prc,df0vjg,0,images/df0vjg.jpg
4981,resham tipnis oh man this is the stuff,4gpozd,0,images/4gpozd.jpg
4982,can the us combat election interference if some dont believe its happening,7xjosk,1,images/7xjosk.jpg
4983,this sign at my gym for those who slam weights around,btb6vp,1,images/btb6vp.jpg
4984,the creation of scotland ad,awzuet,0,images/awzuet.jpg
4985,this bearded dragon having a meal,8wcfia,1,images/8wcfia.jpg
4986,this face is a pilar of creation,2rrk7m,0,images/2rrk7m.jpg
4987,dog in a basket,9aoher,1,images/9aoher.jpg
4988,senators cornyn and graham talking strategy,7rnfbq,1,images/7rnfbq.jpg
4989,north and south korean leaders shake hands at the border,8glvbd,0,images/8glvbd.jpg
4990,i m had staples in my head for the first time never realized this what they look like,cao28i,1,images/cao28i.jpg
4991,these stairs count how many calories you have burned,dlf3m7,1,images/dlf3m7.jpg
4992,eagle mating ritual,3917kr,1,images/3917kr.jpg
4993,this ufo house,be9x45,1,images/be9x45.jpg
4994,this lid looking eager to blow me,7fv21n,0,images/7fv21n.jpg
4995,found this antibullying sign with a weird slogan at my summer camp,ckhxhr,1,images/ckhxhr.jpg
4996,six flags has this makeyourown pixie stick machine,c0ruzt,1,images/c0ruzt.jpg
4997,google sent me a free pair of socks,awal6g,1,images/awal6g.jpg
4998,nico rosberg catching air after his formula one victory,53uvuy,1,images/53uvuy.jpg
4999,brazilian parrot receives worlds first titanium d printed beak,47ml84,1,images/47ml84.jpg
5000,ubers selfdriving car killed a pedestrian in arizona company is now halting selfdriving car tests,85lbrz,1,images/85lbrz.jpg
5001,the fog slowly fading up the mountain,d6aj0b,1,images/d6aj0b.jpg
5002,happy chair,tuhvo,0,images/tuhvo.jpg
5003,boston mayor thomas menino hops red sox win cup,1p08al,1,images/1p08al.jpg
5004,this yearold man is restoring faith in humanity by reviving dead lakes in india,bvj7lk,1,images/bvj7lk.jpg
5005,korean family reunions could you wait years to see your family again,7cgbp6,1,images/7cgbp6.jpg
5006,the soviet union bears the flag of peace,76m8ix,0,images/76m8ix.jpg
5007,an old pug,207ony,1,images/207ony.jpg
5008,not impressed,5dh73u,0,images/5dh73u.jpg
5009,my city has a sign for people and another for dogs,bw6uqu,1,images/bw6uqu.jpg
5010,these marathon runners,2wrl8y,1,images/2wrl8y.jpg
5011,my great greatgrandfather front in gettysburg in didnt know this photo existed until i came across it randomly on the internet he cried when he saw it hope this is the right place to post it,81kwjo,0,images/81kwjo.jpg
5012,the way the soot formed on the lid of this candle,d9b81i,0,images/d9b81i.jpg
5013,owls on a branch,45ktf6,1,images/45ktf6.jpg
5014,these potatoes having an argument,68u2zq,1,images/68u2zq.jpg
5015,fall of tenochtitlan,dd0tq4,0,images/dd0tq4.jpg
5016,a colorful bird on a branch,1pjf0q,0,images/1pjf0q.jpg
5017,large intricate mandala arm tattoo,8sxf8o,0,images/8sxf8o.jpg
5018,a baby koala gets a little boost,1wswik,1,images/1wswik.jpg
5019,screw you guys im going home,7zdxy7,0,images/7zdxy7.jpg
5020,in a city which has been inhabited since prehistoric times digging up the road always finds something,aypozv,1,images/aypozv.jpg
5021,mh missile came from russia dutchled investigators say,55072m,1,images/55072m.jpg
5022,this cucumber slices reaction to the butchering that just took place,70r412,0,images/70r412.jpg
5023,this dwarf hamster only has one eye shut,ay959v,1,images/ay959v.jpg
5024,gjogv faroe islands,c67ujr,1,images/c67ujr.jpg
5025,homo erectus starts using fire circa years ago,cgkacb,0,images/cgkacb.jpg
5026,five undercover police cars sent to arrest single alleged movie pirate,1f4wo7,1,images/1f4wo7.jpg
5027,justine dufourlapointe winner of the womens moguls in freestyle skiing celebrates with an air guitar riff,1xnpw5,1,images/1xnpw5.jpg
5028,young child in pool,8tq0a1,1,images/8tq0a1.jpg
5029,all heil adolf fishler,zgw30,1,images/zgw30.jpg
5030,photo from a protest in romania,2d5hd0,1,images/2d5hd0.jpg
5031,charles darwin discovers domesticated aboriginal plant ca,83sqzy,0,images/83sqzy.jpg
5032,there are senators in this building none of them care about you fictional,7jq3jp,0,images/7jq3jp.jpg
5033,our simpsons calendar is missing a b in,czjzyt,1,images/czjzyt.jpg
5034,missouri gov jay nixon pardons earnest leap kansas city area man who says lie landed him on sex offender registry,4yv5a0,1,images/4yv5a0.jpg
5035,abraham lincolns gettysburg address,5fmagq,0,images/5fmagq.jpg
5036,this moai tisaue dispenser,avcels,1,images/avcels.jpg
5037,one of romneys mad men is trying to convince america that republicans have feelings,2he3te,1,images/2he3te.jpg
5038,one of my strawberry plants is growing seedless strawberries,c855ao,1,images/c855ao.jpg
5039,rebranding capitalism,c6qjlo,1,images/c6qjlo.jpg
5040,this place encourages people to help document climate change,d52i69,1,images/d52i69.jpg
5041,this fortune cookie my brother got,b8slkh,1,images/b8slkh.jpg
5042,us environmental protection agency chief scott pruitt has recused himself from several court cases that he pursued against the agency when he was oklahoma attorney general according to a recusal statement,69q459,1,images/69q459.jpg
5043,greetings to the soviet heroes together we shall conquer united kingdom,99d66m,0,images/99d66m.jpg
5044,how this chinese restaurant indicates their comfort rooms,dh4d0l,1,images/dh4d0l.jpg
5045,screaming trees dont laugh,c5a696,0,images/c5a696.jpg
5046,america late s,9gzkt0,0,images/9gzkt0.jpg
5047,my fajitas look like the mexican flag,c5z85u,1,images/c5z85u.jpg
5048,karmagood things come to those who do good things,5zgzk6,1,images/5zgzk6.jpg
5049,traffic lights in paris have an extra minitrafficlight at drivers eyelevel so the first driver standing on a red light doesnt need to be honked to start moving,ba2o2a,1,images/ba2o2a.jpg
5050,aldi to give away all its unsold fresh food to less fortunate individuals on christmas eve,7h3a0j,1,images/7h3a0j.jpg
5051,my parents grew a tomato that looks like bulbasaur,d2cj3n,1,images/d2cj3n.jpg
5052,youll never guess who mitt romney dressed up as for halloween,5alr4s,0,images/5alr4s.jpg
5053,great news drinking this twice a day can actually get rid of acne,4s5qf7,0,images/4s5qf7.jpg
5054,harvard university uncovers dna switch that controls genes for wholebody regeneration,b2auue,1,images/b2auue.jpg
5055,potus meets with russians lavrov and kislyak,8hzfah,0,images/8hzfah.jpg
5056,this rock looks like a sloth,8mthuw,0,images/8mthuw.jpg
5057,ribbentropmolotov pact,8i5iq2,0,images/8i5iq2.jpg
5058,my cactus is growing a new cactus,dcdb43,1,images/dcdb43.jpg
5059,pregnant woman saved from sex trafficker after taxi driver notices her crying,dcxi0e,1,images/dcxi0e.jpg
5060,image taken moments before the marriage of prince harry and megan markle,8klflw,0,images/8klflw.jpg
5061,drunk man drives car though russian airport tells court he did it for love,5k1rc5,1,images/5k1rc5.jpg
5062,friendly shark,3um613,0,images/3um613.jpg
5063,david cameron charging ps per hour for speeches on brexit,5d9frw,1,images/5d9frw.jpg
5064,the carpet is mildly amused,2ewvcb,0,images/2ewvcb.jpg
5065,switzerland,aw1shj,1,images/aw1shj.jpg
5066,cool bathmat my mom gave me actually works to not that preprinted kind,d162wq,1,images/d162wq.jpg
5067,new gas tax in ca will increase gas prices per gallon,2ew79f,1,images/2ew79f.jpg
5068,norwegians sing to annoy mass killer,szrf5,1,images/szrf5.jpg
5069,this smiling nidoran plushie is creeping me out,8l9gda,0,images/8l9gda.jpg
5070,woman holding rock,c7fqhp,1,images/c7fqhp.jpg
5071,the coffee stain from the bottom of my coffee mug made a face on my desk so my coworkers took advantage of the situation,cw6a4r,1,images/cw6a4r.jpg
5072,sad little sander,c8unik,0,images/c8unik.jpg
5073,johann schobert german composer suffers severe facial cramps before death after ingesting poisonous mushrooms,9d9afj,0,images/9d9afj.jpg
5074,look pleasant please motivational work poster from cj howard inc chicago,cmv1cj,0,images/cmv1cj.jpg
5075,theres a cooked on my wifes pancake,crnyts,1,images/crnyts.jpg
5076,trump approval drops points to low after release of mueller report reutersipsos poll,bf7zmo,1,images/bf7zmo.jpg
5077,concept designs of a german panther tank with an experimental turret placed on it,6ia1fs,0,images/6ia1fs.jpg
5078,our hospice company helped a vet get his wish to be fitted with a suit before he dies he had always been a classy guy and just wanted to be classy again,8h44ty,1,images/8h44ty.jpg
5079,mrw i beat my buddy tells me he sits down when he found a front page post linked to an argument with my so before going to start serving breakfast all day and realize that im using the builtin save function,3eovfs,0,images/3eovfs.jpg
5080,how the hun hates wwi,1e2pom,0,images/1e2pom.jpg
5081,utah state air quality has significantly improved in,2r5tti,1,images/2r5tti.jpg
5082,the price tag on universal health care is in and its bigger than californias budget,6d1g6j,1,images/6d1g6j.jpg
5083,insight ballooning bills more us hospitals pushing patients to pay before care,654xts,1,images/654xts.jpg
5084,hmb while i ride a canoe into the pool,90i7tm,0,images/90i7tm.jpg
5085,ditto wearing a wig,6ksd1e,1,images/6ksd1e.jpg
5086,the transmundane complex god,awmpp0,0,images/awmpp0.jpg
5087,cat standing with twisted arms holding on to a bed and a cat post,4xi43q,1,images/4xi43q.jpg
5088,hackers threaten to remotely wipe million iphones unless apple pays ransom,6165mj,1,images/6165mj.jpg
5089,nuclear explosion launches manhole cover into space during operation plumbbob,8mkof3,0,images/8mkof3.jpg
5090,this puddle that looks like a heart,9e8w09,1,images/9e8w09.jpg
5091,another day another failure of eric trumps wife to convince him not to have a creepy haircut,7ki1ym,0,images/7ki1ym.jpg
5092,jadeveon clowney,113k9r,1,images/113k9r.jpg
5093,hitler sending out new tanks germany,bbq2yb,0,images/bbq2yb.jpg
5094,poster of the viriato legion portuguese volunteers who fought with the nationalists in the spanish civil war x,6y4efc,0,images/6y4efc.jpg
5095,this toilet in japan that lets you wash your hands with the water it uses to fill the tank oc,bwnubq,1,images/bwnubq.jpg
5096,three way chess set,at8ko0,1,images/at8ko0.jpg
5097,rich brian before start of rap career,8f9ihd,0,images/8f9ihd.jpg
5098,the stem of this avocado looks like master yoda emerging from a halfcoconut,axkifa,1,images/axkifa.jpg
5099,pug dressed as gandalf in a field,3pkdjw,1,images/3pkdjw.jpg
5100,kid and dog doing yoga,6dbd3c,1,images/6dbd3c.jpg
5101,a german uboat surfaces to use its periscope in the black sea,9dtdcc,0,images/9dtdcc.jpg
5102,the lonely kid gang stop and smell the roses,7whjhv,0,images/7whjhv.jpg
5103,dwayne johnson rock paperweight,c1egml,1,images/c1egml.jpg
5104,found lightning mcqueen in a parking lot,c8kily,1,images/c8kily.jpg
5105,empress catherine ii of russia having fun with her selfie stick moscow,6nqs5i,0,images/6nqs5i.jpg
5106,when doing construction in rome the company puts a picture of what the building will look like over the site,brgb1j,1,images/brgb1j.jpg
5107,anthony weiner sentenced to nearly two years in prison for sexting scandal,72d8fp,1,images/72d8fp.jpg
5108,how people get sick and die because of ignorance and superstition ussr cover of krasnaya nov red virgin soil magazine,7p6luz,0,images/7p6luz.jpg
5109,two large apple shareholders say it needs to research the impact of smartphones on kids,7ox0ks,1,images/7ox0ks.jpg
5110,study not many disco songs about daytime,2zpx0c,0,images/2zpx0c.jpg
5111,president sanders,6bwkgm,0,images/6bwkgm.jpg
5112,i found this virtually intact mouse skeleton in an old pair of rollerblades,cx7ypf,1,images/cx7ypf.jpg
5113,furloughing workers is costing taxpayers million an hour republicans remix poster,1o0ovf,0,images/1o0ovf.jpg
5114,kitchen equipment having existential crisis,6notux,0,images/6notux.jpg
5115,man offers to shoot someone for retweets is promptly arrested,20dujm,1,images/20dujm.jpg
5116,sarah palin uses facebook to denounce twitter diplomacy,25qjqu,1,images/25qjqu.jpg
5117,a sleeping husky,3ly7qa,1,images/3ly7qa.jpg
5118,we will fight them in the air we will fight them in the ramparts we will fight them at the airports we will never surrender jpjones,ca3gx1,0,images/ca3gx1.jpg
5119,this chocolate spoon i ate my cereal with,d42tju,1,images/d42tju.jpg
5120,how fragrances help to make contact with dementing peoplewritten in dutch,70gq6d,1,images/70gq6d.jpg
5121,growing the beard out,6zx0nk,0,images/6zx0nk.jpg
5122,happy sailboat is happy,1ilpoy,0,images/1ilpoy.jpg
5123,young ent fighting during battle of isengard,7qsfov,0,images/7qsfov.jpg
5124,report this not a gun,8a2fzy,0,images/8a2fzy.jpg
5125,cage the elephant social cues,bf62xj,0,images/bf62xj.jpg
5126,jump into empty bathtub,czzhjv,1,images/czzhjv.jpg
5127,the robes in my bathroom made a shadow face on the door,ccpz49,1,images/ccpz49.jpg
5128,two gestapo officers search for jewish hiding spots,9h4cy2,0,images/9h4cy2.jpg
5129,angry owl,5zwhxr,0,images/5zwhxr.jpg
5130,this sculpture of a skull made of desserts looks texturerealistic,al2vjq,1,images/al2vjq.jpg
5131,this espresso coke found in mexico,dllpcd,1,images/dllpcd.jpg
5132,a suspended icicle,aza7cx,1,images/aza7cx.jpg
5133,british mk ii tank rather nonchalant about having been knocked out,2zopoq,0,images/2zopoq.jpg
5134,boeing nose unloading,d4gf87,1,images/d4gf87.jpg
5135,what type of flowers are these,3zcgnl,0,images/3zcgnl.jpg
5136,glamour gallery it be,8li54v,0,images/8li54v.jpg
5137,the first shirt i got when moving to australia years of wearing and washing,blkou9,1,images/blkou9.jpg
5138,different types of tracks in the namibian dunes oc,cep4in,1,images/cep4in.jpg
5139,what honey booboo looks like now is shocking,5kkiwf,0,images/5kkiwf.jpg
5140,hillary clinton and donald trump during the presidential debates,7szh4y,0,images/7szh4y.jpg
5141,a perfectly content dresser,q51ju,0,images/q51ju.jpg
5142,this insect was hanged by a curtains thread,c6sbxr,1,images/c6sbxr.jpg
5143,police kick door down confiscate cannabis plants and leave friendly message asking homeowner to get in touch,20muve,1,images/20muve.jpg
5144,such a happy little door,17l0ed,0,images/17l0ed.jpg
5145,the suprised windows,6u5ip4,0,images/6u5ip4.jpg
5146,late night for this guy,6m0bj7,0,images/6m0bj7.jpg
5147,office xmas party x,14xysw,1,images/14xysw.jpg
5148,halfmoon bay ca,3yzhaf,1,images/3yzhaf.jpg
5149,a fan takes a selfie with wrestler john cena,1vrqoc,1,images/1vrqoc.jpg
5150,holy roller teen recently diagnosed with cancer bowls perfect game,1yn31m,1,images/1yn31m.jpg
5151,alicia vikander getting her oscar engraved,4929iy,1,images/4929iy.jpg
5152,rep todd akin rmo i misspokewhat i meant to say is i am dumb as dog shit and i am a terrible human being,yjvh9,0,images/yjvh9.jpg
5153,a tomato hornworm from my garden covered in parasitic wasp cocoons,9fbe33,1,images/9fbe33.jpg
5154,cigar chomping resident of havana,1wqdxa,1,images/1wqdxa.jpg
5155,chill consume,czgx5b,0,images/czgx5b.jpg
5156,stop the aggressor ussr,8cfugc,0,images/8cfugc.jpg
5157,man hanging on to sign post,4uv3sq,1,images/4uv3sq.jpg
5158,stalin leading victory parade moscow red square,bmibss,0,images/bmibss.jpg
5159,a skier on an avalanche,93phcp,0,images/93phcp.jpg
5160,the way my neighbors reuse old jugs as planters,diqogx,1,images/diqogx.jpg
5161,ed balls gives in to pressure and retweets his name on ed balls day,247jee,1,images/247jee.jpg
5162,this vinyl uses a price tag for a shirt,cg3m4p,1,images/cg3m4p.jpg
5163,puff daddy and mark wahlberg donate one million bottles of water to flint,42pwhb,1,images/42pwhb.jpg
5164,the bear in the cloud is pointing at something,9cskuc,1,images/9cskuc.jpg
5165,concept art for easter island renovation circa,arrem2,0,images/arrem2.jpg
5166,i dont get the fascination with this look,ll1te,1,images/ll1te.jpg
5167,my local kroger lets kids eat fruit for free,9jbxv2,1,images/9jbxv2.jpg
5168,amsterdam from above,3e8gx6,1,images/3e8gx6.jpg
5169,what happens if you want some trippy results,5119vh,0,images/5119vh.jpg
5170,dog on vacation,97g1l0,1,images/97g1l0.jpg
5171,navy chief dancing,212fzy,1,images/212fzy.jpg
5172,this noiresque photo of my puggle,bf0ayd,1,images/bf0ayd.jpg
5173,donald trump and kim jongun discussing who has the biggest button,7o4poe,0,images/7o4poe.jpg
5174,texans star jj watt likely to get plastic surgery to fix nose at moms urging,1tpbk7,1,images/1tpbk7.jpg
5175,ill be so happy to take your loose change,4oozjx,0,images/4oozjx.jpg
5176,this guy catching a baseball while holding a baby,bevty0,1,images/bevty0.jpg
5177,clever fox steals wallet from english golfers,49yz3a,1,images/49yz3a.jpg
5178,night of the grizzly darwinism why i went for a second phd,55cgvr,0,images/55cgvr.jpg
5179,how reflective surfaces act like they are transparent,bwdaqa,1,images/bwdaqa.jpg
5180,my orange juice warns it contain traces of sesame seeds,d43h29,1,images/d43h29.jpg
5181,french revolutionary getting executed circa,c9i20f,0,images/c9i20f.jpg
5182,throwing my sister in the pool,1jws0k,1,images/1jws0k.jpg
5183,covenant plasma rifle,9460g8,0,images/9460g8.jpg
5184,off bran cereal has bar code on sides of the box,bbusqu,1,images/bbusqu.jpg
5185,oceanside rock formation,b54eb1,0,images/b54eb1.jpg
5186,flamingos huddled together in bathroom,541u4l,1,images/541u4l.jpg
5187,bees declared extinct years ago take to uk skies again,2vbdkw,1,images/2vbdkw.jpg
5188,morale,5a9lnl,0,images/5a9lnl.jpg
5189,this toilet is also a scooter,9btp84,1,images/9btp84.jpg
5190,i was just stopped at a portable stoplight,bwaw5g,1,images/bwaw5g.jpg
5191,my cat tuffz yawning in a fierce way,1wk7hs,1,images/1wk7hs.jpg
5192,dead fly looks like its about to run a race,cs3v74,1,images/cs3v74.jpg
5193,mother and infant survive plane crash in colombia jungle,3b234c,1,images/3b234c.jpg
5194,my mandarin has a baby mandarin growing inside,cb07xr,1,images/cb07xr.jpg
5195,old gods blocking the road,68m94t,0,images/68m94t.jpg
5196,we had a sun shower today found the end of the rainbow,cjj6cu,1,images/cjj6cu.jpg
5197,this last bit of toilet paper on the roll was cut jagged,bpy4kg,1,images/bpy4kg.jpg
5198,man travels over kms to donate blood and help a pregnant woman,7ktacx,1,images/7ktacx.jpg
5199,a monkey playing with a feather duster,4owx9r,0,images/4owx9r.jpg
5200,weezersaint cuomo,95f7ev,0,images/95f7ev.jpg
5201,cat interrupted watching phone,blz47b,1,images/blz47b.jpg
5202,a watchful razor,cpjt6k,0,images/cpjt6k.jpg
5203,dutch anti japanese world war date unkown translation out indonesia must be liberated,d7t7y7,0,images/d7t7y7.jpg
5204,a monkey thinking this banana is terrible,1v6rat,1,images/1v6rat.jpg
5205,this letterbox is the same design as the house,ciqx5q,1,images/ciqx5q.jpg
5206,homemade fusilli pasta with pesto mushroom cherry tootsies mozzarella and chorizo tacos for dinner tonight,72394s,0,images/72394s.jpg
5207,cartoon from the ralph townsends pamphlet there is no halfway neutrality opposing the boycott of japanese silk united states,5s8eh6,0,images/5s8eh6.jpg
5208,the difference from the start to the end,bzm023,1,images/bzm023.jpg
5209,the house seemed to belong to a music video im working in and peeling paint off,68jw5z,0,images/68jw5z.jpg
5210,the worlds biggest post stamp,50q8n7,0,images/50q8n7.jpg
5211,antirefugee backlash in south korea targets yemenis fleeing war and seeking asylum,8wgp7s,1,images/8wgp7s.jpg
5212,bleeeeeh,ci1612,0,images/ci1612.jpg
5213,oui chef,4tf26z,0,images/4tf26z.jpg
5214,this cloud looks like chain chomp,cizsgm,1,images/cizsgm.jpg
5215,i need to try making my own mexican chorizo and used that instead of from the farmers market,4pnank,0,images/4pnank.jpg
5216,mueller prosecutors trump did obstruct justice,bhp9oo,1,images/bhp9oo.jpg
5217,the french make the first fighter plane,bt0qdu,0,images/bt0qdu.jpg
5218,ive got something in my head,5ycxf5,0,images/5ycxf5.jpg
5219,this loaf of a man with tiny ice cream at meryl streep,949d2z,0,images/949d2z.jpg
5220,tea party republicans blame obama for the shutdown they planned,1nz1o9,1,images/1nz1o9.jpg
5221,year old hurricane matthew survivor receives kidney donation for christmas,5mjeae,1,images/5mjeae.jpg
5222,not going to be desired,6lswsj,0,images/6lswsj.jpg
5223,this cold brew set up at my local used book store,bsk0s6,1,images/bsk0s6.jpg
5224,this pipe smoking old man staring at me,9614xd,0,images/9614xd.jpg
5225,im almost scared to post this here,t0x13,1,images/t0x13.jpg
5226,guy hauling luggage,3knrr2,1,images/3knrr2.jpg
5227,cartoon characters shave their heads to show kids with cancer that bald is beautiful,23xhx7,1,images/23xhx7.jpg
5228,my dr pepper blew up after leaving it in the hot sun,csiym4,1,images/csiym4.jpg
5229,this domino set i found at the thrift store goes up to,d92kxt,1,images/d92kxt.jpg
5230,it is wednesday my roots,7l6h9z,0,images/7l6h9z.jpg
5231,a type of justice florida reform school yields evidence of more graves,bg33vl,1,images/bg33vl.jpg
5232,people in mid air around a guy punching the ground,8fw91j,1,images/8fw91j.jpg
5233,this is bulletproof sheetrock installed in a new courtroom,beylqk,1,images/beylqk.jpg
5234,cabin air filter box art,b0f78t,1,images/b0f78t.jpg
5235,the uses for this light,bl1gwl,1,images/bl1gwl.jpg
5236,random fu the masochistic component of boys,5t1cfr,0,images/5t1cfr.jpg
5237,gov laura kelly attracts crowd for signing of bipartisan k spending bill in kansas the saga over public education funding has been long and hard its time for it to be settled it is as if the moon and the sun and the stars are aligning said senator molly baumgardner,baba0l,1,images/baba0l.jpg
5238,its nice to pay this much for gas ik terrible joke,dicuqq,1,images/dicuqq.jpg
5239,at the botanical garden in medellin,3luvv0,1,images/3luvv0.jpg
5240,the size of this pile of snow in austin mn thats a school bus for scale,avk4om,1,images/avk4om.jpg
5241,rare find in pokemon go,8f4rvp,0,images/8f4rvp.jpg
5242,jet set jet set,7hos6p,0,images/7hos6p.jpg
5243,a hawaiian warrior,2joa6v,1,images/2joa6v.jpg
5244,american baseball players dropping to the ground because of an air raid drill circa,7dgfiy,0,images/7dgfiy.jpg
5245,oc i made a thing please forgive me,c2gote,0,images/c2gote.jpg
5246,kc penny funeral production,7q53oy,0,images/7q53oy.jpg
5247,turkish president recognizes the armenian genocide circa,cm2p5o,0,images/cm2p5o.jpg
5248,man tells selfish celebs to stop divorcing on billboards across la,25sh6j,1,images/25sh6j.jpg
5249,cool optical illusion in quebec,bp6h29,0,images/bp6h29.jpg
5250,my dog super relaxed while eating breakfast,2r68ih,1,images/2r68ih.jpg
5251,melanistic fox,dedws8,1,images/dedws8.jpg
5252,the cat in the fridge,72jn5w,1,images/72jn5w.jpg
5253,our land is famous for its heroes ussr,4oxcrc,0,images/4oxcrc.jpg
5254,a stuffed fox holding a shotgun and pheasant,591n74,1,images/591n74.jpg
5255,the ioc demands that helped push norway out of winter olympic bidding are hilarious,2i5vcz,1,images/2i5vcz.jpg
5256,elementary school students and facility line up to shave their hair off to support classmate recovering from cancer so she doesnt feel alone,4chasw,1,images/4chasw.jpg
5257,no idea if this is true but he looks surprised too,d7j8lo,0,images/d7j8lo.jpg
5258,joan collins is right any woman who wants to stay beautiful like me needs to diet every day of her life,1clnir,1,images/1clnir.jpg
5259,mostly void partly starsthe spring,4gzvou,0,images/4gzvou.jpg
5260,man posing for picture with goat,24i2go,1,images/24i2go.jpg
5261,a man in a striped speedo playing paddleball on the beach on florida in the early s,8ajgyd,1,images/8ajgyd.jpg
5262,brussel sprouts,5053c1,0,images/5053c1.jpg
5263,a sandal that i took a photo of,6n15mk,0,images/6n15mk.jpg
5264,the water droplets on my cars panoramic roof look like they are drawn,d26t2a,1,images/d26t2a.jpg
5265,a dog sitting in a funny position,32necl,0,images/32necl.jpg
5266,this cat on its back,3za2tn,1,images/3za2tn.jpg
5267,disabled squirrel named winkelhimer learns to express herself through painting,1czlib,1,images/1czlib.jpg
5268,in the stores now oc,9fxd01,1,images/9fxd01.jpg
5269,this moth looks like it has comic book villain face,ctkovu,1,images/ctkovu.jpg
5270,the rat pack las vegas,d4mi69,0,images/d4mi69.jpg
5271,this ship at a maritime festival today happy friday the th,d3xspz,1,images/d3xspz.jpg
5272,dog butt,1cuf3w,0,images/1cuf3w.jpg
5273,my basketball got stuck between the backboard and the ones living in the fifa world cup game looks like it cant believe what it is time to pick android phones based on the streets,3ruaee,0,images/3ruaee.jpg
5274,glass art in seattle museum,cf2q8p,1,images/cf2q8p.jpg
5275,after a lifetime of learning atlanta woman earns college degree at,bo9xjm,1,images/bo9xjm.jpg
5276,kelly ripas most probable cohosts ranked from most to least liked,51m07v,0,images/51m07v.jpg
5277,oo,2h8akl,0,images/2h8akl.jpg
5278,dogs bred for meat in skorea start new life in us,2ri912,1,images/2ri912.jpg
5279,this bracket on my bed looks like its a little chunky robot whos ready to throw down,6gx1jm,0,images/6gx1jm.jpg
5280,japanese versus russian press unknown author cartoon in zigzag magazine,2wsb0q,0,images/2wsb0q.jpg
5281,if you get very close to a little hot today,czxb8d,0,images/czxb8d.jpg
5282,this larva of a bluebottle fly under an electron microscope,4hb89w,1,images/4hb89w.jpg
5283,the sky c,dbeen8,1,images/dbeen8.jpg
5284,pabst on labor day happy pants,zcccf,0,images/zcccf.jpg
5285,mark zuckerberg unveils the facebook,bbij2w,0,images/bbij2w.jpg
5286,rapper donates profits to build an orphanage in afghanistan,vr737,1,images/vr737.jpg
5287,spokane knitter uses her talent to make hats for homeless,2vbpvc,1,images/2vbpvc.jpg
5288,gravesham how the music should be played,4sigpg,0,images/4sigpg.jpg
5289,all my life by jpose,95yam8,0,images/95yam8.jpg
5290,stone carved by waves,3mtrbs,1,images/3mtrbs.jpg
5291,walking chameleon,5evzbn,1,images/5evzbn.jpg
5292,guy on cannon,86tij7,1,images/86tij7.jpg
5293,track reduces use of new crotch cameras after backlash,dcfouw,1,images/dcfouw.jpg
5294,a lobbyist assists axel voss in drafting article summer,9fknrq,0,images/9fknrq.jpg
5295,crying wall,o7d57,0,images/o7d57.jpg
5296,county official no ill intent after calling for military coup against obama,2je2hj,1,images/2je2hj.jpg
5297,man stabs parents after they ordered fast food but didnt get any for him,3ufc9r,1,images/3ufc9r.jpg
5298,this urinal wall at a wedding i went to,byd9pv,1,images/byd9pv.jpg
5299,elon musks car returns to earth after running out of gas,7vqzek,0,images/7vqzek.jpg
5300,airline passengers raise objections when blind man and his service dog are kicked off flight,1qn3v0,1,images/1qn3v0.jpg
5301,lil pump shaq,bxmjny,1,images/bxmjny.jpg
5302,sf woman breeds rats releases them in city parks,27hx6y,1,images/27hx6y.jpg
5303,flaming mouse burns down mans house,1h83s3,1,images/1h83s3.jpg
5304,fbi quickly follows up on tip about potentially dangerous man who killed in school shooting,7y133l,0,images/7y133l.jpg
5305,ultraman seems sooo happy,73zyq0,0,images/73zyq0.jpg
5306,north korean karaoke stirs fear of mass singalong in south,3jn2u1,1,images/3jn2u1.jpg
5307,women rescued in seattle human trafficking bust,azjue9,1,images/azjue9.jpg
5308,a man crawls to safety during the bowling green massacre,5xx7wq,0,images/5xx7wq.jpg
5309,adults puzzled by hollister store that keeps shoppers in the dark,1k0kky,1,images/1k0kky.jpg
5310,dunkin donuts responds to starbucks cup controversy with sweet baby jesus,3si49w,0,images/3si49w.jpg
5311,this cat standing up,cmbfiv,1,images/cmbfiv.jpg
5312,inmate granted compassionate leave to attend funeral fails to return to prison,562vp6,1,images/562vp6.jpg
5313,kim davis signs with christian book publisher im a survivor to be released in time for christmas,3llf9d,0,images/3llf9d.jpg
5314,coach players suspended after autistic boy allegedly duct taped to soccer goal,2isgsn,1,images/2isgsn.jpg
5315,pastermac,98gkac,0,images/98gkac.jpg
5316,what else could the folks in the background be reacting to,vmz56,1,images/vmz56.jpg
5317,quebec funeral directors trying to curtail funeral selfies,5sn11v,1,images/5sn11v.jpg
5318,disney takes stand against overzealous copyright holders,97c9zt,1,images/97c9zt.jpg
5319,my beer foam looked like a dog,cvpqs0,1,images/cvpqs0.jpg
5320,elephant shaped splash,5b9pmd,0,images/5b9pmd.jpg
5321,kim jonguns celebrating after launching a missile,50vtto,1,images/50vtto.jpg
5322,michael reeves and william osman,cagqil,1,images/cagqil.jpg
5323,flying squirrel in midglide,142k5c,1,images/142k5c.jpg
5324,the way that this copper braid is wound,begw49,1,images/begw49.jpg
5325,news utter pandemonium grandma really did a number on the tv settings before asking for help with the remote,81f0k2,0,images/81f0k2.jpg
5326,meryl streep and cent,1wfkcv,1,images/1wfkcv.jpg
5327,passion fruit grown in california,dfnlg0,1,images/dfnlg0.jpg
5328,look at my work got a kitten so our husky could grow up in thick cobwebs and couldnt say no,4lu561,0,images/4lu561.jpg
5329,fec document concludes trump paid actors to attend event at which he launched campaign,5pd61c,1,images/5pd61c.jpg
5330,california campaign to secede gains momentum,5r3e0m,1,images/5r3e0m.jpg
5331,this dog hanging out of its owners arms,bgryh8,1,images/bgryh8.jpg
5332,matchbox wishbone,cvk2ia,1,images/cvk2ia.jpg
5333,two bodies one head my sisters babies,cg75rb,0,images/cg75rb.jpg
5334,available here,dz4kked,0,images/dz4kked.jpg
5335,men brace for beard patrols in iraqs isheld mosul,3839mm,1,images/3839mm.jpg
5336,this singing cat,20e0cf,1,images/20e0cf.jpg
5337,these urinals have a step flush mechanism to keep your hands from getting germs on them,asgl1o,1,images/asgl1o.jpg
5338,dogs ear looks like dogs face,9d9gnu,0,images/9d9gnu.jpg
5339,bobby decorated war veteran gives birth,9akdkp,0,images/9akdkp.jpg
5340,when incest is best kissing cousins have more kin,24nap1,1,images/24nap1.jpg
5341,tennessee race for medicaid dial fast and try try again,1fuwkc,1,images/1fuwkc.jpg
5342,dog training program is an alternative to jail,9ftz3x,1,images/9ftz3x.jpg
5343,wife beats up man for asking more rotis,2k6rrx,1,images/2k6rrx.jpg
5344,big fluffy kitten and his toy,4h3ql9,1,images/4h3ql9.jpg
5345,a growing sinkhole,c6ltck,1,images/c6ltck.jpg
5346,the outline of a previous buildings stairs and floors on the side of the building that was next to it new orleans la,ddvggk,1,images/ddvggk.jpg
5347,russia says it extends moratorium on aleppo air strikes,59c91d,1,images/59c91d.jpg
5348,these guys from game of thrones no spoilers,22iwsk,1,images/22iwsk.jpg
5349,utah bomb squad called to suspicious device that turned out to be sex toy,4diox6,1,images/4diox6.jpg
5350,a plush sheepskin rug in a hallway,37hqna,0,images/37hqna.jpg
5351,i was told this would be appreciated,1p4twe,1,images/1p4twe.jpg
5352,upsidedown bike paths are very friendly,3xx8ac,0,images/3xx8ac.jpg
5353,baby squirrel eating a cracker,1dpvyk,1,images/1dpvyk.jpg
5354,some naked dummies outside a film shoot in my neighborhood,ca7u9f,1,images/ca7u9f.jpg
5355,adorable black hedgehog,56poru,0,images/56poru.jpg
5356,two undercover gru agents raid guerilla grow operation during sovietafghan war,5besjk,0,images/5besjk.jpg
5357,ont man shoots himself while making necklace from bullet,5u99no,1,images/5u99no.jpg
5358,such doge much wow,3rup6d,0,images/3rup6d.jpg
5359,men better at scrabble as women wont waste time practising useless skills finds study,6y6i73,1,images/6y6i73.jpg
5360,newborn baby,bftd46,1,images/bftd46.jpg
5361,no human,3c8pbb,0,images/3c8pbb.jpg
5362,upset box,6p4315,0,images/6p4315.jpg
5363,florida really goes all out decorating their traffic light utility boxes with murals of native wildlife,ci7ame,1,images/ci7ame.jpg
5364,the date and time on my phone appears to light up the wallpaper pic,dg6vrl,1,images/dg6vrl.jpg
5365,state not found,9iaxn9,1,images/9iaxn9.jpg
5366,secret israeli pereh tank is angry,3e5dvn,0,images/3e5dvn.jpg
5367,road raging cat,21wjuw,1,images/21wjuw.jpg
5368,this dog laying on a couch,6dq6k8,1,images/6dq6k8.jpg
5369,spacex falcon first successful landing on water,5vdu1i,0,images/5vdu1i.jpg
5370,the original photo bomber,1shpqa,1,images/1shpqa.jpg
5371,hoping the quality is ok shark baby,19ltej,1,images/19ltej.jpg
5372,grill baboon,3i1xie,0,images/3i1xie.jpg
5373,levis jeans asks you to donate your jeans when youre done wearing them,d4iq56,1,images/d4iq56.jpg
5374,collection of white army posters czaristera russian civil war,1dpv1e,0,images/1dpv1e.jpg
5375,i made some chopstick art today at work,db67bc,1,images/db67bc.jpg
5376,this police dog was fired from his job for an adorable reason,6g3oaz,0,images/6g3oaz.jpg
5377,long live the soviet athletes soviet union,6b7bt4,0,images/6b7bt4.jpg
5378,they survived six hours in a pool as a wildfire burned their neighborhood to the ground la times,764epe,1,images/764epe.jpg
5379,breaking has cristiano ronaldo raped someone,65p9nc,0,images/65p9nc.jpg
5380,france broken by nazi germany colourized,arypgl,0,images/arypgl.jpg
5381,this dog looking into a basket filled with balls,7d37yn,1,images/7d37yn.jpg
5382,how the apples colour changes with a perfect line,d40e4v,1,images/d40e4v.jpg
5383,light through the window john lennonamishowl in a mask an hat,3kl338,0,images/3kl338.jpg
5384,friendly face from monsters inc,cbm2p3,0,images/cbm2p3.jpg
5385,statue with a yoyo,4ebpl2,1,images/4ebpl2.jpg
5386,apartment completely flooded with disgusting sunlight,2rrsqv,0,images/2rrsqv.jpg
5387,recycle us,qj0y7,0,images/qj0y7.jpg
5388,every now and again my printer will misprint a document making its unfocused and hard to look at,au9thn,1,images/au9thn.jpg
5389,this very expressive dog,7z87ur,1,images/7z87ur.jpg
5390,heelclicking woman on beach,3ligwp,1,images/3ligwp.jpg
5391,this enormous spider on the window,73twdm,0,images/73twdm.jpg
5392,the leader of north korea delivers a speech to the potus on state television,71pnd1,1,images/71pnd1.jpg
5393,thieves refuse to steal phone because it isnt a smartphone,1aj0k1,1,images/1aj0k1.jpg
5394,found this shrek portable toilet in the front yard of someones house sorry for the photo quality i took it while my grandma was driving,c6kb98,1,images/c6kb98.jpg
5395,this giant piece of beef jerky that was in the bag,ccs4gl,1,images/ccs4gl.jpg
5396,the stains self titled,6cpter,0,images/6cpter.jpg
5397,ladies love goslings torso pal,1b695j,0,images/1b695j.jpg
5398,confrontation by kim hyon myong a young north korean girl confidently bests a struggling western man at a game of baduk north korea,46drvl,0,images/46drvl.jpg
5399,stolen surfboard returned after years,96vd4b,1,images/96vd4b.jpg
5400,stinky shot texas woman aims for skunk accidentally shoots husband,yzqkd,1,images/yzqkd.jpg
5401,welltimed photo behind a volcano,drz0rdt,0,images/drz0rdt.jpg
5402,adolf hitler presents his eugenics policy nuremberg digitized flyer,dazcxc,0,images/dazcxc.jpg
5403,mirror reflection of times square off the road after a heavy rainfall,2er43v,0,images/2er43v.jpg
5404,found a flower growing under the water,d10rcf,1,images/d10rcf.jpg
5405,michael oleary throws pilot from plane at ft in warning to striking pilots,cq7zlb,0,images/cq7zlb.jpg
5406,italian village abandoned by locals revitalized by offering empty houses and jobs to migrants,54hyjo,1,images/54hyjo.jpg
5407,looks like a caveman,9d4sd9,0,images/9d4sd9.jpg
5408,a guy sits on a giant pencil,b46djm,0,images/b46djm.jpg
5409,my dads rare form of lymphoma will likely be cured by stem cells from his identical twin,59lcgt,1,images/59lcgt.jpg
5410,kabul attack islamic state claims twin suicide bombings that left dead injured,4ucf5o,1,images/4ucf5o.jpg
5411,mary of the moviesshe plays,555i23,0,images/555i23.jpg
5412,the wild shawberries twelve days,9eqp0a,0,images/9eqp0a.jpg
5413,vibrator causes post office bomb scare,1ky42q,1,images/1ky42q.jpg
5414,cut a lemon into four parts put some salt on it and put it in the middle of your kitchen the trick will change your life,5mhgb5,0,images/5mhgb5.jpg
5415,national debt hits historic trillion mark,6zrl24,1,images/6zrl24.jpg
5416,the inside glad to be alive,74b1bc,0,images/74b1bc.jpg
5417,the somethings parkfield drive,9jce8r,0,images/9jce8r.jpg
5418,us states begin legal action on trump energy delay,63k0e7,1,images/63k0e7.jpg
5419,this candy bar shows a picture that is smaller than the candy bar but still says enlarged to show detail,bpnc4i,1,images/bpnc4i.jpg
5420,woman pulled alive from collapsed dhaka factory after being trapped for seventeen days,1e2i34,1,images/1e2i34.jpg
5421,grandmother finally fulfills dream to get highschool diploma and graduates with class of,6q2yhi,1,images/6q2yhi.jpg
5422,found this in my friends house,b5x7jh,1,images/b5x7jh.jpg
5423,was told to post the sad bear i found here,8m52vk,0,images/8m52vk.jpg
5424,the shadow on the building matches the roofline,cizkik,1,images/cizkik.jpg
5425,man who paid for photo of xbox one gets free system,1suhr3,1,images/1suhr3.jpg
5426,a fishing boat that is handicap accessible,bemqpl,1,images/bemqpl.jpg
5427,mama bear and her cub,8i6mcs,0,images/8i6mcs.jpg
5428,lonely boys bedridden rhymes,6pcuro,0,images/6pcuro.jpg
5429,saw this at a peep show today,bcyb28,1,images/bcyb28.jpg
5430,oregon troopers investigating after native american burial site discovered in sicilian cave,913hhp,0,images/913hhp.jpg
5431,body cam video contradicts naacp presidents racial profiling claims,8jr6xs,1,images/8jr6xs.jpg
5432,a soviet ww poster the spirit of great lenin and his victorious banner inspire us now to patriotic war,164rsz,0,images/164rsz.jpg
5433,this prairie dog reaching for the sky,3xza9z,1,images/3xza9z.jpg
5434,john denver take me away and i have feedback on this song for a moment like during the late s,50y7gt,0,images/50y7gt.jpg
5435,large owl eyeing baby owl,6j6n7c,1,images/6j6n7c.jpg
5436,received a pallet at work with an antistack cardboard spike on it,9d6hzl,1,images/9d6hzl.jpg
5437,this tiny photogenic skink,2cj19c,1,images/2cj19c.jpg
5438,officer fatally shoots man who pulled out gun after he allegedly shoplifted a burrito,29g683,1,images/29g683.jpg
5439,first major drug distribution company former executives criminally charged in opioid crisis,bgkphp,1,images/bgkphp.jpg
5440,chicken thighs on a fancy plate,7kfzrr,0,images/7kfzrr.jpg
5441,discoveries of ancient human bones art tools change our origin story,92d46q,1,images/92d46q.jpg
5442,dozen college students swarm deployed soldiers home to help scrape prime and paint home kindness is so cool,78snkk,1,images/78snkk.jpg
5443,this brewery in my hometown has kegs for urinals,cr9vzj,1,images/cr9vzj.jpg
5444,scared fish swimming away from diver,3zal60,1,images/3zal60.jpg
5445,happy s kid with teenage mutant ninja turtles toy technodrome,1aaiyr,1,images/1aaiyr.jpg
5446,a bright yellow horse in bright yellow flip flops,4k7l3e,1,images/4k7l3e.jpg
5447,stayer never fade away x,2t1ap3,0,images/2t1ap3.jpg
5448,apd man steals k gives k to cops,33qkn6,1,images/33qkn6.jpg
5449,putin calls on americans to respect trump,77qtz1,1,images/77qtz1.jpg
5450,princess charlotte will go by a slightly different name at school,d10v7g,0,images/d10v7g.jpg
5451,this,c7p2d1k,0,images/c7p2d1k.jpg
5452,father steals daughters girl scout cookie money fakes burglary to cover it u story,b9zavj,1,images/b9zavj.jpg
5453,dad brought this handmade bike home from nigeria circa,aty0wn,1,images/aty0wn.jpg
5454,curved orange metal on a hillside incline or perfectly level muddy pond receding into the distance,69dglq,0,images/69dglq.jpg
5455,year old florida girl with brain cancer requests get well cards,5m9rxp,1,images/5m9rxp.jpg
5456,chop shop for beehives leads to suspect in huge california bee heist,6bsd5b,1,images/6bsd5b.jpg
5457,this electric box has stickers on it to make it look like apartments,chrvou,0,images/chrvou.jpg
5458,bradford city hall chambers england,6z2mzq,1,images/6z2mzq.jpg
5459,a conjoined eggplant,dgwx7w,1,images/dgwx7w.jpg
5460,my friend has a built in upvote,cics00,1,images/cics00.jpg
5461,my wife suggested we bring it into the bedroom tonight,3xwgn7,0,images/3xwgn7.jpg
5462,karl marx seen at the first international international workingmens association circa th a truly historic time for the proletariat classes,5gwwep,0,images/5gwwep.jpg
5463,a young leonardo dicaprio with a swan around his neck,2mzkdh,1,images/2mzkdh.jpg
5464,the frigate returns cristina captain argentina,c2qu7x,0,images/c2qu7x.jpg
5465,this car with five rear view mirrors,ccefpz,1,images/ccefpz.jpg
5466,naomie harris says huge star groped her in front of film director,dh84j7,0,images/dh84j7.jpg
5467,obama delivering pizza,4r7pty,1,images/4r7pty.jpg
5468,rare blue larva found,5wg6ks,0,images/5wg6ks.jpg
5469,dolly parton donates to volunteer firefighters,b4n2ka,1,images/b4n2ka.jpg
5470,garbage guys preoccupation with human waste sickens neighbours,1ln546,1,images/1ln546.jpg
5471,strong women,97h7jd,0,images/97h7jd.jpg
5472,my beer can oc,bkkt0b,1,images/bkkt0b.jpg
5473,wierd gravity after huricane,9b3alz,0,images/9b3alz.jpg
5474,should i buy a lottery ticket today lucky number,cnzffk,1,images/cnzffk.jpg
5475,air crisp from hell,cfp3uq,0,images/cfp3uq.jpg
5476,nazi germany secures continental europe,8v77lc,0,images/8v77lc.jpg
5477,this oyster sauce has a bottle cap beneath its twist off cap,9es3x6,1,images/9es3x6.jpg
5478,this little gray kitty standing up,78bgq0,1,images/78bgq0.jpg
5479,real estate jumps in chinese city bordering north korea npr,8pxwwp,1,images/8pxwwp.jpg
5480,opened starburst packs every last one was pink,cjd7k3,1,images/cjd7k3.jpg
5481,reredistribute the ideology behind republicans healthcare bill republicans are struggling to define the role of the state in health care,6qqdxd,1,images/6qqdxd.jpg
5482,labor nominee puzder about to withdraw,5uaaou,1,images/5uaaou.jpg
5483,a marine prepares to throw a grenade,1a0969,1,images/1a0969.jpg
5484,fwd fwd re fwd socialism corruption,4zba18,0,images/4zba18.jpg
5485,found this happy fellow at work,2k8jve,0,images/2k8jve.jpg
5486,cuban antivietnam war continental day of support for vietnam cambodia and laos,2xnsu9,0,images/2xnsu9.jpg
5487,hes seen some shit,cmjzkm,0,images/cmjzkm.jpg
5488,keukonhof tulip fields netherlands,8gx6zv,1,images/8gx6zv.jpg
5489,it is a duty of every american citizen to stop this foreign dominated saboteur poster at brooklyn navy yard in new york c late,bbc6b9,0,images/bbc6b9.jpg
5490,idina menzel singing,20gnha,1,images/20gnha.jpg
5491,oklahoma city police officer saves choking infant at bricktown restaurant,4jrite,1,images/4jrite.jpg
5492,father helping his monthold son skateboard,15xhb1,1,images/15xhb1.jpg
5493,the eraser on the right is made out of eraser crumbs,bzvoof,1,images/bzvoof.jpg
5494,new developments in trench warfare,8sxc9w,0,images/8sxc9w.jpg
5495,mount falconer its about sunglasses and shoes or guns and drugs that you choose,385mkq,0,images/385mkq.jpg
5496,hello kitty bullet train to debut in japan after proposing halifax explosions as name for dissent,92sfoy,0,images/92sfoy.jpg
5497,a photo of a us marine with one hand on his gun,67ox5k,1,images/67ox5k.jpg
5498,the face of testicular pain,kozu7,0,images/kozu7.jpg
5499,british settlers construct the first permanent settlement of australia at botany bay january,ckdg2c,0,images/ckdg2c.jpg
5500,if you have any of these items in your fridge take them out now,50nulv,0,images/50nulv.jpg
5501,asian kid kicking in the air,5ncryj,1,images/5ncryj.jpg
5502,reward offered in alleged road rage killing of year old boy,5j6n7j,1,images/5j6n7j.jpg
5503,this trees roots have grown on a tree stump,dhqjbc,1,images/dhqjbc.jpg
5504,remember this dont fraternize montage of nazi atrocities and concentration camp victims warning allied troops not to associate with germans wwii poster,1dwjiw,0,images/1dwjiw.jpg
5505,ikeas car park is the same colour as the swedish flag,cs2a4h,1,images/cs2a4h.jpg
5506,rays fake name is a down payment on a liberal arts college campus,71vl87,0,images/71vl87.jpg
5507,bottling the smell of dead people wont capture their essence,3a6eyh,1,images/3a6eyh.jpg
5508,asteroid impacts earth,2kvo32,0,images/2kvo32.jpg
5509,a perfectly framed bridge from rpics,1hn6mg,1,images/1hn6mg.jpg
5510,stuck some bread dough in the fridge to thaw forgot about it then found this absolute unit the next morning,atyofp,1,images/atyofp.jpg
5511,excommunicated caricature on excommunication of leo tolstoy from the russian orthodox church by lyonel feininger,5ydifg,0,images/5ydifg.jpg
5512,this chameleon hangin out,2xydds,1,images/2xydds.jpg
5513,found this plate under alot of cables finally it could breathe,9g0tll,0,images/9g0tll.jpg
5514,my daughter found this tiny baby slug,cl26w1,1,images/cl26w1.jpg
5515,my city has a bike fixing station in the middle of a bike street,cl4n9c,1,images/cl4n9c.jpg
5516,this awesome arbok artwork,5e3ect,0,images/5e3ect.jpg
5517,dog clenching on the edge of a pool for dear life,2bfdxb,1,images/2bfdxb.jpg
5518,an excited young woman wearing a turkey hat x,2bia82,1,images/2bia82.jpg
5519,gandhi joins indian independence movement circa,cqpzjo,0,images/cqpzjo.jpg
5520,this tower has seen some things,8j6g1g,0,images/8j6g1g.jpg
5521,someone needs to kick the tv,d54blu,0,images/d54blu.jpg
5522,the taming of the first wolf circa bc,ci5b6t,0,images/ci5b6t.jpg
5523,lee harvey oswald waits for president kennedys motorcade in the texas school book depositary to make his mark in history,c21x5w,0,images/c21x5w.jpg
5524,lab mouse nervous for first day of new job getting cancer,bgfzko,0,images/bgfzko.jpg
5525,roger taylor holding a carroteating wombat,bnt143,1,images/bnt143.jpg
5526,former male employees of hooters file suit alleging sexual harassment,48rzt9,1,images/48rzt9.jpg
5527,a dog peeking around a corner,7z35ek,1,images/7z35ek.jpg
5528,this wheel has seen things,8m4zi5,0,images/8m4zi5.jpg
5529,a friendly little guy on the riverbed,3awwkc,0,images/3awwkc.jpg
5530,dnc asks entire staff for resignation letters,623oxq,1,images/623oxq.jpg
5531,slightly chubby cat with his belly up,59tvr1,1,images/59tvr1.jpg
5532,wounded canadian soldier calling for help after german bombardment winter campaign,7xirj4,0,images/7xirj4.jpg
5533,super skating indian kid,1xg91u,1,images/1xg91u.jpg
5534,hes just happy to be here,bgxqk8,0,images/bgxqk8.jpg
5535,my friend opens his skittles from the side,bg8eba,1,images/bg8eba.jpg
5536,delta will pay passengers on overbooked flights up to to give up a seat,65gc0h,0,images/65gc0h.jpg
5537,man jumps to his death,68pu13,1,images/68pu13.jpg
5538,the artful of soviet childrens literature ss,6hwhch,0,images/6hwhch.jpg
5539,doc browns reaction,3dof3f,1,images/3dof3f.jpg
5540,against the red menace we fight and triumph for our homeland antisoviet poster hungary world war,8gvgaa,0,images/8gvgaa.jpg
5541,my new cat even has cute poop,212n8q,0,images/212n8q.jpg
5542,british embassy apologizes for tweet commemorating the burning of the white house but not for the actual burning of the white house,2emmpx,1,images/2emmpx.jpg
5543,sex drought experts say americans get frisky less often now,brvftl,1,images/brvftl.jpg
5544,rick perry chillin on some sand dunes,7huldx,1,images/7huldx.jpg
5545,pawtucket teacher accused of assaulting student over cookie,21m8vr,1,images/21m8vr.jpg
5546,a student brings a gun to school usa c s,8n8ft6,0,images/8n8ft6.jpg
5547,left my flip flops in my car one of them is fine and one of them shrunk,ckf1bh,1,images/ckf1bh.jpg
5548,this kid throwing a stick,3xaakv,1,images/3xaakv.jpg
5549,barr directs federal government to resume capital punishment schedule the execution of death row inmates,chp0o2,1,images/chp0o2.jpg
5550,this recycling bin thats shaped like a bottle,cmgjpd,1,images/cmgjpd.jpg
5551,cocktails anyone,3ytq8c,0,images/3ytq8c.jpg
5552,ohhhh nooooo i fell over,2svw5u,0,images/2svw5u.jpg
5553,sir david attenborough joins the trash isles campaign,860645,1,images/860645.jpg
5554,the way these mugs are stacked,cqjxus,1,images/cqjxus.jpg
5555,my toothbrush holder was excited to see me this morning,1iti6x,0,images/1iti6x.jpg
5556,this urinal watched me pee today,1adffi,0,images/1adffi.jpg
5557,onelegged farmworker receives prosthetic leg after years outpouring of support from community following news report,4wa4bm,1,images/4wa4bm.jpg
5558,british ww recruitment poster the bahamas circa,6g1990,0,images/6g1990.jpg
5559,magic johnson reveals he has aids,armgyh,0,images/armgyh.jpg
5560,these rocks at my beach are rectangles,c0xwcj,1,images/c0xwcj.jpg
5561,this soldier about to jump out of a plane,8o3zcq,1,images/8o3zcq.jpg
5562,these neon lights at the hair salon are shaped like bobby pins,9g5k1r,1,images/9g5k1r.jpg
5563,this scene in a youtube nail video when a woman rolls her eyes,7cbicm,1,images/7cbicm.jpg
5564,open wide,1vs0gv,0,images/1vs0gv.jpg
5565,a roaring fireplace,6elzjt,0,images/6elzjt.jpg
5566,margaret hamilton headed to work at nasa where she would go on to write the code that would send the astronauts over the moon,akfpz4,0,images/akfpz4.jpg
5567,getting greeted by a robot face at the local pharmacy,6citmh,0,images/6citmh.jpg
5568,this guy playing the bagpipe,412h7u,1,images/412h7u.jpg
5569,police driver tried to pass off camel cigarette box for state inspection sticker,ar4c7d,1,images/ar4c7d.jpg
5570,taking a stroll,cd5yf3,1,images/cd5yf3.jpg
5571,slave building pyramid one block at a time bc,cu93lo,0,images/cu93lo.jpg
5572,available here,duujted,0,images/duujted.jpg
5573,buried treasure is find of a lifetime,2cbckm,1,images/2cbckm.jpg
5574,a dying baby is saved by a rescue dog,1jfmns,1,images/1jfmns.jpg
5575,rare image of wwi soldiers caught in chemical warfare,8umqwh,0,images/8umqwh.jpg
5576,mrw i go home and realize my life choices,8qoomy,0,images/8qoomy.jpg
5577,coffee stain looks like a howling wolf,2nmjh8,0,images/2nmjh8.jpg
5578,legendary prog rock keyboardist keith emerson of elp performing karn evil california jam tour,60z09a,0,images/60z09a.jpg
5579,actor who played satan scoffs at obama comparison,1c0by4,1,images/1c0by4.jpg
5580,bowe bergdahl gets no prison time for leaving post,7akaqp,1,images/7akaqp.jpg
5581,aucune agonie ne nous fera mourir no amount of suffering will kill us france,58xln6,0,images/58xln6.jpg
5582,the absolute madman if dopey mark cuban to sit in the campaign offices notably in trump tower,54f735,0,images/54f735.jpg
5583,this bag understands the daily grind,5rtzpb,0,images/5rtzpb.jpg
5584,star wars socks,48jnz6,0,images/48jnz6.jpg
5585,alqaeda disowns isil rebels in syria,1wvuzj,1,images/1wvuzj.jpg
5586,this river with perfectly round holes,ddb8yn,1,images/ddb8yn.jpg
5587,pillow at costco is mildly boobish,daegoh,1,images/daegoh.jpg
5588,kickass mall cop needs more kickassery,17nvwy,1,images/17nvwy.jpg
5589,student renting library study room to sleep on its floor,62f93k,1,images/62f93k.jpg
5590,rihanna antidlx,9e0vif,0,images/9e0vif.jpg
5591,this guys grin,70allc,0,images/70allc.jpg
5592,this mini vase my grandma got in the s specifies made in occupied japan,b00bxx,1,images/b00bxx.jpg
5593,a little slice of happiness,wpr00,0,images/wpr00.jpg
5594,the way light bounces off of my vacuum,b4ww8b,1,images/b4ww8b.jpg
5595,the guy on the train with his sausages,867wb8,1,images/867wb8.jpg
5596,this potato that looks like a human heart,ct666l,1,images/ct666l.jpg
5597,bill nye curses while explaining global warming,bsxh09,0,images/bsxh09.jpg
5598,so happy to watch me work,2wzw4l,0,images/2wzw4l.jpg
5599,we all need the d advises health agency,435qjw,1,images/435qjw.jpg
5600,earth reflected on satellite,5x7tfq,0,images/5x7tfq.jpg
5601,rare parchment copy of us declaration of independence found in england,66t5sh,1,images/66t5sh.jpg
5602,the way the mcdonalds worker organized my mcnuggets,cqj090,1,images/cqj090.jpg
5603,man accused of bringing hatchet to school it seemed like a good idea at the time,2jhjq8,1,images/2jhjq8.jpg
5604,charles barkley defies own doctor visits craig sager in hospital,50tsqm,1,images/50tsqm.jpg
5605,oh the horror,1bbz6r,0,images/1bbz6r.jpg
5606,new york church to give away ar semiautomatic rifle,1zw2uq,1,images/1zw2uq.jpg
5607,apparently my hand planes are looking at you,6f1pb1,0,images/6f1pb1.jpg
5608,a little girl investigating the scenery,3ubonw,1,images/3ubonw.jpg
5609,texan attempting to defend his home from hurricane harvey,6yh1qo,0,images/6yh1qo.jpg
5610,trump tower in toronto is up for sale and facing legal woes,5t5n6m,1,images/5t5n6m.jpg
5611,this stain on the floor of my apartment looks like a person stepping out of a portal,8c97dv,0,images/8c97dv.jpg
5612,these baby eagles,bvsy2x,1,images/bvsy2x.jpg
5613,poolboy in vegas,90jlwe,0,images/90jlwe.jpg
5614,nature is incredible researchers have observed chimpanzees using an electric chair to execute each other for murder,bn1lx5,0,images/bn1lx5.jpg
5615,texting while flying have played role in fatal helicopter crash,1by6uv,1,images/1by6uv.jpg
5616,this folded water cracker,dafg3d,1,images/dafg3d.jpg
5617,womens college instructs professors not to call students women,86z0wx,1,images/86z0wx.jpg
5618,this hand dryer tells you when your hand is dry,awnz8b,1,images/awnz8b.jpg
5619,chlamydia outbreaks hits small texas high school in a district with no sexed policy,351bv4,1,images/351bv4.jpg
5620,someone on facebook selling a distressed decapitated head,7hm4xr,0,images/7hm4xr.jpg
5621,these words changed the way i parentand made me kinder to myself too,btth02,0,images/btth02.jpg
5622,highschool shot putter,25su9v,1,images/25su9v.jpg
5623,barnaby shows australias coalitions apathy to murraydarling water theft,6r239j,1,images/6r239j.jpg
5624,bridge out,vuzio,1,images/vuzio.jpg
5625,convicted murderer suing police says he cant get a job,4d2q0r,1,images/4d2q0r.jpg
5626,this worried bank ceo,7jmai2,1,images/7jmai2.jpg
5627,village well djenne mali,18htl2,1,images/18htl2.jpg
5628,the day america lost her innocence and a thousand conspiracy theories were born,5bgad5,0,images/5bgad5.jpg
5629,for alabama women disgust fatigue and a sense moore could win anyway nytimescom,7c7ut5,1,images/7c7ut5.jpg
5630,california deported exmarine wins case to return to us from mexico,7l0638,1,images/7l0638.jpg
5631,this oddly specific caloric content per serving,chgpxm,1,images/chgpxm.jpg
5632,first amendment defense act would be devastating for lgbtq americans,5jr47k,1,images/5jr47k.jpg
5633,you wont believe who kevin durant is reportedly dating,64ocyi,0,images/64ocyi.jpg
5634,keys the cat who loves to raise her paws,52epwo,1,images/52epwo.jpg
5635,chris christie batting,38jh8r,1,images/38jh8r.jpg
5636,sad chairs,1hqi54,0,images/1hqi54.jpg
5637,what the wells fargo scandal taught us,53sbso,1,images/53sbso.jpg
5638,this bumper sticker on a minivan i saw at work,cocyfy,1,images/cocyfy.jpg
5639,things pokemon sun and moon dont tell the player,5nfzxf,0,images/5nfzxf.jpg
5640,vacation home consumed by flames waves nc last week,9b5wld,1,images/9b5wld.jpg
5641,my new dog bowls,d8ts54,0,images/d8ts54.jpg
5642,look how my pencil broke,9j75m6,1,images/9j75m6.jpg
5643,life in the donetsk peoples republic ukraine,252ju0,0,images/252ju0.jpg
5644,this smug couch near my house,9g4el4,0,images/9g4el4.jpg
5645,trumps fakies are one step closer to utopia,7rff6j,0,images/7rff6j.jpg
5646,britain warns moscow over poisoning of exrussian double agent,82ghe1,1,images/82ghe1.jpg
5647,teen cheats death after huge ice arch collapses just by nine minutes after he posed for this picture,40wlt8,1,images/40wlt8.jpg
5648,a toddler takes her first steps in the name of a french fry,7c9nz8,1,images/7c9nz8.jpg
5649,this tomato from the garden looks like it stitched itself back together,cqzi5l,1,images/cqzi5l.jpg
5650,florence italy,3bbq0c,1,images/3bbq0c.jpg
5651,adolphe sax inventing the first saxaphone circa,83i54i,0,images/83i54i.jpg
5652,nations underperforming schools to be converted into amway distributorships,844hna,0,images/844hna.jpg
5653,philip selznick with lip or tooth or bleeding gum,2z24ds,0,images/2z24ds.jpg
5654,burrowing owl about to snack on a cricket,c6z9fb,1,images/c6z9fb.jpg
5655,linkin park sound of pulling heaven down,bxwzm2,0,images/bxwzm2.jpg
5656,my eye doctors office has a kids area only accessable by kids,b8j9ov,1,images/b8j9ov.jpg
5657,florida man gets kicked off plane after jumping on wing,88ni9r,0,images/88ni9r.jpg
5658,this coffee cup top accidentally splashed with a strand of melted plastic at the factory,bka6u9,1,images/bka6u9.jpg
5659,this pink lift,c5mbog,1,images/c5mbog.jpg
5660,this path is marked for dogs on skateboards,blfdp3,1,images/blfdp3.jpg
5661,scary stories to tell in the dark,6hsgf0,0,images/6hsgf0.jpg
5662,a piece of s antique enameled jewelry,8ksh8o,0,images/8ksh8o.jpg
5663,anne frank hiding from german soldiers colourized,6pyl4c,0,images/6pyl4c.jpg
5664,confucius begins to list his pillars of confucianism bce,bepuuy,0,images/bepuuy.jpg
5665,my neighbours numberplate was issued immediately after mine,bvft0i,1,images/bvft0i.jpg
5666,fight or flight primality,cobx07,0,images/cobx07.jpg
5667,this colorful cemetary in chichicastenango credit to bumfuzzlecom,dam55x,1,images/dam55x.jpg
5668,japanese citizen questions naval recruitment,axy8i1,0,images/axy8i1.jpg
5669,my smallest ballpoint pen is actually smaller than my littlest knife,cnjsbh,1,images/cnjsbh.jpg
5670,man in a tutu at a concert,3gqs4v,1,images/3gqs4v.jpg
5671,a guinea pig wearing a police costume,68fgy6,1,images/68fgy6.jpg
5672,justin trudeau acknowledges his mistake subtitled,d6yllh,0,images/d6yllh.jpg
5673,the instructions on my new bottle opener,c8rly2,1,images/c8rly2.jpg
5674,squirrel paying homage the the squirrel god idol,cn9851,1,images/cn9851.jpg
5675,slint tweez husband loves the cover and likes the album i bought him a car like the one on the cover,ar9cwm,0,images/ar9cwm.jpg
5676,this puppy looking to the right,9gux5k,1,images/9gux5k.jpg
5677,tory candidate sabrina zuniga says ground will absorb oil spills,3nxqmu,1,images/3nxqmu.jpg
5678,man laughs at suspected fresno gangsters gets shot,3x1eg7,1,images/3x1eg7.jpg
5679,my fortune had an ad on the other side,9fntqo,1,images/9fntqo.jpg
5680,trump tariffs on china could make your next phone or laptop cost more,86g5vx,1,images/86g5vx.jpg
5681,that steak actually looks like godzilla,caf0t5,0,images/caf0t5.jpg
5682,kfc launches new all white meat chicken nuggets in traditional herb coating,63u4b5,0,images/63u4b5.jpg
5683,i really like the way my stone garden came out thoughts,6ehfzd,0,images/6ehfzd.jpg
5684,birds of preybad bite reupload,8z7m6q,0,images/8z7m6q.jpg
5685,available here,elwmt4p,0,images/elwmt4p.jpg
5686,the new asus rog skylake motherboard,3ypq6e,0,images/3ypq6e.jpg
5687,animated girl tries to put dildo in dogs mouth,4s82cu,0,images/4s82cu.jpg
5688,donald trumps doctor failed to tell us about a drug the president takes,5sg57a,0,images/5sg57a.jpg
5689,a good sign nashua men say dont worry be happy,8cohc1,1,images/8cohc1.jpg
5690,arkansas governor backs removing confederate link to flag,axlejo,1,images/axlejo.jpg
5691,train stopped by police when bagels flung in carriage,8kcfw1,1,images/8kcfw1.jpg
5692,overgrown spacecraft discovered in jungle,9gpfl9,0,images/9gpfl9.jpg
5693,creating of the jim crow laws after freeing the slaves circa,awxa2o,0,images/awxa2o.jpg
5694,pink,5x6l0l,0,images/5x6l0l.jpg
5695,lest they perish american poster for middleeastern aid wwi,4qvzma,0,images/4qvzma.jpg
5696,ac slater with all of his wrestling trophies and ready to pounce,1ebnqr,1,images/1ebnqr.jpg
5697,what happened to black lives matter,6j3ke0,1,images/6j3ke0.jpg
5698,soldier of red army revenge to an enemy for blood and tears of soviet people ussr x,254i17,0,images/254i17.jpg
5699,elderly man finds son after discovering letter hidden by deceased wife for years,2t383w,1,images/2t383w.jpg
5700,one of my grapes had a nipple,d4cp9t,1,images/d4cp9t.jpg
5701,very long egg and very round egg in the same carton,brphw6,1,images/brphw6.jpg
5702,on the phone with god the unbreakable discharge,8m9t1i,0,images/8m9t1i.jpg
5703,uchrisk found this face in his water bottle,4xyf5p,0,images/4xyf5p.jpg
5704,human pulling the sledge for her husky,41qxl3,1,images/41qxl3.jpg
5705,i found out if you shine a decently powerful laser pointer at a bottle of soda you can make nukacola,cxg27h,1,images/cxg27h.jpg
5706,paleontologists discover the mother lode miraculously wellpreserved pterosaur eggs,7h0xg9,1,images/7h0xg9.jpg
5707,youll never guess which province drinks the most beer,bozcsk,0,images/bozcsk.jpg
5708,border collie running with seeds,8elcci,1,images/8elcci.jpg
5709,last image of princess diana and driver before the fatal car crash paris,618a3i,0,images/618a3i.jpg
5710,bouncer instructed not to let people like himself in,64bixf,0,images/64bixf.jpg
5711,ignore that spy ship off the coast the russians arent coming,5uknqx,1,images/5uknqx.jpg
5712,fda orders antibacterials removed from consumer soaps,50wkzq,1,images/50wkzq.jpg
5713,guy mid backflip,25sg96,1,images/25sg96.jpg
5714,after years apart ethiopian man finds his family in eritrea,90ic6r,1,images/90ic6r.jpg
5715,this pinball museum i found,b1d34z,1,images/b1d34z.jpg
5716,angry koala physical therapy paraffin wax bath controls,56fo9x,0,images/56fo9x.jpg
5717,squidwards cousin keeping me safe with a smile,1gh1zi,0,images/1gh1zi.jpg
5718,rocket league looking mischievous,5ioi7v,0,images/5ioi7v.jpg
5719,one of mcdonalds most expensive failures is back,7q3upi,0,images/7q3upi.jpg
5720,no one mentions that the russian trail leads to democratic lobbyists,6nafv7,1,images/6nafv7.jpg
5721,staring at me while i pee,cvgod2,0,images/cvgod2.jpg
5722,some polar bears lounging around,20oqz5,1,images/20oqz5.jpg
5723,wife kept up all night by kevin garnett talking trash in sleep,2stn2a,0,images/2stn2a.jpg
5724,world war i the antarctic front soldiers in the trenches colorised,6bordh,0,images/6bordh.jpg
5725,john kelly in the white house after the dhs separates families at the border circa,8sivvd,0,images/8sivvd.jpg
5726,shadow on front of plane makes it look like a big dent,di03ao,0,images/di03ao.jpg
5727,sly dog st,75x4c1,0,images/75x4c1.jpg
5728,im coffee,10mtg5,0,images/10mtg5.jpg
5729,the queen and the duchess of cambridge laughing,5sam1s,1,images/5sam1s.jpg
5730,oogie boogie snow man,dblnds,0,images/dblnds.jpg
5731,over years ago a train derailed outside whistler it was too difficult to recover them so they salvaged what they could and left them in the forest,cumxfi,1,images/cumxfi.jpg
5732,this sign in barcelona indicating its a nude beach,bhzefv,1,images/bhzefv.jpg
5733,my roommate the sleeping ballerina,28nku4,1,images/28nku4.jpg
5734,drafting homework is scared,b5hvi7,0,images/b5hvi7.jpg
5735,the pigeons on top of this shop sign,9icc7k,1,images/9icc7k.jpg
5736,drake being shocked at the nba dunk contest,45oilf,1,images/45oilf.jpg
5737,this war memorial has poppies planted inside of it,9gyfc8,1,images/9gyfc8.jpg
5738,rocked by deadly school violence colorado lawmakers from both parties signed off monday on a bill to make public school districts liable for shootings and violence,32k2sl,1,images/32k2sl.jpg
5739,a teaset designed for pareidolians to torture themselves with,13mrpt,0,images/13mrpt.jpg
5740,there is a plant growing out of my bathroom sink,ca5lep,1,images/ca5lep.jpg
5741,the t faded off this sign,d46fir,1,images/d46fir.jpg
5742,washington on track to be first state to allow human composting,bf79pi,1,images/bf79pi.jpg
5743,found this on the wall of a semi truck i was unloading,dci32c,1,images/dci32c.jpg
5744,i toasted my pita now its charlie brown,9j2rji,0,images/9j2rji.jpg
5745,electric shock collars for pets to be banned in england,9aphwc,1,images/9aphwc.jpg
5746,gop bill would force divorcing women to get permission before sex,21sksk,1,images/21sksk.jpg
5747,looks like badly photoshopped image,cbt03g,0,images/cbt03g.jpg
5748,cutouts for faces dont align with the sea animals faces,bvwkrh,1,images/bvwkrh.jpg
5749,gee i wish i were a man us navy recruiting poster,j960w,0,images/j960w.jpg
5750,ronald acuna jr leaping for joy,d0qxvn,1,images/d0qxvn.jpg
5751,the optometry office i work in got new bathroom signs and the people have glasses,cvrroa,1,images/cvrroa.jpg
5752,spains first nap bar opens in madrid,6otcwe,1,images/6otcwe.jpg
5753,this bull made out of old car parts,bmt7hr,1,images/bmt7hr.jpg
5754,kootenay west the big bang theory,4s1mo6,0,images/4s1mo6.jpg
5755,isis and climate change seen as top threats globally,6rc80c,1,images/6rc80c.jpg
5756,dont heckle im texting tsipras eus juncker tells meps,3cexz9,1,images/3cexz9.jpg
5757,my cheese bread looks like a happy caterpillar,cq3s1h,1,images/cq3s1h.jpg
5758,la students want to lower voting age in school district elections to,bgqtzq,1,images/bgqtzq.jpg
5759,poll background checks beat apple pie baseball kittens in americans hearts,1cau8x,1,images/1cau8x.jpg
5760,plane strikes the twin towers,b8xp9x,0,images/b8xp9x.jpg
5761,my friend leaping from a stone bench,2k8oby,1,images/2k8oby.jpg
5762,wood you mind explaning,3nw9qt,0,images/3nw9qt.jpg
5763,this tree looks like the entrance to the hundred acre wood,9g4u95,1,images/9g4u95.jpg
5764,chevy suburban reaches k,cdnz58,1,images/cdnz58.jpg
5765,this hotel room painting,as1h1k,1,images/as1h1k.jpg
5766,seattle area killer whales looking fat and healthy,3pppt6,1,images/3pppt6.jpg
5767,rooftops in jodhpur rajahstan,2zr9xo,1,images/2zr9xo.jpg
5768,this shuttle bus has charging ports,cjtvyg,1,images/cjtvyg.jpg
5769,exhibition in my home town heres a selection of posters dates vary,445hav,0,images/445hav.jpg
5770,ancient cave painting on an unearthed bolder,3734nw,0,images/3734nw.jpg
5771,hmm why is he so derpy,ugf9z,1,images/ugf9z.jpg
5772,first handshake of donald trump and vladimir putin,6ltn2b,1,images/6ltn2b.jpg
5773,bob hope and bing crosby in a relaxed moment on the set of road to bali in,b9ayla,0,images/b9ayla.jpg
5774,comey bashes release of nunes memo thats it,7utxfp,1,images/7utxfp.jpg
5775,my bag doesnt feel so good,8im6yy,0,images/8im6yy.jpg
5776,flash mob raises more than k for mom with cancer,5h7e49,1,images/5h7e49.jpg
5777,dalai lama,6t7s24,1,images/6t7s24.jpg
5778,the five year plan this is a practical plan for annihilation cover the magazine bezbozhnikussr,cjc8gr,0,images/cjc8gr.jpg
5779,dogs standing next to each other,6dcpa1,1,images/6dcpa1.jpg
5780,immigration minister mark harper quits over cleaners visa,1xd0np,1,images/1xd0np.jpg
5781,pot cookies land florida woman drives her body around the shoreline with two bomb threats written on bathroom walls,5mjzgj,0,images/5mjzgj.jpg
5782,my cats face have a secret bunny and i dont know what to do with this information,ay34p5,0,images/ay34p5.jpg
5783,donald trump martin luther king iii to meet spokesman says,5oc4sa,1,images/5oc4sa.jpg
5784,caution sign waiting for you to fall,cqpbsg,0,images/cqpbsg.jpg
5785,squirrel in park looking at me with a peanut in his mouth,2ezdsa,1,images/2ezdsa.jpg
5786,joe jackson patriarch of us musical dynasty dead at media,8ubj2h,1,images/8ubj2h.jpg
5787,radio dj outs panhandler who was lying about being a homeless veteran takes his corner raises over for local home for veterans,1iksdc,1,images/1iksdc.jpg
5788,girl in yoga pants hold her new puppy,3t3s4x,1,images/3t3s4x.jpg
5789,amazed cat,1b6ako,1,images/1b6ako.jpg
5790,dnc leak shows mechanics of a slanted campaign,4unw8k,1,images/4unw8k.jpg
5791,carbon county tree farm donates trees for troops,7gzmz4,1,images/7gzmz4.jpg
5792,these brochures that are lined up perfectly,b7sauu,1,images/b7sauu.jpg
5793,democrats plan antisemitism measure after ilhan omar remarks,axm2y5,1,images/axm2y5.jpg
5794,donald trump moments before bombing syria,8ca4ty,0,images/8ca4ty.jpg
5795,grandfather frost standing on a mountain,3vxejb,1,images/3vxejb.jpg
5796,disney files for bankruptcy,cuxvkz,0,images/cuxvkz.jpg
5797,rosie odonnell alyssa milano slam trump after release of mueller report impeach him,bervjq,1,images/bervjq.jpg
5798,quiz how many of these ways have you alienated the cast of your community theater production of les miserables,882d8b,0,images/882d8b.jpg
5799,hmmm,de4qgn,0,images/de4qgn.jpg
5800,steel buddy,75hftd,0,images/75hftd.jpg
5801,battle of stalingrad,diif8k,0,images/diif8k.jpg
5802,request this image of the yekaterinburg tv tower being demolished,87ddu7,0,images/87ddu7.jpg
5803,michigan cops soon be barred from having sex with prostitutes while undercover,66medu,1,images/66medu.jpg
5804,xray photo of hitlers brain,98ixnx,0,images/98ixnx.jpg
5805,the first saudi woman to be issued a drivers license celebrates in riyadh,b6w6td,0,images/b6w6td.jpg
5806,flipflop hub we thought it sounded better x,2vo3nx,0,images/2vo3nx.jpg
5807,dropped this stemless wine glass and now it has horns,cmi5nh,1,images/cmi5nh.jpg
5808,available here,enhv3r5,0,images/enhv3r5.jpg
5809,this blueberry has a perfect star on it,bpm5ou,1,images/bpm5ou.jpg
5810,video meet the yearold animator who suggested mickey mouses gloves should be clean,6if8l0,0,images/6if8l0.jpg
5811,sweden tells refugees stay in germany as ikea runs out of beds,3rrz2a,1,images/3rrz2a.jpg
5812,just chillin,cnkwew,0,images/cnkwew.jpg
5813,jared kushner gave copy of vladimir putinapproved usrussia reconciliation plan to rex tillerson mueller report reveals,bfton2,1,images/bfton2.jpg
5814,tank runs over a lucky escape from truck heading to slaughterhouse,5htmst,0,images/5htmst.jpg
5815,rollin coal is pollution porn for dudes with pickup trucks,293jui,1,images/293jui.jpg
5816,german machine gunners about to open fire on american soldiers,9a3710,0,images/9a3710.jpg
5817,this yearold man and his yearold neighbor are best friends and its absolutely beautiful,2acn70,1,images/2acn70.jpg
5818,where in hell is my gas mask famous last words s,93s9fg,0,images/93s9fg.jpg
5819,college students school industry on how to make greener products,3kjrid,1,images/3kjrid.jpg
5820,a humongous hippo rising from the depths,7yvb75,1,images/7yvb75.jpg
5821,giant poppy,bxt03n,0,images/bxt03n.jpg
5822,this giant crane with another little crane on it,b33znz,1,images/b33znz.jpg
5823,full moon,81uuga,0,images/81uuga.jpg
5824,two missing ducks a video and a felony charge in an episode at a foie gras farm,2wvrbt,1,images/2wvrbt.jpg
5825,who would destroy a memorial meant for veterans,59ojdd,1,images/59ojdd.jpg
5826,nom nom nom,4v7bg5,0,images/4v7bg5.jpg
5827,ft woman in a red dress,3blzhb,0,images/3blzhb.jpg
5828,tourists rescue unconscious man from water,51fyl6,1,images/51fyl6.jpg
5829,spurs skype in kawhi leonard for game,8e5iz4,0,images/8e5iz4.jpg
5830,kipper rules boris johnson blamed on eu are actually british says brussels,cesatb,1,images/cesatb.jpg
5831,a gelada baboon,8jotgc,1,images/8jotgc.jpg
5832,vancouver bans whales and dolphins at aquarium bbc news,6bv9my,1,images/6bv9my.jpg
5833,battle of crecy colorised,8tbhu2,0,images/8tbhu2.jpg
5834,to ash we turn of houses,c4au12,0,images/c4au12.jpg
5835,how dare you,86oqbs,0,images/86oqbs.jpg
5836,hillary clinton has pneumonia doctor says politico,52au6t,1,images/52au6t.jpg
5837,hes always watching,41eyqv,0,images/41eyqv.jpg
5838,systemic miscarriage of justice for black lung suffering coal miners medical records at johns hopkins likely falsified,2c883m,1,images/2c883m.jpg
5839,spherical dog,cwhaqp,1,images/cwhaqp.jpg
5840,birds eye view of wight supremacist rally charlottesville virginia,6tynz7,0,images/6tynz7.jpg
5841,minnesota st paul launches web portal for opportunity zones which cover percent of the city the website stpaulgovopportunityzones is being billed as a onestop shop for investors seeking development opportunities,bgcf9e,1,images/bgcf9e.jpg
5842,john wilkes booth prepping for his most famous role ever,ctapux,0,images/ctapux.jpg
5843,officer releasing hawk into the wild,9k27xs,1,images/9k27xs.jpg
5844,just opened my brand new notebook for the first time to find this,cr05sc,1,images/cr05sc.jpg
5845,gary cooper high noon solidarity elections advertisement poland,7wtyku,0,images/7wtyku.jpg
5846,albert einstein left and another manhattan project scientist right get into a heated debate over both the formulas needed for the atomic bomb and also the ethics of what they would do with it a short time later a lab somewhere in new mexico,8ac2jp,0,images/8ac2jp.jpg
5847,video la cops led on snailspace car chase,32bdkx,1,images/32bdkx.jpg
5848,a photographer assigned to document the emerging radioactive animals around chernobyl,c0xh6e,0,images/c0xh6e.jpg
5849,soccer players break into dance,zo1wt,1,images/zo1wt.jpg
5850,glory to the first cosmonaut y a gagarin soviet union,5mhht8,0,images/5mhht8.jpg
5851,was drinking a seltzer while driving behind a truck with the same seltzer on it,ct1hg8,1,images/ct1hg8.jpg
5852,the roads in southeast kansas are are arranged almost perfectly in a grid pattern,b7nsrz,1,images/b7nsrz.jpg
5853,these steel pennies from,b02oz0,1,images/b02oz0.jpg
5854,old man high at wedding,38cygz,1,images/38cygz.jpg
5855,i wanted to show you my honolulu newspaper from,bqdczm,1,images/bqdczm.jpg
5856,russian market has brakes installed in their carts,armxag,1,images/armxag.jpg
5857,mississippi woman allegedly stabbed by yearold who cut her ear off,6x4wd5,1,images/6x4wd5.jpg
5858,these lights in a flowerbed,csbgin,1,images/csbgin.jpg
5859,bootylicious bodacious grapes,c7rmpd,1,images/c7rmpd.jpg
5860,garlick not grow plz to halp how do i turn of caps lock,3jrfc5,0,images/3jrfc5.jpg
5861,i love being fudgy,1k849j,0,images/1k849j.jpg
5862,man posing in a windows shirt with a technics turntable,3qfcml,1,images/3qfcml.jpg
5863,this jeansshirt,cton8z,1,images/cton8z.jpg
5864,bitcoin charity sets up homeless sanctuary on acre property in florida,1m1mcv,1,images/1m1mcv.jpg
5865,this grandma on a jet ski,9d91re,1,images/9d91re.jpg
5866,ufc champion connor mcgregor defeats undefeated boxer floyd mayweather,6w9hxa,0,images/6w9hxa.jpg
5867,i came home to one black and one white moth on my front door,bgbz4x,1,images/bgbz4x.jpg
5868,china says no such thing as manmade islands in south china sea,62f2a0,1,images/62f2a0.jpg
5869,mcdonalds got an extra endorsement,bjzk0n,1,images/bjzk0n.jpg
5870,kawahi leonard holding snowball,cq9i8r,1,images/cq9i8r.jpg
5871,italian,d4b4pq,0,images/d4b4pq.jpg
5872,brits out keep eire tidy postermural design common across belfast calling for removal of all british soldiers from ireland,2i3atp,0,images/2i3atp.jpg
5873,this tiny scorpion exoskeleton,c0hzpp,1,images/c0hzpp.jpg
5874,this overused scrub daddy,bf0oom,1,images/bf0oom.jpg
5875,irans top secret stealth jet flying over snowcovered mountains,18f946,1,images/18f946.jpg
5876,theres a bird nest in my bicycle currently active with baby birds,cfvkid,1,images/cfvkid.jpg
5877,merced rescue mission hot meals program is now homeless,567z66,1,images/567z66.jpg
5878,turkey us disregard of legal process unacceptable,99nz1h,1,images/99nz1h.jpg
5879,man burns through game show winnings before can claim her share in divorce proceedings,z9dus,1,images/z9dus.jpg
5880,isps listed speeds drop up to after uk requires accurate advertising,954z9v,1,images/954z9v.jpg
5881,dog with a sad carton cutout on its head,59ahrh,1,images/59ahrh.jpg
5882,nevermind my cat eating some underwear,bghs0j,0,images/bghs0j.jpg
5883,my dream south korea s,cf5r91,0,images/cf5r91.jpg
5884,lift off,1q0sct,1,images/1q0sct.jpg
5885,the sun bleached the bodies of these wasps trapped between two windows,cwcok7,1,images/cwcok7.jpg
5886,this tree stump looks like the iron throne from got,bh247b,1,images/bh247b.jpg
5887,tea party nation still trying to make romney president,13kl77,1,images/13kl77.jpg
5888,there are two fruits in indonesia that smell so horrifically bad that you will receive a massive fine just for bringing them into a hotel,ch08m5,1,images/ch08m5.jpg
5889,this restaurant artwork of some really ripped horses,b54op6,1,images/b54op6.jpg
5890,tim kaine is smirking as he claimed hillary is responsible for the rest of his days,4wn79m,0,images/4wn79m.jpg
5891,this happy tree never forgets,33cpn3,0,images/33cpn3.jpg
5892,diphylobotrium latum in hpo,75icb0,0,images/75icb0.jpg
5893,photo of nazi soldiers bringing a innocent jew to the gas chambers auschwitz,90sigg,0,images/90sigg.jpg
5894,ball ironing a cosmetic procedure for men,1g2y07,1,images/1g2y07.jpg
5895,this guy running,61fiq3,1,images/61fiq3.jpg
5896,there is so long it took on that flight this is made out of wood with a smartphone camera,77llr5,0,images/77llr5.jpg
5897,my grandmother runs an orphanage in rwanda she recently had a news story written about her i am proud to be her grandson,35zdle,1,images/35zdle.jpg
5898,found this a while back and posted it in the wrong place lets try again surprised helicopter,13f4wd,0,images/13f4wd.jpg
5899,buying a new house they gave me a time capsule to fill and theyll attach it to the rafters after we move in,d10wrx,1,images/d10wrx.jpg
5900,the road to achievment vaporetto x,2shkna,0,images/2shkna.jpg
5901,volunteers in india save the life of a stray dog who was covered in tar and unable to move watch the beginning and then skip forward to to see the after shots,2kn095,1,images/2kn095.jpg
5902,medieval vagina painting,bvdd6w,0,images/bvdd6w.jpg
5903,baby owl,5mux3z,1,images/5mux3z.jpg
5904,sexy candy cane man,1qv02v,1,images/1qv02v.jpg
5905,living in constant darkness in the back of the dresser itchanged him,2ieptt,0,images/2ieptt.jpg
5906,the aftermath of superstorm sandy new york city,5a7nuy,0,images/5a7nuy.jpg
5907,some advice coming up to nonveterans and their annoying membership questions is why its dumb,cm90vu,0,images/cm90vu.jpg
5908,you wont believe why women are letting fish swim in their clavicles,95epck,0,images/95epck.jpg
5909,are we stuck,88ra0o,0,images/88ra0o.jpg
5910,crew soccer foundation dedicates field to medina middle school,2flgaj,1,images/2flgaj.jpg
5911,f bahrain gp start,337ib9,1,images/337ib9.jpg
5912,ut dallas students volunteer with mercy ships in alternative spring break program,84nro3,1,images/84nro3.jpg
5913,china businessman jailed for years for buying and eating three tigers,2qu2uz,1,images/2qu2uz.jpg
5914,i drank too much seawater,5si5rq,0,images/5si5rq.jpg
5915,jessica simpson sued for posting paparazzi photo of herself on instagram,7suft1,1,images/7suft1.jpg
5916,this hotel used two of the exact same picture in the bathroom,c4o1w5,1,images/c4o1w5.jpg
5917,pretzel bag narrows search for child abuser to us,1edbx5,1,images/1edbx5.jpg
5918,very happy backpack,d17ed7,0,images/d17ed7.jpg
5919,nazi scientist reviewing progress on v rockets black white,799nnl,0,images/799nnl.jpg
5920,this very prettydelicious looking mushroom that is also highly poisonous,crrzyc,1,images/crrzyc.jpg
5921,rare historical photo,5o5e6p,0,images/5o5e6p.jpg
5922,exclusive footage of george papadopoulos final words to president trump just before confessing to colluding with the russians to special investigator robert s mueller circa,79ovhj,0,images/79ovhj.jpg
5923,my dad middle in vietnam,81twh7,0,images/81twh7.jpg
5924,two kids with their bong,5h81nr,0,images/5h81nr.jpg
5925,it looks like the cloud is a guy blowing a cloud,c34lob,1,images/c34lob.jpg
5926,available here,d8wpcm0,0,images/d8wpcm0.jpg
5927,xe friends fever dream p collection,bumm4t,0,images/bumm4t.jpg
5928,samurai crab,5cqdqf,0,images/5cqdqf.jpg
5929,a little added personality,9cljcl,0,images/9cljcl.jpg
5930,this owl marching,6ri7w9,1,images/6ri7w9.jpg
5931,this thicc racing tyre ive found near the dumpster,atkp2c,1,images/atkp2c.jpg
5932,this abandoned toy found in the ground,6i37xy,1,images/6i37xy.jpg
5933,atat dog,1vh85r,1,images/1vh85r.jpg
5934,grenfell tower fire woman offers to house dozens of homeless victims in empty student flats,6hmznh,1,images/6hmznh.jpg
5935,some juice froze inside this ice chunk and gave it a little heart,c21glb,1,images/c21glb.jpg
5936,yoga dog being flexible on the beach,1onv93,1,images/1onv93.jpg
5937,my boyfriend gave me a yellow watermelon,crr72k,1,images/crr72k.jpg
5938,creepers gonna creep w a ak,1l5zpw,1,images/1l5zpw.jpg
5939,opinion revenge of the nationstate,5qc743,1,images/5qc743.jpg
5940,two tone goat like the printer rang out of ink seen today,c6y313,1,images/c6y313.jpg
5941,i inherited a mess and am in the cases were ignored some of the record for oldest domestic cat ever,5uw0k7,0,images/5uw0k7.jpg
5942,news lastditch effort the us military is asking enemy combatants to file a report if they suspect the american soldier theyre shooting at might be trans,6qx4ip,0,images/6qx4ip.jpg
5943,chateau de castelnaubretenoux lot france,6gkykz,1,images/6gkykz.jpg
5944,torii hunter tries to rob david ortizs grand slam,1ohh1q,1,images/1ohh1q.jpg
5945,i keep on running into this sad clown at the elevator at work,3m3vu1,0,images/3m3vu1.jpg
5946,head coach holding back his players,2ibmjx,1,images/2ibmjx.jpg
5947,thirteen endangered iguanas seized at heathrow,1wzmdh,1,images/1wzmdh.jpg
5948,days gone by by real licks,6v7t21,0,images/6v7t21.jpg
5949,sunlight refracted by an aquaruim cast on a pot,cxzy3o,1,images/cxzy3o.jpg
5950,grumpy toddlers heart melts when she sees her baby sister,56a13a,1,images/56a13a.jpg
5951,this turtle dressed up like blastoise,bbstp5,1,images/bbstp5.jpg
5952,search it up its true,crrfzo,1,images/crrfzo.jpg
5953,this half eaten shark,c38wpg,1,images/c38wpg.jpg
5954,the old mexico embassy with modern buildings built around it,ceglvd,1,images/ceglvd.jpg
5955,beauty of a nixie tube this tubes were produced in s number is glowing here,cwhrah,1,images/cwhrah.jpg
5956,x chessboard,clbdoh,1,images/clbdoh.jpg
5957,a dog after a bath,8v6opy,1,images/8v6opy.jpg
5958,president trump to share the gift of military deferment with transgendered americans,6wfzl8,0,images/6wfzl8.jpg
5959,this mcdonalds promotion going on in the uae,b7dfrf,1,images/b7dfrf.jpg
5960,donald trump making a speech,6dcjzw,1,images/6dcjzw.jpg
5961,found a little cow on the underside of my dogs collar,cqd4ml,0,images/cqd4ml.jpg
5962,my patio cushion is feeling a little under the weather get it eheh,945yjw,0,images/945yjw.jpg
5963,very informative graffiti,bssq3n,1,images/bssq3n.jpg
5964,google will match up to m in donations for hurricane florence relief,9hozr5,1,images/9hozr5.jpg
5965,school community bands together to support gay athlete ahead of hate groups planned protest,837ssl,1,images/837ssl.jpg
5966,the rare bag alligator,1dqt18,0,images/1dqt18.jpg
5967,solar omniscience,b9s8kd,0,images/b9s8kd.jpg
5968,ted cruz suggests phil robertson for un ambassador,46m41z,1,images/46m41z.jpg
5969,i saw a dumbo shaped cloud,cc4u2u,1,images/cc4u2u.jpg
5970,a chacma baboon striking a pose,1v0qvh,1,images/1v0qvh.jpg
5971,the nation in tears usa,6tdy6l,0,images/6tdy6l.jpg
5972,hand cut open to expose parasites,52m3na,0,images/52m3na.jpg
5973,year olds buddy bench helps lonely kids in schoolyard make friends,2mmypx,1,images/2mmypx.jpg
5974,this basketball court in the middle of a castle in dubrovnik croatia,d869m5,1,images/d869m5.jpg
5975,statue of a homeless jesus startles a wealthy community,22xc8s,1,images/22xc8s.jpg
5976,almost a scene from dr strange,927z3z,0,images/927z3z.jpg
5977,rosemary beach florida,8wu2in,1,images/8wu2in.jpg
5978,holland man donates pet oxygen masks to fire department,8nhrof,1,images/8nhrof.jpg
5979,blue lagoon iceland winter,3jztz6,1,images/3jztz6.jpg
5980,russian police choir wins olympics with get lucky performance,1xb7m1,1,images/1xb7m1.jpg
5981,this french fry is mostly air on the inside,c7dury,1,images/c7dury.jpg
5982,trump cabinet rex tillerson sworn in as top us diplomat,5rl345,1,images/5rl345.jpg
5983,my bell pepper had another bell pepper growing in it,cz80mv,1,images/cz80mv.jpg
5984,dr ruth talks about sex,ar3brn,0,images/ar3brn.jpg
5985,stranger next to me on a flight to toronto had the exact same book as me today,cwdwi8,1,images/cwdwi8.jpg
5986,the tree has a lock on this lock,bp1oab,1,images/bp1oab.jpg
5987,hot dogs on sticks,86rja8,0,images/86rja8.jpg
5988,shiro sagisu neon genesis evangelion vol,9co6kw,0,images/9co6kw.jpg
5989,moving to a house without vaulted ceilings must sell today,9i9qny,0,images/9i9qny.jpg
5990,this chunk of just peanut butter found in a package of ritz bits,chu14y,1,images/chu14y.jpg
5991,fcc to investigate take appropriate action on colberts trump rant,69lf3k,1,images/69lf3k.jpg
5992,my espresso can tells you what the vacuum seal will sound like,b3p38h,1,images/b3p38h.jpg
5993,ontake shrine covered in ash after a volcanic eruption,41kyvb,1,images/41kyvb.jpg
5994,ted bundy defending himself in court,5ny4ow,0,images/5ny4ow.jpg
5995,a proud man relieving himself,1wwoxv,1,images/1wwoxv.jpg
5996,gpib connector is just shocked,4cq97y,0,images/4cq97y.jpg
5997,the greater land of israel hapoel hamizrachi,bdee7i,0,images/bdee7i.jpg
5998,daughters last masters of clinical embryology exam today cupcakes i made to celebrate sperm dont have eyes or a mouth so i would have failed clearly,d64ifn,1,images/d64ifn.jpg
5999,anyone like a piece of sponge cake,6zrcfr,0,images/6zrcfr.jpg
6000,interhead turn on the amnesiac,7woos9,0,images/7woos9.jpg
6001,disappearance of the alsuwaidi sisters shock was one of the luxuries,6erdpf,0,images/6erdpf.jpg
6002,trump claims f s flew over japan undetected pretty cool right,6azfgy,1,images/6azfgy.jpg
6003,rainbow cat,1n0rir,1,images/1n0rir.jpg
6004,my dentist uses his wallpaper to tell me hes a lizard person,311mpe,0,images/311mpe.jpg
6005,south africa interpol building raided five times,2e62nb,1,images/2e62nb.jpg
6006,bill still in circulation,b025mo,1,images/b025mo.jpg
6007,herman goering before his sentencing in,bnjec6,0,images/bnjec6.jpg
6008,this main bar is stoked,546nab,0,images/546nab.jpg
6009,give war bonds,au78br,0,images/au78br.jpg
6010,balding man with long beard and giant scissors,43acug,1,images/43acug.jpg
6011,grammy music education coalition reveals plans to expand music education in public schools,7bdy1u,1,images/7bdy1u.jpg
6012,my cat imparting some wisdom,1tsb6m,1,images/1tsb6m.jpg
6013,this tree as it slowly engulfs an old fence post,cnmtmz,1,images/cnmtmz.jpg
6014,my partners very particular way of drying raspberries,bb1iuh,1,images/bb1iuh.jpg
6015,dad throwing his kid really high in the air,3zz086,1,images/3zz086.jpg
6016,goldman sachs settles lawsuit over deceptive loans for billion,4efxqw,1,images/4efxqw.jpg
6017,jeremy soule the elder scrolls vi valenwood original game soundtrack,7iwg0g,0,images/7iwg0g.jpg
6018,adolf hitler show to the german people the brand new weapons to win ww circa colorised,clyrxn,0,images/clyrxn.jpg
6019,this guy always makes a stupid face at me when i run by,1gj1dr,0,images/1gj1dr.jpg
6020,very angry miserable small wet dog,2cw8st,1,images/2cw8st.jpg
6021,kristen bell at a talk show,35pg8b,1,images/35pg8b.jpg
6022,harvey cocacola lets men steal water in texas city without it,6ya40e,1,images/6ya40e.jpg
6023,the bleach squad look at me feat lil bike,93fxm3,0,images/93fxm3.jpg
6024,this painfully perfect pepper,9gecy9,1,images/9gecy9.jpg
6025,thieves steal womans dogs surgery money friends raise nearly k,7f7nr3,1,images/7f7nr3.jpg
6026,steve bannon pushing for percent marginal tax rate on the very rich,6pugo1,1,images/6pugo1.jpg
6027,this manpig halloween costume,675bcp,1,images/675bcp.jpg
6028,rplace at the israel science museum,9jb26m,1,images/9jb26m.jpg
6029,decay of mankind apocalypse,6y2smh,0,images/6y2smh.jpg
6030,put that thing back where it came from or so help me,6ma296,0,images/6ma296.jpg
6031,this,c6mup2f,0,images/c6mup2f.jpg
6032,these necklaces at walmart look happy to be bought,6lqi0d,0,images/6lqi0d.jpg
6033,despite her blindness janice insisted that she wouldnt make it easier the next time,4xhb9d,0,images/4xhb9d.jpg
6034,absolutely heartbreaking this guy who just got laid off believes its the universes way of telling him to pursue his dream,dbfslg,0,images/dbfslg.jpg
6035,i found the weapon to end all anti vaxxers,d06qxm,1,images/d06qxm.jpg
6036,sliding into a girls dms before twitter,b6a8kf,0,images/b6a8kf.jpg
6037,dive bomb divas somethings missing,5trhhd,0,images/5trhhd.jpg
6038,this cushion looks sick,1252no,0,images/1252no.jpg
6039,this bottle seems really excited about how nothings changed,av8y6g,1,images/av8y6g.jpg
6040,built a rack to hold ceiling light fixture while attaching cover cant connect pipes in a narrow home,64bpnn,0,images/64bpnn.jpg
6041,man cosplaying as big smoke,6drjsb,1,images/6drjsb.jpg
6042,cat laying on floor,94cxm6,1,images/94cxm6.jpg
6043,a seal with a datalogger on its head,2adoxl,1,images/2adoxl.jpg
6044,lazy eyed cat leaning on food dehydrator,1ut8cl,1,images/1ut8cl.jpg
6045,this n for negro eraser that i found in a school supply store,cn0hgj,1,images/cn0hgj.jpg
6046,charger security guard beating off for the test of time award in the electoral vote i was like hell never make it,5jfpxi,0,images/5jfpxi.jpg
6047,mr magoo the cat,1qtqtd,1,images/1qtqtd.jpg
6048,senior class donates trip money to help library aides family,6flrao,1,images/6flrao.jpg
6049,reminds of a certain number of ants,culwyl,0,images/culwyl.jpg
6050,just learning how to smile,6tp919,0,images/6tp919.jpg
6051,i sculpted an eye today thoughts,4iun7i,0,images/4iun7i.jpg
6052,school shut down and kids hospitalized after th grade boys spray too much axe,1pmh9i,1,images/1pmh9i.jpg
6053,angry student hacks countys website to apologize for snow day fuckery,2rmpse,1,images/2rmpse.jpg
6054,this mutant strawberry i found at work,ddr50e,1,images/ddr50e.jpg
6055,the lead marks from a sessions worth of pool league,b8t6vd,1,images/b8t6vd.jpg
6056,the daily mail retracts melania trump escort agency story after donald trumps wife files lawsuit,524jo5,1,images/524jo5.jpg
6057,looks like they cheaper out on the cloud texture again,dbgfd8,1,images/dbgfd8.jpg
6058,mutated dog,6cr70x,0,images/6cr70x.jpg
6059,the fall of coal and its pollutionlinked deaths is boosting the economy,d2ioz3,1,images/d2ioz3.jpg
6060,child running from kangaroo,69kdu0,1,images/69kdu0.jpg
6061,cal ripkens mother thwarts attempted carjacking,1ol9b6,1,images/1ol9b6.jpg
6062,when your eggs look like a happy clown,bfbab4,0,images/bfbab4.jpg
6063,vertical roots farming comes to the midlands south carolina,bk5wmq,1,images/bk5wmq.jpg
6064,man creates tinderlike dating app where hes the only guy available,5t46ur,1,images/5t46ur.jpg
6065,firstworld problems for an easy way to make a relatable meme,b9233r,0,images/b9233r.jpg
6066,a mischievous pot in the kitchen,1pkyec,0,images/1pkyec.jpg
6067,thought this might fit in well here,84k95o,0,images/84k95o.jpg
6068,aerial photograph of chilean sandstone mine,8fpo1a,0,images/8fpo1a.jpg
6069,poster for the eternal jew directed by fritz hippler germany x,5h8yrq,0,images/5h8yrq.jpg
6070,us department of education misspells name of civil rights activist web du bois then misspells apology tweet,5tthsl,1,images/5tthsl.jpg
6071,megan fox on a trampoline,1dyjkq,1,images/1dyjkq.jpg
6072,one of the trophys my great grandfather brought home during wwii,cuw6ja,1,images/cuw6ja.jpg
6073,garbage boy for a day ethans wish is granted,4uy9ew,1,images/4uy9ew.jpg
6074,cops on the rooftop dunkin donuts team up to raise money for special olympics,6cd4n3,1,images/6cd4n3.jpg
6075,this terrifying snub nosed monkey,4d98zh,1,images/4d98zh.jpg
6076,dont make our heroes beg ukip poster uk,bz69h4,0,images/bz69h4.jpg
6077,lac de sainte croix,3lklpq,1,images/3lklpq.jpg
6078,minutes of wait time at disney,danxib,1,images/danxib.jpg
6079,home plate at the local schools baseball field shows the proportion of righty to lefty batters,9eykw1,1,images/9eykw1.jpg
6080,us president donald trump vietnams prime minister nguyen xuan phuc and philippines president rodrigo duterte perform the group asean handshake,7cnqd4,1,images/7cnqd4.jpg
6081,mr skeltal is coming to town,cu3lfd,0,images/cu3lfd.jpg
6082,this bug that almost got out of the spider web,9di36l,1,images/9di36l.jpg
6083,kitchen secrets for smart housewives a poster that came with the kitchen cabinet my aunt purchased in,b23n7k,1,images/b23n7k.jpg
6084,a couple was rained out of their wedding venue during hurricane barry so they got married at the university of louisianalafayette indoor practice field,cd9o6u,1,images/cd9o6u.jpg
6085,reverse flash strikes a pose,2isekx,1,images/2isekx.jpg
6086,overlooking the kings river in central california,397hgs,1,images/397hgs.jpg
6087,is clear what must be done rober mueller must be done rober mueller must be done rober mueller must be done rober mueller must be disbarred for his restaurant,78597h,0,images/78597h.jpg
6088,people be vigilant ussr,95worb,0,images/95worb.jpg
6089,rosie,8s5le4,0,images/8s5le4.jpg
6090,chinese wok restaurant,bbmair,1,images/bbmair.jpg
6091,the peak of the migrant crisis,765h81,0,images/765h81.jpg
6092,grumpy phone has seen things,92ejtn,0,images/92ejtn.jpg
6093,breasts are not weapons say hong kong protesters,3fn8no,1,images/3fn8no.jpg
6094,this butter on a knife which resembles a forest,5wdk8d,1,images/5wdk8d.jpg
6095,this old motherboard looks like an egyptian temple,908bmc,0,images/908bmc.jpg
6096,the american student who gave cambodian children a chance to get clean,5ape3z,1,images/5ape3z.jpg
6097,walmart commits to banning eggs from caged hens in brazil,by1yef,1,images/by1yef.jpg
6098,this isnt a hole in a wall x post from raviation,87lel8,0,images/87lel8.jpg
6099,walmart is renovating and repositioned their walmart but the residual from the original makes it look like a shadow,bwxsnr,0,images/bwxsnr.jpg
6100,sliced onion seems like jacks smile from nightmare before christmas,895g6s,0,images/895g6s.jpg
6101,how can we estimate that the deputy head of victims whenever theyre slept,60fmin,0,images/60fmin.jpg
6102,the inside of the smart water bottle says something different then the outside,ccujws,1,images/ccujws.jpg
6103,om nom nom,94nvq2,0,images/94nvq2.jpg
6104,of britons proud of their work whilst enjoy going to work most days,6xmbja,1,images/6xmbja.jpg
6105,pilot tells passengers hes about to try something,509o4v,0,images/509o4v.jpg
6106,this mancherubcupid,1xze1n,1,images/1xze1n.jpg
6107,fill that cell by art young us,4vlqxg,0,images/4vlqxg.jpg
6108,three members of a rightwing kansas militia arrested for plotting to attack a mosque,57ix88,1,images/57ix88.jpg
6109,physical representation of ea executives watching their stock value plummet after the lootbox controversy,8vubnp,0,images/8vubnp.jpg
6110,my radishes grew lengthwise,c75i89,1,images/c75i89.jpg
6111,hitler commits suicide in his bunker,9dix4l,0,images/9dix4l.jpg
6112,brain injury turns man into mathematical genius,24vhgm,1,images/24vhgm.jpg
6113,local cop replaces a carpenters tools after theyre stolen from his truck,6kjb5h,1,images/6kjb5h.jpg
6114,translator app saves lives one of many examples of how new apps are improving and saving lives app developers are tapping into their humanity,1bzdn7,1,images/1bzdn7.jpg
6115,do you live super close to a time zone while youre in an ocean bottom hotel in the trampoline netting,53hnqz,0,images/53hnqz.jpg
6116,india officials tree obama planted isnt dead just looks dead,2wk87v,1,images/2wk87v.jpg
6117,this hood ornament,cylu1j,1,images/cylu1j.jpg
6118,hashtag relatable,ch285z,0,images/ch285z.jpg
6119,and it should outside of an exgirlfriend of cocreator trey parker who was playing pokemon go after seeing this,4ulghr,0,images/4ulghr.jpg
6120,cat standing up,5t59oq,1,images/5t59oq.jpg
6121,this weird dragon,770emj,0,images/770emj.jpg
6122,my view the the blue blood moon,7ulh91,0,images/7ulh91.jpg
6123,this han solo encased in carbonite business card case with trigger dispenser,b4ccg6,1,images/b4ccg6.jpg
6124,this diver in middair,dg6vw4,1,images/dg6vw4.jpg
6125,americans celebrate the end of world war,c954n4,0,images/c954n4.jpg
6126,north korean president kim jong un crosses the dmz line and shakes hands with south korean president moon jaein,8fpbhl,0,images/8fpbhl.jpg
6127,president truman explains his foreign policy,ct5hwm,0,images/ct5hwm.jpg
6128,guy at a festival,6vbjqb,1,images/6vbjqb.jpg
6129,postcards for mom from michael hannon to mrs hannon printed sent in,at3zz4,0,images/at3zz4.jpg
6130,spotted this guy today we were equally happy to meet each other,diwrjq,0,images/diwrjq.jpg
6131,naked office,31aro7,1,images/31aro7.jpg
6132,karen was ready to star in the wall of her neck with the selfguiding device,c6jw08,0,images/c6jw08.jpg
6133,number of trucking companies out of business in st half of exceeds total,cznwv0,1,images/cznwv0.jpg
6134,russian president gives a press release,239sbk,1,images/239sbk.jpg
6135,minor spoilers ahead,dkxl3l,1,images/dkxl3l.jpg
6136,student changes name by deed poll to avoid ps ryanair admin fee,38nnx8,1,images/38nnx8.jpg
6137,fight for your right to government dependency,81hosb,0,images/81hosb.jpg
6138,i received a plastic dime in my change,bfcn28,1,images/bfcn28.jpg
6139,kid trapped in a claw machine,7kli63,1,images/7kli63.jpg
6140,west virginia town sues drug firm sharks over opioids,5u3bu2,1,images/5u3bu2.jpg
6141,senate intel chair says us is in a new cold war with russia,67ijl0,1,images/67ijl0.jpg
6142,game of thrones oreos dont have a resealable tab but lift is still in the design,bcmglt,1,images/bcmglt.jpg
6143,are lil nas x and nas related to each other,cso8jx,0,images/cso8jx.jpg
6144,mother hen,bkwkj1,1,images/bkwkj1.jpg
6145,had to push over our rain barrel due to mosquito larvae the water pushed all the plants to make a cute leaf pattern,dah9jp,1,images/dah9jp.jpg
6146,teary andrew luck describes fighting through searing pain he experiences during every excruciating moment in indianapolis,cvqxt8,0,images/cvqxt8.jpg
6147,dont knock it till you try to read my goto news site articles i promise to make new years resolutions to look forward to this guy yesterday,5u4xwk,0,images/5u4xwk.jpg
6148,band of bastards homesick,7bnezu,0,images/7bnezu.jpg
6149,trump wants the labor department to approve foreign workers for his vineyard,5jun9b,1,images/5jun9b.jpg
6150,pd rogers men put on bulletproof vest shot each other,b8oqxf,1,images/b8oqxf.jpg
6151,kingdom of dixit indian man declares himself king of unclaimed land between egypt and sudan,7dddie,1,images/7dddie.jpg
6152,jesus breakdancing to impress his friends,8o8xkb,0,images/8o8xkb.jpg
6153,this guy stares at me through spanish class,77t4qk,0,images/77t4qk.jpg
6154,horizontal head anything from the trolley,cxrgrc,0,images/cxrgrc.jpg
6155,congress nears budget deal trump says he would love a shutdown,7vqyco,1,images/7vqyco.jpg
6156,its my cake day so i have a picture of my puppy sleeping on a rare occasion,211sgh,1,images/211sgh.jpg
6157,county in texas to reject marijuana prosecutions officers cant legally determine what is weed and what is hemp,c9jjbj,1,images/c9jjbj.jpg
6158,hannibal after the battle of cannae bc,97qyh8,0,images/97qyh8.jpg
6159,lawrence of arabia after a successful raid,5opnit,0,images/5opnit.jpg
6160,my bedpost has seen some shit,1ll86i,0,images/1ll86i.jpg
6161,a peony seed pod,99m9jg,1,images/99m9jg.jpg
6162,these two dogs just playing,by3193,1,images/by3193.jpg
6163,these lights look like they have birds in them,29bpmy,0,images/29bpmy.jpg
6164,brainstimulating activities could help prevent mental decline in the elderly,66ocp4,1,images/66ocp4.jpg
6165,gingerbread pool party,b55a18,1,images/b55a18.jpg
6166,there is a tree growing out of the tree in my front yard,d6jksh,1,images/d6jksh.jpg
6167,japan approves scientist plan to create worlds first humanimals,ckkmw2,0,images/ckkmw2.jpg
6168,wakeboarder contemplating existence,1hp7xu,1,images/1hp7xu.jpg
6169,a sheep skull on the pavement,352rx7,0,images/352rx7.jpg
6170,what seems to be the problem officer,25do89,0,images/25do89.jpg
6171,dana rose three cheers for dana,8sqsbr,0,images/8sqsbr.jpg
6172,nyu cancels former new yorker factchecker talia lavins journalism class,buys0v,1,images/buys0v.jpg
6173,its not a lake,c8kogc,0,images/c8kogc.jpg
6174,the lines on this old wooden board,6rdk6d,0,images/6rdk6d.jpg
6175,this drain was drowning in sadness,1vv8j0,0,images/1vv8j0.jpg
6176,a photo of hitler appeared on a paratha i cooked for breakfast,c4v2oq,1,images/c4v2oq.jpg
6177,downtown la meters will accept donations for the homeless,7vnd48,1,images/7vnd48.jpg
6178,canadian goalie gives cpr to fan in stands sportsnetca,2nddia,1,images/2nddia.jpg
6179,my rucksack is a grumpy old man a proper sad sack,da6juw,0,images/da6juw.jpg
6180,this youse cable looks surprised,88ar30,0,images/88ar30.jpg
6181,the poison ivy corrupted youth,71ainr,0,images/71ainr.jpg
6182,undertale,cjm8tu,0,images/cjm8tu.jpg
6183,why so much surprised by the way nice mustache,bjr890,0,images/bjr890.jpg
6184,bearded dragon basking at the door of its cage,57q2v8,1,images/57q2v8.jpg
6185,happy couch,4xxu2j,0,images/4xxu2j.jpg
6186,windmill,40mdps,1,images/40mdps.jpg
6187,motivational shia labeouf poses,38809u,1,images/38809u.jpg
6188,the lock on my window looks either shocked or disgusted,cxw09g,0,images/cxw09g.jpg
6189,moss growing on the sidewalk due to constant water runoff from the landscaping,d97mjg,1,images/d97mjg.jpg
6190,muhiyyidin dbaha dead fast facts you need to know,7w1pip,1,images/7w1pip.jpg
6191,i found my first grade school photo today in the attic gotta love the s,177jdg,1,images/177jdg.jpg
6192,this soft drink with a glass marble inside of the bottle,df6f3k,1,images/df6f3k.jpg
6193,wakka wakka wakka crosspost from rmisc,z8wk9,0,images/z8wk9.jpg
6194,dog in a blanket,5xkvp5,1,images/5xkvp5.jpg
6195,this impressed guy and awesome man,8ohg5g,1,images/8ohg5g.jpg
6196,the greasetrap at my work looks surprisingly contented,1vffl4,0,images/1vffl4.jpg
6197,muslims in afghanistan protest ban on violence against women,1ez7k0,1,images/1ez7k0.jpg
6198,kid giving a thumbs up,4vcldh,1,images/4vcldh.jpg
6199,screen junkies are original movies dead,561zkq,0,images/561zkq.jpg
6200,i know this isnt as cool as the airport carpet but this one looks like wood paneling,arqzi5,1,images/arqzi5.jpg
6201,dropbox pg kinda way,60gi9c,0,images/60gi9c.jpg
6202,plastic microwave cover had a heated encounter with the stove top left permanently scarred,1kikgi,0,images/1kikgi.jpg
6203,this dog on a slip and slide,393zui,1,images/393zui.jpg
6204,man jumps into river fully clothed to save drowning kid casually walks home soaking wet in the freezing cold,42sygm,1,images/42sygm.jpg
6205,a rainbow exclamation point,c1hq5i,1,images/c1hq5i.jpg
6206,earth from space,1t4s1u,0,images/1t4s1u.jpg
6207,gods true nature revealed ad,cbmsox,0,images/cbmsox.jpg
6208,dad throwing his kid in the air,3dxxw6,1,images/3dxxw6.jpg
6209,the death of adolf hitler,btb24c,0,images/btb24c.jpg
6210,man and a huge rope,3tgsy9,1,images/3tgsy9.jpg
6211,police dog back on duty after sniffing cocaine,2o3qas,1,images/2o3qas.jpg
6212,harrowing images from the frontlines of the second meme wars,6lof5w,0,images/6lof5w.jpg
6213,the bodies of benito mussolini and other executed italian fascists hung up for public display,6u9j65,0,images/6u9j65.jpg
6214,hackers lurking in vents and soda machines,22ir8f,1,images/22ir8f.jpg
6215,someone took the faucets off our water cooler,8oukwo,0,images/8oukwo.jpg
6216,squirrel hot sauce,cvxcl1,1,images/cvxcl1.jpg
6217,this yearold soba restaurant closed for a sad ironic reason,50k92a,0,images/50k92a.jpg
6218,found an empty pizza roll in my midnight snack,azc7gi,1,images/azc7gi.jpg
6219,this gentleman is homeless and is selling paintings to make a living,3nrld5,1,images/3nrld5.jpg
6220,budget cuts,25q1m4,0,images/25q1m4.jpg
6221,they said what find out what joel osteen steven spielberg damon wayans jr and more have to say,75jf1y,0,images/75jf1y.jpg
6222,one direction band member louis tomlinson after being tackled by football player gabriel agbonlaho,1m0tzg,1,images/1m0tzg.jpg
6223,this is how the sky looks through night vision goggles,cfuwjq,1,images/cfuwjq.jpg
6224,news truly shameful texas history books now only devote one sentence to the life of martin short,50tsi1,0,images/50tsi1.jpg
6225,skrillex is not amused,25hxu2,0,images/25hxu2.jpg
6226,brussels airport luggage handler named as hero after pulling wounded people to safety during attacks,4bmaga,1,images/4bmaga.jpg
6227,so while i was sucking on this jawbreaker it suddenly looked like earth,bbjhpi,1,images/bbjhpi.jpg
6228,sarkozy set obama up for this one,1mzzir,1,images/1mzzir.jpg
6229,chp chase ends in suspect breakdancing,b3mtb9,1,images/b3mtb9.jpg
6230,no joke rashida tlaib says democrats are trying to figure out how to arrest white house officials,ddrugv,1,images/ddrugv.jpg
6231,hes seen some shit over the years,2uotxu,0,images/2uotxu.jpg
6232,germany after hitler was appointed chancellor,bfpt0k,0,images/bfpt0k.jpg
6233,white dog with a raised paw,briiav,1,images/briiav.jpg
6234,the roy moore pornographic collection,8cw567,0,images/8cw567.jpg
6235,one very angry stone,916274,0,images/916274.jpg
6236,she either earned it or borrowed it sorry for quality,1eah6w,1,images/1eah6w.jpg
6237,these flip flops with a built in bottle opener,awje94,1,images/awje94.jpg
6238,at least people killed in shooting at texas high school suspected gunman arrested,8ke2d5,1,images/8ke2d5.jpg
6239,school replaces hall of heroes murals honoring mother teresa others with oprah jk rowling,2ma7tb,1,images/2ma7tb.jpg
6240,communist party of honduras there better not be a black person in here,3gtgck,0,images/3gtgck.jpg
6241,flying pug,2dpqb5,1,images/2dpqb5.jpg
6242,boeing crashes highlight the high costs of cheap government,b7x4tc,1,images/b7x4tc.jpg
6243,this dew drop on a kale leaf in my greenhouse,ct7m1e,1,images/ct7m1e.jpg
6244,they seem a bit scared,67sfc9,0,images/67sfc9.jpg
6245,a morbidly obese person trying to fit in a shower,deqplg,0,images/deqplg.jpg
6246,a case of well contained anger,b8cfqu,1,images/b8cfqu.jpg
6247,my musical carreer starts here,5fsn42,0,images/5fsn42.jpg
6248,this teeny snail i found,c8m9nw,1,images/c8m9nw.jpg
6249,adunno whered he go,85696u,0,images/85696u.jpg
6250,nelson mandela attempts to get a word in while his wife talks about her day,b5kw6p,0,images/b5kw6p.jpg
6251,us president trump marks greek independence day at white house,b2qjiw,1,images/b2qjiw.jpg
6252,iphone case,7hchdi,0,images/7hchdi.jpg
6253,this guy keeps guard while i sleep,2inx6b,0,images/2inx6b.jpg
6254,artificial intelligence born at dartmouth college,7rl0rq,0,images/7rl0rq.jpg
6255,kellayanne conway confirms the rumours are true,66b73b,0,images/66b73b.jpg
6256,legless man does one handed pushups in water,6s252r,0,images/6s252r.jpg
6257,teen disappointed murdered mans phone wasnt nicer,1zo1cd,1,images/1zo1cd.jpg
6258,george washington leads soldiers on an attack against redcoats at saratoga circa oct,8mntxb,0,images/8mntxb.jpg
6259,the lemon struck to the side of my girlfriends glass looks like a cheerleader with pom poms,cxmwxj,1,images/cxmwxj.jpg
6260,my grumpy persian cat after taking a bath,1r6r6x,1,images/1r6r6x.jpg
6261,jesus upon his resurrection circa ad,90m6lm,0,images/90m6lm.jpg
6262,the gateway in singapore looks like a d sheet,7l21uh,0,images/7l21uh.jpg
6263,porg trying to swallow a banana,7rfsc0,0,images/7rfsc0.jpg
6264,jewish industrial concerns cartoon from the nazi tabloid newspaper der sturmer,6kus01,0,images/6kus01.jpg
6265,neatly lit up hotel in las vegas,4fetm1,0,images/4fetm1.jpg
6266,germany soldiers killing countless of frenchmen with one of the earliest models of the machiengun circa recoloured,5rvxq6,0,images/5rvxq6.jpg
6267,someone made a turtle out of driftwood,9hj6wj,1,images/9hj6wj.jpg
6268,polarbear sitting in the snow with his hands on a block of snow,42x9sx,1,images/42x9sx.jpg
6269,fuck you too road sign,19c86i,0,images/19c86i.jpg
6270,they said what find out what remy ma seal colin trevorrow and more have to say,737w5w,0,images/737w5w.jpg
6271,the generations of the british monarchy,4fnqkh,1,images/4fnqkh.jpg
6272,armless man wins seatbelt ticket challenge,1iwwts,1,images/1iwwts.jpg
6273,this cat needed a cast after a climbing up a tree mishap,4xhr3d,0,images/4xhr3d.jpg
6274,sunlight reaches the ground,di3m0m,1,images/di3m0m.jpg
6275,fabulous red panda,1v01o1,1,images/1v01o1.jpg
6276,flasher and naked cyclist is a crossdressing stalker obsessed with his female psychologist,53scrl,1,images/53scrl.jpg
6277,woman loses her way home but finds much more,6qadcs,1,images/6qadcs.jpg
6278,fabric spray outside of a korean bbq place,awq8yo,1,images/awq8yo.jpg
6279,president donald trump angry about google search results of himself aug,9aya62,0,images/9aya62.jpg
6280,italy joining the axis powers,95ewbt,0,images/95ewbt.jpg
6281,a pile of jello,b14qha,0,images/b14qha.jpg
6282,bruised thumb,3mwrq5,0,images/3mwrq5.jpg
6283,piano media no man is an island,3o1z1c,0,images/3o1z1c.jpg
6284,potsmoking students do better at school than marginalized tobaccosmoking peers,21fmbq,1,images/21fmbq.jpg
6285,donald trump used the nword on the apprentice set and didnt think americans would buy a black contestant winning coproducer,c5jxob,1,images/c5jxob.jpg
6286,yearold girl exposes environmental tampering in ns lake part of our yearold little girl superhero series,1j7r24,1,images/1j7r24.jpg
6287,years ago this week someone smuggled a sandwich into space,3095cd,1,images/3095cd.jpg
6288,mars being silly,6lou3c,0,images/6lou3c.jpg
6289,this pizza box doesnt use the word pizza,bj7nxo,1,images/bj7nxo.jpg
6290,this macho man themed mead,brsrw7,1,images/brsrw7.jpg
6291,oh no not spaghetti again,3vzvkx,0,images/3vzvkx.jpg
6292,this flower fell from the tree onto the spiky plant below,b9h6gr,1,images/b9h6gr.jpg
6293,this giant native american statue in oklahoma resembles vladimir putin in the face,cg5f55,1,images/cg5f55.jpg
6294,a halflife fan after asking gabe newell for halflife,6obl47,0,images/6obl47.jpg
6295,my friend as a baby looking mad in a bee costume,1temnq,1,images/1temnq.jpg
6296,prince charles was in my town today,bma152,1,images/bma152.jpg
6297,kevin spacey attempts to seduce a young anthony rapp,7a09v6,0,images/7a09v6.jpg
6298,new jersey governor chris christie announces his candidacy for the republican party nomination for us president th,5xdmp6,0,images/5xdmp6.jpg
6299,lawyer says clients horns tattoos could impact trial,2eaa8q,1,images/2eaa8q.jpg
6300,nathaniel bedford forrest being annointed as grand wizard of the kkk circa,8bdalb,0,images/8bdalb.jpg
6301,elite soviet sniper ivan sidorenko circa,ci6397,0,images/ci6397.jpg
6302,the holodomor manmade soviet ukraine famine,b6c305,0,images/b6c305.jpg
6303,luther is melting cause of the cat cafe where you sleep,7bdbi0,0,images/7bdbi0.jpg
6304,i love living in vancouver,ccx07s,1,images/ccx07s.jpg
6305,top dea agent wont admit that heroin is more harmful than marijuana,vdepe,1,images/vdepe.jpg
6306,found a fairy ring,cxku32,1,images/cxku32.jpg
6307,one of my blossomed frangipani flowers looks like a butterfly,de9d55,1,images/de9d55.jpg
6308,my lift floor display had a mouse pointer,b5goph,1,images/b5goph.jpg
6309,this road has a mph speed limit in orange beach alabama,b979c3,1,images/b979c3.jpg
6310,wendy daviss filibustering mizuno sneakers getting great reviews on amazon,1h77zx,1,images/1h77zx.jpg
6311,reddit cofounder alexis ohanian with his hands up,3d3c0v,1,images/3d3c0v.jpg
6312,wen the sun hits my laptop at the right angle i can see the logo shining through,c7gnwy,1,images/c7gnwy.jpg
6313,serious people who got a bloody mary this morning in a pokeball celebration last night,4tg6bn,0,images/4tg6bn.jpg
6314,erin andrews fiance plan to expand family before tying the knot,5sgn9t,0,images/5sgn9t.jpg
6315,why do we know that i can carry a current indefinitely without losing the ability to detect the opening of a ps with copper will it take to make money if baby showers werent the only one horn,4nros2,0,images/4nros2.jpg
6316,this will be heading to someones shop soon wonder if he will get deposit back,1d728d,1,images/1d728d.jpg
6317,reigning lego stepping champion gets into position to begin the final round of the world championships in montreal,co32n7,0,images/co32n7.jpg
6318,local man courageously rejects male scented hygiene products,8zv57c,0,images/8zv57c.jpg
6319,migraine self titled,deqhj4,0,images/deqhj4.jpg
6320,be wary of the tree spiders they dont like to be disturbed,83jq3o,0,images/83jq3o.jpg
6321,aaron hernandez found hanged in cell,669gx2,1,images/669gx2.jpg
6322,bradley lowery falls asleep cuddling jermain defoe after terminally ill sunderland fan gets visit from heroes,5t6s9r,1,images/5t6s9r.jpg
6323,cotton floating on pond,dcx7v5,0,images/dcx7v5.jpg
6324,overly happy basketball player,33de1g,1,images/33de1g.jpg
6325,this dogs nose,b3b1sk,1,images/b3b1sk.jpg
6326,a flock of birds captured in slowmotion make the world look like its suspended in time,bo5w0h,0,images/bo5w0h.jpg
6327,i found a happy cookie,54ia15,0,images/54ia15.jpg
6328,my grandmas yearbook from new mexico college is named swastika,cu094n,1,images/cu094n.jpg
6329,the camouflage on this decommissioned aircraft,b6bj2e,1,images/b6bj2e.jpg
6330,computer cart projecting numbers onto the carpet,brsfoh,1,images/brsfoh.jpg
6331,kiribati mulls proposal to restore russian monarchy,5r37ko,1,images/5r37ko.jpg
6332,news unthinkable cruelty a new investigative report has uncovered the lab where the dnc is testing cory bookers presidential appeal on animals,7xx9m3,0,images/7xx9m3.jpg
6333,gucci mane laughing,2n76x9,1,images/2n76x9.jpg
6334,wwould you mind uh washing your hands pplease,4uitlo,0,images/4uitlo.jpg
6335,a happy to see you building,19u6ba,0,images/19u6ba.jpg
6336,cardboard cutout of this guy,4cbe9r,1,images/4cbe9r.jpg
6337,this fire department in portugal,bj5dey,1,images/bj5dey.jpg
6338,my ice cream at school on friday was happy,7rtquq,0,images/7rtquq.jpg
6339,this bag of lays thats not full of air,cyf9rh,1,images/cyf9rh.jpg
6340,i took the lambo to carmax they offered me,7dqtxv,0,images/7dqtxv.jpg
6341,this dead squirrel on my walk today looks so peaceful must have been there all winter,b3ib8l,1,images/b3ib8l.jpg
6342,this moss that looks like a pineapple,cazczw,1,images/cazczw.jpg
6343,joker,dgqt8x,0,images/dgqt8x.jpg
6344,guy reacting to a nice ass,33untb,1,images/33untb.jpg
6345,did a sharp spike in tesla sales cause europes recent heat wave,clx9wn,0,images/clx9wn.jpg
6346,this goofy bus,7ar5tk,0,images/7ar5tk.jpg
6347,the wear on this stamp from the grand jury room in memphis tn,cr5o9d,1,images/cr5o9d.jpg
6348,aogashima japan,2z1beh,1,images/2z1beh.jpg
6349,firefighter climbing a ladder to nowhere,2om2fk,1,images/2om2fk.jpg
6350,this very colorful building,c95mfa,1,images/c95mfa.jpg
6351,the vietnamese people resist the american aggressor china,7un71l,0,images/7un71l.jpg
6352,woodselling us man inspires thousands,5ekfum,1,images/5ekfum.jpg
6353,halo plasma rifle,2hr2jm,0,images/2hr2jm.jpg
6354,save up and buy a car soviet union date unknown,34ywat,0,images/34ywat.jpg
6355,battle light bulb via previous winner thatgreenbassguy,76isiq,1,images/76isiq.jpg
6356,inside the mind of mad dog mattis,5gevf2,1,images/5gevf2.jpg
6357,soviets and electrification are the basis of the new world made by alexander samokhvalov ussr,7yq7h0,0,images/7yq7h0.jpg
6358,the recurring volume in each sip depicted by the lines,b7zt41,1,images/b7zt41.jpg
6359,vietcong about to slaughter our boys,5rus00,0,images/5rus00.jpg
6360,bought this game for my wifes rd birthday,au4j6v,1,images/au4j6v.jpg
6361,woman arrested for engaging in intimate act with lawn chairs,2dnbdv,1,images/2dnbdv.jpg
6362,sunshine blinds bin,bi37w7,1,images/bi37w7.jpg
6363,area raid,ckd1kp,0,images/ckd1kp.jpg
6364,president trump leading his army after n korea launches test missle towards pacific ocean,71zn3z,0,images/71zn3z.jpg
6365,this little fella is really happy about being a water cooler,8u6bvf,0,images/8u6bvf.jpg
6366,lan party tax hits swedish gamers,1h8kar,1,images/1h8kar.jpg
6367,freakoutception,932dx4,0,images/932dx4.jpg
6368,thailand murdered britons families asked to help quash killers death sentences,cxieb9,1,images/cxieb9.jpg
6369,the whale faucet guard on this bathtub spigot looks like its horribly sick when you turn on the water to fill the tub,bbhfyc,1,images/bbhfyc.jpg
6370,pareidolic storefront,lil39,0,images/lil39.jpg
6371,obama looking pensive,2v5w0z,1,images/2v5w0z.jpg
6372,guy crouchback cuckoldatlarge witnessing the embarrassing withdrawal from crete,dfr9el,0,images/dfr9el.jpg
6373,a lady jumping on a mountain top,1r5bpe,1,images/1r5bpe.jpg
6374,i always feel like the stapler man is skeptical of my documents,zqont,0,images/zqont.jpg
6375,the bit of lemon on my cup lid looks like a dove,bqn5to,1,images/bqn5to.jpg
6376,paper apologizes for cartoon comparing air travel to slave ships,2gja8x,1,images/2gja8x.jpg
6377,catholic school principal apologizes for ellen degeneres photo on invitation,268wh5,1,images/268wh5.jpg
6378,this galacticthemed beer has a comet pull tab,9id3uc,1,images/9id3uc.jpg
6379,yearold woman with cerebral palsy has published four books all written with her feet,49k8vo,1,images/49k8vo.jpg
6380,new york skyline from jersey,80ricp,1,images/80ricp.jpg
6381,yawning leopard gecko,8qs3v7,1,images/8qs3v7.jpg
6382,a valedictorian went rogue in his final speech his school tried to shut him down,6imy7i,1,images/6imy7i.jpg
6383,this cvs sign has been overtaken by ivy,bntf2u,1,images/bntf2u.jpg
6384,my printers paper guide is not having a good day,62tkqt,0,images/62tkqt.jpg
6385,the scratchoff part of my gift card peeled off instead,b1mhev,1,images/b1mhev.jpg
6386,only one door of my gate absorbed the rain,b2bgbq,1,images/b2bgbq.jpg
6387,a s themed mcdonalds,9k3e6u,1,images/9k3e6u.jpg
6388,someone took the time to paint smileys on these haybales in denmark,diffcg,1,images/diffcg.jpg
6389,statue of benito mussolini,3w7ybl,1,images/3w7ybl.jpg
6390,angry bird,8ljgmj,1,images/8ljgmj.jpg
6391,football player with naked teammate behind him,5jom5r,0,images/5jom5r.jpg
6392,devastating this womans workplace is so feminist she will never know whether she is incompetent at her job,blu42s,0,images/blu42s.jpg
6393,save us,4qu4sz,0,images/4qu4sz.jpg
6394,a us air force bb lancer bomber flying with fb fighter jets near north korean coast in show of force on,8n7tva,0,images/8n7tva.jpg
6395,tiny rivers after hailstorm,bu3kmv,1,images/bu3kmv.jpg
6396,fresh from gaga ball,bxlsbr,0,images/bxlsbr.jpg
6397,these two guys remind me of statler and waldorf the two muppets in the theatre box getting grumpy about something,1858ff,0,images/1858ff.jpg
6398,evil spirits cant get out of work on friday the th postpone festivities until tuesday the th,8bzn5e,0,images/8bzn5e.jpg
6399,the controversial artist who makes invisible art turns out to be a hoax,2i90se,1,images/2i90se.jpg
6400,biden loses control of butterfly knife during commencement speech,36j0zs,0,images/36j0zs.jpg
6401,my flashlight goes through my finger,bq4g2g,1,images/bq4g2g.jpg
6402,unspoken facebook etiquette satire,3x54ar,0,images/3x54ar.jpg
6403,massena teen with cerebral palsy donates hair through locks of love,6w636t,1,images/6w636t.jpg
6404,face of queen nefertiti brought to life with d scans,7wxbv5,1,images/7wxbv5.jpg
6405,kimi raikkonen in a f car made out of ice,861912,1,images/861912.jpg
6406,the plane i am on does not have a row,ax9mor,1,images/ax9mor.jpg
6407,r kelly gets emotional during his interview with cbs this morning cohost gayle king,ay9utj,0,images/ay9utj.jpg
6408,the janks tighter and tighter,5u8dqk,0,images/5u8dqk.jpg
6409,found this piece of wood in a can of progresso soup,9hkriz,1,images/9hkriz.jpg
6410,the surprised look on his face when he found out he was going to scrap,13tmek,0,images/13tmek.jpg
6411,this little boys superman shoe has a cape on it,b7qt4y,1,images/b7qt4y.jpg
6412,this cheesy piranha,bepl6s,0,images/bepl6s.jpg
6413,different types of apples at a farm in rural franconia germany,dkmq4t,1,images/dkmq4t.jpg
6414,this rock that looks like a demon,96ikvh,0,images/96ikvh.jpg
6415,caught an old mepps with my mepps today,9dzqf6,1,images/9dzqf6.jpg
6416,evil genius boxes,37p9mf,0,images/37p9mf.jpg
6417,donald trump announces military strikes on syria by usa france and united kingdom circa,8c4b9n,0,images/8c4b9n.jpg
6418,george w bush and his family taking a road trip years before becoming president,7h0i8x,0,images/7h0i8x.jpg
6419,snakes on caduceus clearly in love,76xxll,0,images/76xxll.jpg
6420,fbi ran child porn site for two weeks in attempt to identify over pedophiles,1f9e28,1,images/1f9e28.jpg
6421,hand carved longhorn skull,cmywys,1,images/cmywys.jpg
6422,early hoverboard prototype c,8wxa7o,0,images/8wxa7o.jpg
6423,hiker rescues dog trapped in cave for weeks dog reunited with owner,bwyqim,1,images/bwyqim.jpg
6424,this weird watermelon without lines at target,bw35sg,1,images/bw35sg.jpg
6425,three of these for one,cadwuj,1,images/cadwuj.jpg
6426,king carl xvi gustaf of sweden at the opening of a viking museum,688v2s,1,images/688v2s.jpg
6427,jail program gives cats and women a second chance,3hbr7q,1,images/3hbr7q.jpg
6428,rightwing writer shoots himself dead at altar of notre dame after marriage equality passes,1esx73,1,images/1esx73.jpg
6429,all right before a big booty so i guess i will not come to haunt you one day,7e90my,0,images/7e90my.jpg
6430,an iridescent cloud on a sunny day,bzu44m,1,images/bzu44m.jpg
6431,this soda i spilt on a table is shaped like africa,cs5fdv,1,images/cs5fdv.jpg
6432,tranz geschwindigkeitsbegrenzung,8yrmlx,0,images/8yrmlx.jpg
6433,this dog head,czipg3,1,images/czipg3.jpg
6434,total idiot climbing without ropes,bpee8y,0,images/bpee8y.jpg
6435,is apple saving pictures of users bras,8cvihg,0,images/8cvihg.jpg
6436,guilty verdict ruins promising lives of steubenville rapists,1ahnfn,1,images/1ahnfn.jpg
6437,israel and gaza,13es30,0,images/13es30.jpg
6438,porn be bad for your brain study suggests,26w2b2,1,images/26w2b2.jpg
6439,diana ross finishing a rib s,32txl8,1,images/32txl8.jpg
6440,a member of the neville family about to be ambushed by lord egremont of the percy family after the controversial nevillestanhope marriage,757xwj,0,images/757xwj.jpg
6441,usain bolt being stripped of gold metal,5rhccn,0,images/5rhccn.jpg
6442,michelle and barak in the beast,3zf5mh,1,images/3zf5mh.jpg
6443,stay off the weed canada tells flight controllers and crews,bxjndu,1,images/bxjndu.jpg
6444,the veins in this granite fireplace look like a tyrannosaurus rex,bk134r,1,images/bk134r.jpg
6445,albino gorilla beating its chest,5ihbvd,1,images/5ihbvd.jpg
6446,homosexual fleeing germany during the nazi regime,6g8ept,0,images/6g8ept.jpg
6447,yearold wwii veteran receives medals years after war,5w22ba,1,images/5w22ba.jpg
6448,house democrats discuss special counsels investigation and issue red blue and white line to the president,86fwui,1,images/86fwui.jpg
6449,witchblade onikiri,b0rimb,0,images/b0rimb.jpg
6450,figure skaters at the winter olympics,7x08bg,1,images/7x08bg.jpg
6451,queens of the stone age rated m,cq5sy3,0,images/cq5sy3.jpg
6452,clown nose or ball gag,9fk861,0,images/9fk861.jpg
6453,baby seagull with an adult seagull on a rock on a lake,c75hpj,1,images/c75hpj.jpg
6454,trump vetoes resolution calling on us to pull support of saudiled yemen war,be2gip,1,images/be2gip.jpg
6455,a town near me has a bunch of these giant painted squirrels,9jhfbs,1,images/9jhfbs.jpg
6456,teachers lounge the site of separate emotional breakdowns today,4108wb,0,images/4108wb.jpg
6457,a first base coach and his umbrella,clmona,1,images/clmona.jpg
6458,communists watch on in horror as hitler burns their books circa s colourized,b2khzy,0,images/b2khzy.jpg
6459,this stretched out cat,9acsie,1,images/9acsie.jpg
6460,archival footage gas crisis in oregon,7oby1z,0,images/7oby1z.jpg
6461,tom homan caught by surprise by presidents border czar announcement source says,c120b5,1,images/c120b5.jpg
6462,the governor formerly known as christie adopted by the trumps,49f1ps,0,images/49f1ps.jpg
6463,kvitel c,6wfm1n,0,images/6wfm1n.jpg
6464,fat cat high on catnip,ccru2y,1,images/ccru2y.jpg
6465,mickey mao hong kong,5az7qb,0,images/5az7qb.jpg
6466,a happy clown statue i found at the thrift store,2f7w3b,1,images/2f7w3b.jpg
6467,isle of lok speak to us,6bh4wu,0,images/6bh4wu.jpg
6468,jihad means total commitment pakistan,41cjte,0,images/41cjte.jpg
6469,philosopher peter abelard spending time with his former lover heloise c,8x1joe,0,images/8x1joe.jpg
6470,meet the highpowered washington lobbyist with down syndrome,96c4ew,1,images/96c4ew.jpg
6471,mark zuckerberg on safari,561bgg,1,images/561bgg.jpg
6472,student after graduating from college,bpwtag,1,images/bpwtag.jpg
6473,my neighbors garbage seems to be giving me the finger,3bzyrv,0,images/3bzyrv.jpg
6474,fossilised coffee beans,63y91c,0,images/63y91c.jpg
6475,this photobombing raven,2qpwhk,1,images/2qpwhk.jpg
6476,closing hours,76xa6w,0,images/76xa6w.jpg
6477,its am and its this bright out,awsd6e,1,images/awsd6e.jpg
6478,clear yolk this morning,cksn83,1,images/cksn83.jpg
6479,paul combetta stonetear and the reddit thread that could rock hillary clinton,53p538,1,images/53p538.jpg
6480,chinese honour guards prepare for the arrival of new zealands governorgeneral jerry mateparae and chinese president xi jinping outside the great hall of the people in beijing,3zpx9h,1,images/3zpx9h.jpg
6481,the printers ink ran out on my coffee cups,9c7190,1,images/9c7190.jpg
6482,globe produced shortly after the release of the truman doctrine setting american foreign policy to counter soviet geopolitical expansion,b7eqqw,0,images/b7eqqw.jpg
6483,an appeal to all muslims rsfsr,7awbx5,0,images/7awbx5.jpg
6484,this little robot clown is always blinking and smiling,8zp55p,0,images/8zp55p.jpg
6485,youth tokyo,7tmj31,0,images/7tmj31.jpg
6486,this vinyl exercise suit from,9e8l2n,1,images/9e8l2n.jpg
6487,this catalog cover that looks like stranger things,9ifs4w,1,images/9ifs4w.jpg
6488,thief smashes car window but leaves million lottery ticket behind,37jnup,1,images/37jnup.jpg
6489,mf doom mmfood,9k81mh,0,images/9k81mh.jpg
6490,police bust alleged drug ring that halted operations for shabbat,1m4pb1,1,images/1m4pb1.jpg
6491,it was an honor to teach the younger actors on friday night lights how to rack up millions of dollars in credit card debt by buying speedboats questions with kyle chandler,8ip43h,0,images/8ip43h.jpg
6492,cop beats unarmed black man while officer stands idly by,cz9shw,0,images/cz9shw.jpg
6493,the last piece of pie,2z3mrq,0,images/2z3mrq.jpg
6494,naughty kitty cat,66zr8e,1,images/66zr8e.jpg
6495,this beagle on a very windy day,44ofwv,1,images/44ofwv.jpg
6496,a scared little box alone in the dark,43zsm1,0,images/43zsm1.jpg
6497,my monopoly variation had an inspectors tag with an anticapitalist message and the die had an imperfection,9e0kmj,1,images/9e0kmj.jpg
6498,found this creeper at the gas station,1eshzf,0,images/1eshzf.jpg
6499,the thursday night football cat finds a home,795kic,1,images/795kic.jpg
6500,xerxes whipping the hellespont bc,dfo458,0,images/dfo458.jpg
6501,the empires star turn,ohtrp,0,images/ohtrp.jpg
6502,jay z doing basketball tricks,1uaemu,1,images/1uaemu.jpg
6503,wedding hall in japan will provide an alpaca to witness you exchange your vows,3dtb0s,1,images/3dtb0s.jpg
6504,a man contorting in midair the seat of his pants midrip,485yed,1,images/485yed.jpg
6505,my book shows the then and now of many photos including this haunting photo of the green eyed afghan girl sharbat gula,dadifv,1,images/dadifv.jpg
6506,malaysian beachs example of immoral activities is a couple watching a sunset,cdvasv,1,images/cdvasv.jpg
6507,my friends margarine cups top split in three when he tried to open it,bxixx7,1,images/bxixx7.jpg
6508,this woman stretching this other woman as this man observes,3jzre2,1,images/3jzre2.jpg
6509,courtroom brawl between judge and public defender caught on camera,278f5q,1,images/278f5q.jpg
6510,pig statue tribute to ed sheeran for ipswich pigs gone wild,45wbkz,1,images/45wbkz.jpg
6511,this padlock with a fingerprint scanner,cdnbut,1,images/cdnbut.jpg
6512,this wet floor sign,crny74,1,images/crny74.jpg
6513,happy to make you cry,ccx91y,0,images/ccx91y.jpg
6514,this fat cat,66ul6c,1,images/66ul6c.jpg
6515,this mildly terrifying mutant lemon,2hu8di,1,images/2hu8di.jpg
6516,a chicken strip that looks like a beta fish,bu28ao,1,images/bu28ao.jpg
6517,startling before and after photos of meth users,3rloej,0,images/3rloej.jpg
6518,antisuffragette postcard puck magazine,bzcrqt,0,images/bzcrqt.jpg
6519,this cool metallic pyramid,9ag2tb,0,images/9ag2tb.jpg
6520,this wall built around this big treee,at2u1w,1,images/at2u1w.jpg
6521,housing prices spike as tech employee takes stroll through neighborhood,3td699,0,images/3td699.jpg
6522,this sad face at my work after a customer pickup their smoothie and left,bskppt,0,images/bskppt.jpg
6523,hooray for the decline of fossile fossil fuels,8eqxyl,1,images/8eqxyl.jpg
6524,oo o,c6dkrm,0,images/c6dkrm.jpg
6525,this meerkat facepalm,56sqz1,1,images/56sqz1.jpg
6526,sad potato,648kpl,1,images/648kpl.jpg
6527,get off my lawn,15302r,0,images/15302r.jpg
6528,asus brandnew motherboard,bgjvxf,0,images/bgjvxf.jpg
6529,syfy achieves its highest self orders show about blooddrinking cars,3f0z72,1,images/3f0z72.jpg
6530,must have had some good moves,1ldk1f,0,images/1ldk1f.jpg
6531,trump trying to kiss his wife,5lydb6,1,images/5lydb6.jpg
6532,patrick stewart with a colorful mohawk x,2aq470,1,images/2aq470.jpg
6533,disabled group home workers charged with running fight club,1xm4w7,1,images/1xm4w7.jpg
6534,this car with a scene of a dinosaur roaming around rocky formations and a river,axsp3l,1,images/axsp3l.jpg
6535,amazing shot of foxes sparring,1thbti,1,images/1thbti.jpg
6536,my new aquarium filter is a brachiosaurus,3ycq1i,0,images/3ycq1i.jpg
6537,a man and his fish,5q04a2,1,images/5q04a2.jpg
6538,taking a selfie in front of stonehenge,3ktx9o,1,images/3ktx9o.jpg
6539,saw this on facebook tonight instantly thought of you guys,xnoqk,0,images/xnoqk.jpg
6540,auschwitz sets up tour dates for world youth day pilgrims,4ae81a,1,images/4ae81a.jpg
6541,orca performing a trick with his caretaker,bdke29,0,images/bdke29.jpg
6542,soldier donates kidney to stranger after seeing billboard,4coee3,1,images/4coee3.jpg
6543,aerial view of central park,4fhfzi,1,images/4fhfzi.jpg
6544,a snowy cliff side,b9hmlv,0,images/b9hmlv.jpg
6545,found a year old piece of sea glass,9cmkbt,1,images/9cmkbt.jpg
6546,new audit says oregons state agencies are bad at audits,9bzez1,1,images/9bzez1.jpg
6547,this is amazing,8mnr3i,0,images/8mnr3i.jpg
6548,saxon church and roman lighthouse,bkbne1,1,images/bkbne1.jpg
6549,these micro versions of a stores products dealed out to people after buying their respective products,c1noz1,1,images/c1noz1.jpg
6550,this cable hider is happy to see me,8kmoqm,0,images/8kmoqm.jpg
6551,this subway has a drivethrough,cg7bcd,1,images/cg7bcd.jpg
6552,the pope just gave an inspiring ted talk and warned powerful world leaders to stay humble,67l06o,1,images/67l06o.jpg
6553,people stuck in a tree,268j7u,1,images/268j7u.jpg
6554,did united put a whole route in the sky for one very important passenger,2x7k5a,1,images/2x7k5a.jpg
6555,bubble wrap that does not pop,c13twy,1,images/c13twy.jpg
6556,the listiest lists ever published on buzzfeed,1x1jb6,1,images/1x1jb6.jpg
6557,friend taking a dive,1jtvzs,1,images/1jtvzs.jpg
6558,westbrook madness basketball disappear,81s5cd,0,images/81s5cd.jpg
6559,this switch is a sad cyclops,cuwtme,0,images/cuwtme.jpg
6560,photographer takes a picture of a world war ii veteran posing with young soldiers at a memorial day event circa,6dv0yz,0,images/6dv0yz.jpg
6561,donald trump on immigration,8vm8ey,0,images/8vm8ey.jpg
6562,speed bump and cross walk signs in iceland look like alien abduction,ayohr5,1,images/ayohr5.jpg
6563,the diegos urban traveller,bilfrm,0,images/bilfrm.jpg
6564,got a postcard in the mail yesterday from our cousin,bggtkc,1,images/bggtkc.jpg
6565,new app splits up dinner bill based on wage inequality,47ph1e,1,images/47ph1e.jpg
6566,squeen verking of the beats live,6dnbvm,0,images/6dnbvm.jpg
6567,mexico surrenders the mexicanamerican war,77mj4q,0,images/77mj4q.jpg
6568,us air force responds to area raid,cd2bx8,0,images/cd2bx8.jpg
6569,rotten apple pie,b27ehu,0,images/b27ehu.jpg
6570,michael wolff speaking to ivanka trump about her presidential ambitions,7o4jrr,0,images/7o4jrr.jpg
6571,faces ipod,11kogg,0,images/11kogg.jpg
6572,alley fight the power,88ocal,0,images/88ocal.jpg
6573,happy little space heater,ad9gbl,0,images/ad9gbl.jpg
6574,these waters be haunted,b1ne9a,0,images/b1ne9a.jpg
6575,the great depression was a sad time for everyone,5tb30o,0,images/5tb30o.jpg
6576,physical excercise prevents you becoming gay claims uk councillor candidate,1d9obe,1,images/1d9obe.jpg
6577,happy building is very happy,rzyn6,0,images/rzyn6.jpg
6578,a crested gecko eating a cricket,8ncx4r,1,images/8ncx4r.jpg
6579,this oil vinegar dispenser,5uxhlz,0,images/5uxhlz.jpg
6580,i always think my car console looks like a crazy laughing clown sticking its tongue out,c90690,0,images/c90690.jpg
6581,sam rader clarifies ashley madison account ive been completely cleansed of this sin,3i1d3n,1,images/3i1d3n.jpg
6582,this apple i found at my job,b1tten,1,images/b1tten.jpg
6583,my childhood toy,cpzcrt,1,images/cpzcrt.jpg
6584,the pros and cons of trophy hunting,3fz2kl,0,images/3fz2kl.jpg
6585,pareidolia or not,3b6e0s,0,images/3b6e0s.jpg
6586,a bunny hides inside of peanuts,9tynaz,1,images/9tynaz.jpg
6587,an ossuary in the darkness,75ujd0,0,images/75ujd0.jpg
6588,motorists drive on an interchange in chongqing southwest china on the interchange is made up of five layers ramps and goes in eight different directions,6faw37,1,images/6faw37.jpg
6589,my ice cube froze in the shape of a shark,cvi5a4,1,images/cvi5a4.jpg
6590,islanders lose to carolina circa,bkguxe,0,images/bkguxe.jpg
6591,two different chinese restaurants using the same emblem and layout on their magnets,c3xjuz,1,images/c3xjuz.jpg
6592,twin basketball courts,6p9r8w,1,images/6p9r8w.jpg
6593,this chair has seen things no chair should ever see,b9y1xt,0,images/b9y1xt.jpg
6594,this little guy kept smiling at me,5d51qp,0,images/5d51qp.jpg
6595,saudi students win big at us science fair,bqb9xe,1,images/bqb9xe.jpg
6596,new canberra resident wins prized first coin of the year at the royal australian mint,7nczlj,1,images/7nczlj.jpg
6597,the way the moss hasnt grown below the drain,cus1dl,1,images/cus1dl.jpg
6598,california man freed from life prison sentence for joyriding,bwx8l9,1,images/bwx8l9.jpg
6599,victory or bolchewism germany,2l2i53,0,images/2l2i53.jpg
6600,my balloon was looking down at me like this while i was sleeping,7xn6zl,0,images/7xn6zl.jpg
6601,this little gremlin terrifies me,1fl9sq,0,images/1fl9sq.jpg
6602,sir richard branson sitting on a rolling disc,32t5e5,1,images/32t5e5.jpg
6603,utah man allegedly raped unconscious woman to save her life with his penis,1g4r2j,1,images/1g4r2j.jpg
6604,this redbox is blue,9gotr7,1,images/9gotr7.jpg
6605,julius kuhl lived for decades in relative anonymity in toronto but the holocaust hero is now getting the recognition he deserves for saving hundreds maybe thousands of lives,6sdhvl,1,images/6sdhvl.jpg
6606,this guy stopped me on my hike yesterday his little brothers lurking in the background,2hfiuu,0,images/2hfiuu.jpg
6607,the valley anuket,dbtvvs,0,images/dbtvvs.jpg
6608,little tokyo residents raids a chinese neighborhood called little nanjing,ddjudb,0,images/ddjudb.jpg
6609,the donets basin also known as the donbass by alexander deineka communism,1g2rrx,0,images/1g2rrx.jpg
6610,i found some heads in the wall while hiking in cuyahoga,dheinr,1,images/dheinr.jpg
6611,caught the shadow of my flatmates coat hanging out in the corner,6ep596,0,images/6ep596.jpg
6612,its a trap,atz7hs,0,images/atz7hs.jpg
6613,our army is an army of workers liberation j stalin artist v koretskii,d3apep,0,images/d3apep.jpg
6614,this millionaire uses drones to rescue thousands of african migrants at sea,2ysy33,1,images/2ysy33.jpg
6615,this rug pattern kinda looks like amd logo,auzeql,1,images/auzeql.jpg
6616,united by fear american muslims and jews join hands,5gsthl,1,images/5gsthl.jpg
6617,lalaaalaa,c38wjj,0,images/c38wjj.jpg
6618,unity in the human experience andrei pervozvanny,6x9d5v,0,images/6x9d5v.jpg
6619,a coin balanced upright atop another coin,9en5f5,1,images/9en5f5.jpg
6620,the window on my rental car got a little icy and revealed the old dealership sticker,dgmsvd,1,images/dgmsvd.jpg
6621,hahncappsia spinalis intoxicated,4dtk8y,0,images/4dtk8y.jpg
6622,this guy in a wooden shoe,2etidn,1,images/2etidn.jpg
6623,fbi arrests army soldier who allegedly discussed plans to bomb major american news network,d89rw4,1,images/d89rw4.jpg
6624,battered potatoes with peas and cold middle,3n26zf,0,images/3n26zf.jpg
6625,melania trump and akie abe show off their calligraphy,7bamsv,1,images/7bamsv.jpg
6626,companies starting to let employees take off work after pet dies,4afaak,1,images/4afaak.jpg
6627,kent lex always on the fringes,76gunl,0,images/76gunl.jpg
6628,woman orders a welcome home cake for her deployed husband at publix and the store manager gives it to her for free,1p37cz,1,images/1p37cz.jpg
6629,brutal photo of enhanced interrogation at an undisclosed cia black site,8ilq29,0,images/8ilq29.jpg
6630,rami malek filming the final season of mr robot,b2vd4k,1,images/b2vd4k.jpg
6631,nasas new closeup of jupiter,4xrg9z,0,images/4xrg9z.jpg
6632,samesex marriage comedy,b4b35z,0,images/b4b35z.jpg
6633,appalachian bear rescue releases four bears back into the wild,3s7qm2,1,images/3s7qm2.jpg
6634,i am groot,5s3kk9,0,images/5s3kk9.jpg
6635,these happy cabinets,5vl7o7,0,images/5vl7o7.jpg
6636,john and jackie kennedy on their first date,7fj2xp,0,images/7fj2xp.jpg
6637,guy at dentist getting teeth fixed with convenient blue screen,182yed,1,images/182yed.jpg
6638,this truck looks like a happy monkey,85ynx4,0,images/85ynx4.jpg
6639,why have you summoned me,1f68dw,0,images/1f68dw.jpg
6640,russian olympian questions why athletes arent allowed to take drugs,4n02wq,1,images/4n02wq.jpg
6641,this is a baby sloth in a tea cup,5qmga1,1,images/5qmga1.jpg
6642,shrugging boy,7f8c81,1,images/7f8c81.jpg
6643,mulberry harbour omaha beach,8fq0ul,0,images/8fq0ul.jpg
6644,woman wielding a broken broomstick,5dr8ni,1,images/5dr8ni.jpg
6645,the reason your pasta spoon has a hole in it will blow your carbloving mind,4sfwp5,0,images/4sfwp5.jpg
6646,nra says tom cotton ad on gay dating app isnt theirs,2ku3oe,1,images/2ku3oe.jpg
6647,bush senior during sbli coin toss,5sb2bs,1,images/5sb2bs.jpg
6648,this big ole brussel sprout,au2r6l,1,images/au2r6l.jpg
6649,theres a totoro on my train,4q6bra,0,images/4q6bra.jpg
6650,this shrunken gummy worm i got,d55a8p,1,images/d55a8p.jpg
6651,this little guy looks like hes worried about the box im going to mount on his face,7ob710,0,images/7ob710.jpg
6652,boy in fear of urukhai,1kpnm5,1,images/1kpnm5.jpg
6653,william calls for ethical stance on dprinting human bodies,2y4urx,1,images/2y4urx.jpg
6654,this smokers station disapproves of your life choices,2qzm26,0,images/2qzm26.jpg
6655,deputy helped cover up bizarre murder plot sheriffs office says,69lhri,1,images/69lhri.jpg
6656,a cat guarding her first and only butthole,938mrh,0,images/938mrh.jpg
6657,scottish anti smoking ad also contains first tv role of david tennant video drug war health,223nr5,0,images/223nr5.jpg
6658,you gloating at me bro,8kufj0,0,images/8kufj0.jpg
6659,then she said this not my money goes to my friends and i did it so much,5y44hc,0,images/5y44hc.jpg
6660,supreme court strikes blow against states that raise revenue by hefty fines forfeitures,asqhvm,1,images/asqhvm.jpg
6661,what else could this tattoo be,w2u2t,1,images/w2u2t.jpg
6662,request a pomegranate,7poart,0,images/7poart.jpg
6663,afterimage by the starewells,6oip0k,0,images/6oip0k.jpg
6664,dead rodents,3e4zzh,0,images/3e4zzh.jpg
6665,my nanas giant sunflower,9cezrz,1,images/9cezrz.jpg
6666,thai police charge two eightyearold girls who tore down pink lists,4v05pj,1,images/4v05pj.jpg
6667,in oslo there is areas with a so much bicycle traffic they had to make a roundabout for them,brrooa,1,images/brrooa.jpg
6668,sky tree,9p2c2c,0,images/9p2c2c.jpg
6669,guide for the perfect amount of drink and ice,ayigh7,1,images/ayigh7.jpg
6670,this gray cat,58aemr,1,images/58aemr.jpg
6671,lebron james meets kate and william,2osbgo,1,images/2osbgo.jpg
6672,new zealand hotel bans cyclists in lycra to cut out bulges at breakfast,4evu44,1,images/4evu44.jpg
6673,oc i made dwight schrute from polymer clay,buknnv,1,images/buknnv.jpg
6674,fundamentalist christiananticommunist if footmen tire you what will horses do,2pq01d,0,images/2pq01d.jpg
6675,company lightens minumum wage hell with compulsory christmas hats,3x4s0u,0,images/3x4s0u.jpg
6676,american trumpeting trump is the wrestler mexico loves to hate,5uiexr,1,images/5uiexr.jpg
6677,day timelapse of an infinite road,7i4xv5,0,images/7i4xv5.jpg
6678,saw this alien in a madison airport bathroom stall,8xu8vj,0,images/8xu8vj.jpg
6679,white house admits trumps infrastructure promise isnt happening,8igqj1,1,images/8igqj1.jpg
6680,family pet helps find missing woman,3p78z9,1,images/3p78z9.jpg
6681,nyet to the space shuttle,jbhyr,0,images/jbhyr.jpg
6682,it even has eyelashes ceiling of a bus,8ps6bs,0,images/8ps6bs.jpg
6683,accessibility ftw tic tac is making its breath mints times larger for the visually impaired,6e12ua,0,images/6e12ua.jpg
6684,john woodcock go bankrupt,2sg2i6,0,images/2sg2i6.jpg
6685,surprised building,3ankdu,0,images/3ankdu.jpg
6686,closeup of an eye,3utfah,0,images/3utfah.jpg
6687,penguin posing for the camera,5ncsf3,1,images/5ncsf3.jpg
6688,calling eucharist haunted bread not sacrilegious says rte,5uz86q,1,images/5uz86q.jpg
6689,tokyo tower japan,3cdtpw,1,images/3cdtpw.jpg
6690,zaandam,3q0ysj,1,images/3q0ysj.jpg
6691,the way the rust covers half of this fence,cvto4g,1,images/cvto4g.jpg
6692,a bunch of worms that got washed up on the side of the road,b5fo8t,1,images/b5fo8t.jpg
6693,abercrombie for the homeless,1ebyt3,1,images/1ebyt3.jpg
6694,leopard after lunch in the south african bush taken with a mm lens just to be safe,7mq5u6,1,images/7mq5u6.jpg
6695,this take bar in africa is nothing like the one in the us,atvsly,1,images/atvsly.jpg
6696,mitt romneys holiday family photo,7nrtb4,1,images/7nrtb4.jpg
6697,mustachioed moon,4vz0sw,1,images/4vz0sw.jpg
6698,knockoffs and real,c5fw5s,1,images/c5fw5s.jpg
6699,steps that count themselves for you at each landing and tell you how many feet youve climbed as well,dkxegv,1,images/dkxegv.jpg
6700,i found a huge water bottle,d6mxv7,1,images/d6mxv7.jpg
6701,maultasche brothers and sisters in christ,6avntc,0,images/6avntc.jpg
6702,fbi most wanted murder suspect arrested in maryland after over years on the run,aysyj6,1,images/aysyj6.jpg
6703,little girl survives days in siberian forest,2dhk2i,1,images/2dhk2i.jpg
6704,waukesha woman stripped of teaching job now a pole dance champ,3f83y4,1,images/3f83y4.jpg
6705,this bitcoin atm at my local corner store,crcyj7,1,images/crcyj7.jpg
6706,this art piece at the art museum of gothenburg,bhd4y2,1,images/bhd4y2.jpg
6707,this overweight cat standing like a person,8dps13,1,images/8dps13.jpg
6708,celebs you didnt know passed away is shocking,47vjyx,0,images/47vjyx.jpg
6709,communicating in the first five years of my gay friends on the other hand,4x34rb,0,images/4x34rb.jpg
6710,sundance broken condom,cjr1ge,0,images/cjr1ge.jpg
6711,us bid to include mexico reform in nafta stalls telecom talks,7fv7re,1,images/7fv7re.jpg
6712,bethesda e presentation reveals they worked really hard on fallout so maybe everyone should stop being mean give it another shot,byxdmg,0,images/byxdmg.jpg
6713,my dad brought this back for me from china does anyone know what it means,dhjg0h,1,images/dhjg0h.jpg
6714,im as shocked as you are little one,brznzi,0,images/brznzi.jpg
6715,bullseye for binoculars wpa poster with instructions for loaning binoculars to the us navy between and wwii,1en0jt,0,images/1en0jt.jpg
6716,naked and afraid s e contestant is using jeans as pillow they arent supposed to have any clothing,cijja5,1,images/cijja5.jpg
6717,conan obrien waiting for the bus,3cccl5,1,images/3cccl5.jpg
6718,fountain at my local gym,de85ep,1,images/de85ep.jpg
6719,we asked alexa to list trumps lies chaos ensued,bd896a,0,images/bd896a.jpg
6720,georgschramm systematische volksverdummung durch die medien,3kab5f,0,images/3kab5f.jpg
6721,kinect advertisement,1hmpuq,1,images/1hmpuq.jpg
6722,tillerson plans to skip nato meeting visit russia in sources,60kqzs,1,images/60kqzs.jpg
6723,nip slip,2waafj,0,images/2waafj.jpg
6724,something definitely went down in that elevator,2o2d8z,0,images/2o2d8z.jpg
6725,amsterdam airport mens room is open to the tarmac,bt6ilr,1,images/bt6ilr.jpg
6726,hs receiver born with hand breaks school record for receiving yards,3l6iqt,1,images/3l6iqt.jpg
6727,this cool vintage polaroid,dhf0z7,1,images/dhf0z7.jpg
6728,regular change since january left vs every coin i found on the ground since january right,bgnub7,1,images/bgnub7.jpg
6729,this d bumble bee,cqps8o,1,images/cqps8o.jpg
6730,corinthians help,866z1k,0,images/866z1k.jpg
6731,found this gravestone in a grave yard that just says f,cohr11,1,images/cohr11.jpg
6732,ufc fighters robbie lawler rory macdonald after their brutal fight,3czmde,1,images/3czmde.jpg
6733,this perfectly spread duo penotti sort of nutella but with milk and white chocolate together in a jar,bvjjwc,1,images/bvjjwc.jpg
6734,jim carreys daughter was adorable but now she looks insane,6cl9jc,0,images/6cl9jc.jpg
6735,childrens hospital of colorado hosts prom for patients,39t38y,1,images/39t38y.jpg
6736,this design that the lampshade puts on the wall looks d,9io8a5,1,images/9io8a5.jpg
6737,this irregular egg my chicken laid today,c3y9kz,1,images/c3y9kz.jpg
6738,theres already a game too big for the nintendo switchs builtin memory,5vozzk,0,images/5vozzk.jpg
6739,this tree is growing over the stump of another tree,c6miy5,1,images/c6miy5.jpg
6740,stephen miller palms ice agent bill in exchange for a little alone time with detained migrants,bezz6f,0,images/bezz6f.jpg
6741,found a gummy bear in this packet of fruit snacks,d66qn7,1,images/d66qn7.jpg
6742,basketball player reacts to made shot,7kqmg5,1,images/7kqmg5.jpg
6743,this fella turned the lights on for me,79b5gq,0,images/79b5gq.jpg
6744,some white supremacists planted easter eggs with racist messages in them,23nged,1,images/23nged.jpg
6745,no novelties ddaronn,8pz5bc,0,images/8pz5bc.jpg
6746,this sequential total,cyrjd9,1,images/cyrjd9.jpg
6747,nsfw daphne getting ready for bed in a haunted house nsfw,3z0rki,1,images/3z0rki.jpg
6748,star activity youre right xprogrock,2t95mh,0,images/2t95mh.jpg
6749,did trump commit obstruction jeb bush no but who cares what i think,6h4j23,1,images/6h4j23.jpg
6750,my light looks like a u bomber accidentally my favourite plane,cm0zju,1,images/cm0zju.jpg
6751,study finds expressing anger in unhealthy ways actually incredibly satisfying,6uc3x5,0,images/6uc3x5.jpg
6752,the great american eclipse is coming,3i9owx,1,images/3i9owx.jpg
6753,the way how these guys at a gay pride event dress in the same way,c6qlcj,1,images/c6qlcj.jpg
6754,someone spooked the herd,4dyztd,0,images/4dyztd.jpg
6755,worlds first plantable coffee cup contains local seeds to repopulate nature,2y21qd,1,images/2y21qd.jpg
6756,an ostrich eating cereal,2cm6ow,1,images/2cm6ow.jpg
6757,guys look at my new fleshlight i cant wait to warm it up,2y1q0s,0,images/2y1q0s.jpg
6758,mushroom cloud after megaton hydrogen bomb test,7hdqhq,0,images/7hdqhq.jpg
6759,what needs to be a big guy,575hfv,0,images/575hfv.jpg
6760,dunn nc city attorney saggy pants ban is unconstitutional,zudn0,1,images/zudn0.jpg
6761,some unknown random person put this paper flower on my bike in berlin,c2uio7,1,images/c2uio7.jpg
6762,a dalmatian enjoying a giant bowl of cookies and cream ice cream,bcormc,0,images/bcormc.jpg
6763,russian chess grandmaster alexander grischuk plays a robot,1rlc0w,1,images/1rlc0w.jpg
6764,freed egyptian american prisoner returns home following trump intervention,66sd84,1,images/66sd84.jpg
6765,an unflattering photo of a cat,77m8wg,1,images/77m8wg.jpg
6766,this remote has separate on and off buttons,bvwkdt,1,images/bvwkdt.jpg
6767,south of chicago midway,9dcsqv,1,images/9dcsqv.jpg
6768,clack clack clack mei thought she was here so i can handle four tabs,5zk719,0,images/5zk719.jpg
6769,in canada we use old hockey pucks as door stops,bv9u9g,1,images/bv9u9g.jpg
6770,explosion in st petersburg russia kills as vladimir putin visits,63h61c,1,images/63h61c.jpg
6771,a portrait of the white house and its culture of dishonesty,bezi9o,1,images/bezi9o.jpg
6772,chinese hackers break into the fbi database shangai,607b9j,0,images/607b9j.jpg
6773,legend has it nobodys ever made for my niece at a gig for the pan am games performance,3fw8op,0,images/3fw8op.jpg
6774,foggy bridge northern ontario,3se9y9,1,images/3se9y9.jpg
6775,multicolor pool table or reflection,9hh6fy,0,images/9hh6fy.jpg
6776,had a little too much fun on nye,5lindh,0,images/5lindh.jpg
6777,plane crashes after crocodile escapes causes panic,19bh45,1,images/19bh45.jpg
6778,unfortunate cookie,c3cxob,1,images/c3cxob.jpg
6779,enlistment posters published on behalf of the british in hebrew in palestine during wwii,12tju2,0,images/12tju2.jpg
6780,the chimney blew up and created a crater in my patio at the same bbq we found a piece of chicken that is shaped like texas,btewhq,1,images/btewhq.jpg
6781,this is partially why they do not undergo the series of smelly experiments suggests rats are capable of squirting streams of water compensating for refraction,7v6l0h,0,images/7v6l0h.jpg
6782,west region cameroon identify but not emotionally,2sfwck,0,images/2sfwck.jpg
6783,stoned love why tracey emin married a rock,4bhm1x,1,images/4bhm1x.jpg
6784,flustered mathematician unable to recommend good number,7y6vp3,0,images/7y6vp3.jpg
6785,glory to stalins aviation ussr,cgapjd,0,images/cgapjd.jpg
6786,foottall festivus pole made from pabst beer cans erected feet from florida nativity scene,14ii48,1,images/14ii48.jpg
6787,face curtain theres a few,avmdsh,1,images/avmdsh.jpg
6788,heart shaped strawberry,by7fza,1,images/by7fza.jpg
6789,the way the lime in my drink has regrouped after being sliced,c8rdcq,1,images/c8rdcq.jpg
6790,hurtling toward disaster the book catapult bookstore was rescued by its competitors,at5x0j,1,images/at5x0j.jpg
6791,two players celebrating a title win,6ce4l1,1,images/6ce4l1.jpg
6792,texas approves billion dollar deal for teacher raises,bsdtqe,1,images/bsdtqe.jpg
6793,pope francis says he would definitely baptize aliens if they asked him to,25fdau,1,images/25fdau.jpg
6794,national park service dont try to pet bison,cob5is,1,images/cob5is.jpg
6795,clayton kershaw pitching to jose altuve world series,78sic7,0,images/78sic7.jpg
6796,one leaping dog,4sstyc,1,images/4sstyc.jpg
6797,joe biden tells stunned rallygoers a story about eating a baby,dbyg6c,0,images/dbyg6c.jpg
6798,this building is always snubbing me when i go to get groceries,1hqcd2,0,images/1hqcd2.jpg
6799,only the stars are neutral american wwii poster based on the title of a book quentin reynolds,1b1emo,0,images/1b1emo.jpg
6800,cheeky old soviet truck abandoned in chernobyl,5isdi2,0,images/5isdi2.jpg
6801,these branches grew into the power lines they were dealt with accordingly,bcghek,1,images/bcghek.jpg
6802,does the instant pot kill nutrients in your food,buvor5,0,images/buvor5.jpg
6803,the trench run hong kong x photo by peter stewart,2padxy,1,images/2padxy.jpg
6804,this giant lightbulb in the bathroom of my new house,dfm2wa,1,images/dfm2wa.jpg
6805,triumphant man and his noodle,2khn9t,1,images/2khn9t.jpg
6806,uk negotiating brexit deal with the eu circa,960o0u,0,images/960o0u.jpg
6807,watch what happens when you try to steal a rolls royces hood ornament,4xo9bv,0,images/4xo9bv.jpg
6808,taiwan loses another diplomatic ally as the dominican republic establishes diplomatic relations with the prc,8gdpgs,1,images/8gdpgs.jpg
6809,king crimson incline,d7igah,0,images/d7igah.jpg
6810,nfl players kneel during the national anthem in protest,787804,0,images/787804.jpg
6811,concorde could fly again as congress targets supersonic ban,9fk2lu,1,images/9fk2lu.jpg
6812,full gradient of opinions,b3xiyv,1,images/b3xiyv.jpg
6813,a very angry fan,7r6zxx,0,images/7r6zxx.jpg
6814,the chicago river is dyed green for saint patricks day,b25zje,0,images/b25zje.jpg
6815,peta claims that chicken wings will give you a small penis,1l766z,1,images/1l766z.jpg
6816,white supremacist declares skin colour,6xx7g5,0,images/6xx7g5.jpg
6817,innocent victim of the braunschweig firebombing,6f9h9q,0,images/6f9h9q.jpg
6818,these black calla lilies in my parents yard,bhsuh9,1,images/bhsuh9.jpg
6819,this log looks like a sand dollar,9k3k55,1,images/9k3k55.jpg
6820,what did i say something shocking,9a7buh,0,images/9a7buh.jpg
6821,i made a nail at my kids cub scout camp oc,ch0hpu,1,images/ch0hpu.jpg
6822,that tree had a peaceful life until it all went sideways,clxjcu,1,images/clxjcu.jpg
6823,meet baron von boosty this is how he chooses to sleep,14z1nn,1,images/14z1nn.jpg
6824,florida man was creating weapon of mass destruction police say,7cw50t,1,images/7cw50t.jpg
6825,scipios response to hannibals request for the romans to surrender bce,bigy45,0,images/bigy45.jpg
6826,judicial system gives a therapeutic riding center a second chance,6ors3r,1,images/6ors3r.jpg
6827,epa makes it official sends million to michigan for flint water crisis,5zzhx5,1,images/5zzhx5.jpg
6828,venezuela confiscates nearly million toys,5hp9yi,1,images/5hp9yi.jpg
6829,this spot of dried saltwater on my tiles that looks like a penguin floating past the moon,azchjh,1,images/azchjh.jpg
6830,i met the new ferrari,3bp10f,0,images/3bp10f.jpg
6831,the train from copenhagen to hamburg goes on the ferry,9ddjl8,1,images/9ddjl8.jpg
6832,david ortiz writein vote leader for boston mayoral election,1q63hp,1,images/1q63hp.jpg
6833,this wasp i took a picture of just as it began to take flight,9ff40y,1,images/9ff40y.jpg
6834,chopping veggies,arpfxv,0,images/arpfxv.jpg
6835,request i wanna see what you guys got on this,bwysvu,0,images/bwysvu.jpg
6836,it is always special to see in minesweeper,cnoyla,1,images/cnoyla.jpg
6837,the samsung ss is released circa,bsbb4d,0,images/bsbb4d.jpg
6838,kitten excited to walk on her leash,706bhy,1,images/706bhy.jpg
6839,this tiny pumpkin i found in a pumpkin patch yesterday,dfjctk,1,images/dfjctk.jpg
6840,jesse james and robert ford,3nd6uj,1,images/3nd6uj.jpg
6841,fake news,5x64sk,0,images/5x64sk.jpg
6842,dragon eye,7wrn4h,0,images/7wrn4h.jpg
6843,woman gets college degree online with a perfect gpa,4sied3,1,images/4sied3.jpg
6844,a friend in need is a friend indeed,1gnq1v,1,images/1gnq1v.jpg
6845,pareidolia at work,12rsro,0,images/12rsro.jpg
6846,hitler youth members performing the nazi salute at a rally at the lustgarten in berlin,8iy9zk,0,images/8iy9zk.jpg
6847,these poor logs what have i done,3cyevm,0,images/3cyevm.jpg
6848,new us supercomputer uses gallons of water a minute as a circulatory system to cool its processors,8pvjeb,0,images/8pvjeb.jpg
6849,this wall in a bathroom that trucks your eyes,cyxn7l,1,images/cyxn7l.jpg
6850,send more men canadian world war i poster ish x,182apr,0,images/182apr.jpg
6851,rare cave painting of fire being discovered created circa years ago,849ija,0,images/849ija.jpg
6852,these came from different cases and they have slightly different colouring,d5sic3,1,images/d5sic3.jpg
6853,how does milk tea freeze itself in an ice cube,c10aw8,1,images/c10aw8.jpg
6854,a member of seal team minutes before the killing of osama bin laden,70bz9b,0,images/70bz9b.jpg
6855,reports us intercepted calls between trump campaign staff and russian intelligence,5u83x3,1,images/5u83x3.jpg
6856,i wood not be happy either,arygrb,0,images/arygrb.jpg
6857,paper panic,79wa53,0,images/79wa53.jpg
6858,high school senior buys bus fills it with school supplies to deliver to students in a very poor mexican village,dh5j1q,1,images/dh5j1q.jpg
6859,i even made it easy for you guys,rorec,1,images/rorec.jpg
6860,this flower pedal on the floor of my apartment elevator looks like the profile of a horse,btrsmy,1,images/btrsmy.jpg
6861,interview with guy who gave shirt and hat to a homeless guy on the subway,40knd7,1,images/40knd7.jpg
6862,look at all those stingrays,bhd0ur,0,images/bhd0ur.jpg
6863,apples sim card ejector has china engraved on the side barely noticeable,bykj7g,1,images/bykj7g.jpg
6864,a bus stop made from an old school bus,bn2dph,1,images/bn2dph.jpg
6865,vitamin d heals damaged hearts,4decvb,1,images/4decvb.jpg
6866,daisy the dog with her detective themed barkbox,4bgs6y,1,images/4bgs6y.jpg
6867,antiextremism strategy reports rise in farright supporters,5kjdyx,1,images/5kjdyx.jpg
6868,federal court rules no backsies on butt dials,3e7k1l,1,images/3e7k1l.jpg
6869,unpacking the mona lisa after world war,chmex7,1,images/chmex7.jpg
6870,ohio makes shelter pets the official state pet to raise awareness about animal adoption,b5mlxr,1,images/b5mlxr.jpg
6871,man cuddles up next to his husbands giant black dick,879klr,0,images/879klr.jpg
6872,frogchopper,cljckg,0,images/cljckg.jpg
6873,man on the moon a closeup i took of some craters on the moon from my front yard,9brbv4,0,images/9brbv4.jpg
6874,tanning mom mitt romneys tan is so fake thats way too orange,10e8hl,1,images/10e8hl.jpg
6875,this grocery bag looks a little bit like et when they try to disguise then as a human,cc7vcq,1,images/cc7vcq.jpg
6876,epoxy resin being mixed looks like a based stickman combat video to go along with it enjoy,c988vk,0,images/c988vk.jpg
6877,being drunk is no excuse australian prime minister criticizes farright party over gun lobby recording party members said they were drunk when they asked the us gun lobby for money,b6bn9u,1,images/b6bn9u.jpg
6878,somethings afoot in whitley bay near newcastle,bpojcv,1,images/bpojcv.jpg
6879,barnacles on the ocean floor,b1tff7,0,images/b1tff7.jpg
6880,new justin bieber murder plot revealed,1a8z9l,1,images/1a8z9l.jpg
6881,first aid instruction from,cpygpy,1,images/cpygpy.jpg
6882,obama official says mitch mcconnell watered down russia warning in,8202e8,1,images/8202e8.jpg
6883,this cat on a post,1ao2ef,1,images/1ao2ef.jpg
6884,the bodi tribe where men drink blood and milk ethiopia,czih9w,1,images/czih9w.jpg
6885,a lake in vietnam,6t7wi2,1,images/6t7wi2.jpg
6886,regrettable career choices,4e6iu5,0,images/4e6iu5.jpg
6887,todays date is and my reddit age is,dg7z3g,1,images/dg7z3g.jpg
6888,take your pick from the imgur staff photo,1kaotz,1,images/1kaotz.jpg
6889,imperial japanese army tests new helmet design,93c0xc,0,images/93c0xc.jpg
6890,i found this lighter with a built in bottle opener,b21tvd,1,images/b21tvd.jpg
6891,i guess usps trucks dont need license plates,9hkwhw,1,images/9hkwhw.jpg
6892,student sitting alone in class on senior skip day,1epuhl,1,images/1epuhl.jpg
6893,a cat and squirrel at a window,9621xq,1,images/9621xq.jpg
6894,when i post a gif in a box made to look like a kid again,7uypwe,0,images/7uypwe.jpg
6895,fly,350fc6,1,images/350fc6.jpg
6896,washington man first to buy legal weed in spokane is fired after spotted on news,2ab2tm,1,images/2ab2tm.jpg
6897,this amish teacher got a makeover and her modest appearance was totally transformed,8j8y1k,0,images/8j8y1k.jpg
6898,quit sticking your tongue out at me,80ms0y,0,images/80ms0y.jpg
6899,conveniently dead neon letters make a delicious coincidence,bfl9h5,1,images/bfl9h5.jpg
6900,nutsedge bulbs i pulled on them and it came up like this and yes i know the best way to get rid of them is to spray them,ch0stq,1,images/ch0stq.jpg
6901,really makes you think how intolerant the society of the past was,5fkmrd,0,images/5fkmrd.jpg
6902,adolf hitler violating the treaty of versailles,bkroam,0,images/bkroam.jpg
6903,kevin garnett slaps ryan anderson in face anderson called for foul,41vgdk,1,images/41vgdk.jpg
6904,this one legged runner in my facebook feed,cs1jup,0,images/cs1jup.jpg
6905,singer sasha gradiva at the grammy awards,3kqhdc,1,images/3kqhdc.jpg
6906,jerry beerstore lucky bastard ep,8dyzss,0,images/8dyzss.jpg
6907,this house has a face,bst794,1,images/bst794.jpg
6908,a bulge on a window in brussels belgium,cu6q84,1,images/cu6q84.jpg
6909,color degradation on box from sunlight exposure,cxpnbx,1,images/cxpnbx.jpg
6910,good morning young man,18a5ml,0,images/18a5ml.jpg
6911,elon musk unveils his childsized rescue submarine,a667yp,0,images/a667yp.jpg
6912,pge permanently de energizes the transmission line that sparked the camp fire,c2prv8,1,images/c2prv8.jpg
6913,nicki minajs mother credited the instilling of christian values in her daughter as the impetus for minajs success,29y80v,1,images/29y80v.jpg
6914,queen elizabeth i when philip ii tried to sail his warships through the channel c colourized,5tlhzf,0,images/5tlhzf.jpg
6915,this mcdonalds with a beige logo,d4sig3,1,images/d4sig3.jpg
6916,trump vows mass immigration arrests removals of millions of illegal aliens starting next week,c1yh1d,1,images/c1yh1d.jpg
6917,slain us family found in fuel tanks,985j94,1,images/985j94.jpg
6918,orange cat and himalayan cat pose,2lg5as,1,images/2lg5as.jpg
6919,this way to store your clothes at a museum,bc2q7c,1,images/bc2q7c.jpg
6920,carolina reaper in the devils pantry,9clf7n,0,images/9clf7n.jpg
6921,toronto,32gi0h,1,images/32gi0h.jpg
6922,the transfer of france in years nazi germany,besgzb,0,images/besgzb.jpg
6923,tiny lady with a toy gun,4vm6do,1,images/4vm6do.jpg
6924,my fireplace burned a whole underneath the metal frame thought i might share how it looked like,bfjyy1,1,images/bfjyy1.jpg
6925,katrina victim pays it forward food truck driver makes meal on i for floodstranded drivers,d7dx43,1,images/d7dx43.jpg
6926,i broke my left wrist pole vaulting and had to get a bone graft so it would heal properly now my hand naturally rests like this,axmfb2,1,images/axmfb2.jpg
6927,man surprised with lifechanging christmas gifts,3ybesc,1,images/3ybesc.jpg
6928,spiraling clouds,5gbhzm,1,images/5gbhzm.jpg
6929,the ice from our freezer perfectly fits into the new steam controller udpn circle of jagerbombs,4559q3,0,images/4559q3.jpg
6930,hes got half a brain,colqv4,0,images/colqv4.jpg
6931,the dust under my cpu fan,bi1qsm,1,images/bi1qsm.jpg
6932,momodath ae,87is0y,0,images/87is0y.jpg
6933,are you riding say you never ever leave from beside me,brr864,1,images/brr864.jpg
6934,my apartment key from when i lived in china looks like a screwdriver,dbktfs,1,images/dbktfs.jpg
6935,this avocado soap that is shaped to look like cheese,ddb042,1,images/ddb042.jpg
6936,shots fired at mammoth cave over an alleged bigfoot sighting,ck7a81,1,images/ck7a81.jpg
6937,matias psalms,7nh5z0,0,images/7nh5z0.jpg
6938,found my dads old blockbuster membership while digging through old things,b98ps3,1,images/b98ps3.jpg
6939,a raindrop that landed on my windshield looks like a snowman face,c8v8r8,1,images/c8v8r8.jpg
6940,ben stein apologizes profusely for being truthful about taxes on fox news,11qzn0,1,images/11qzn0.jpg
6941,cannibalistic blueberry danish,5fciqw,0,images/5fciqw.jpg
6942,saw this helpful diagram in a cross walk,c82qch,1,images/c82qch.jpg
6943,floral tablecloth looks like a sloth,3yik3d,0,images/3yik3d.jpg
6944,told you not to take the yellow pill,9k2jw5,0,images/9k2jw5.jpg
6945,i broke off a piece from my sucker and now it looks like pacman,9k9e8c,1,images/9k9e8c.jpg
6946,drug trafficking cases reported in yunnan city bra bust,2iqvdh,1,images/2iqvdh.jpg
6947,strangers living a mile apart in fishers discover theyre sisters from als patient fundraiser page,5x2saf,1,images/5x2saf.jpg
6948,baby sleeping peacefuly,65zk5z,0,images/65zk5z.jpg
6949,dat face,1t9lej,1,images/1t9lej.jpg
6950,when ppl move out of our complex they always leave a pile of free movingout stuff by the dumpster,byi3vo,1,images/byi3vo.jpg
6951,this familys llama themed holiday photo,7j21fj,1,images/7j21fj.jpg
6952,foundation of the kkk,c7pbfi,0,images/c7pbfi.jpg
6953,divers set world record for cleaning debris from ocean floor,c1lzm4,1,images/c1lzm4.jpg
6954,a viet cong soldier after wiping out a whole platoon,bsacj9,0,images/bsacj9.jpg
6955,grandma in nursing home starts adorable little sexual relationship,3x3hqz,0,images/3x3hqz.jpg
6956,democratic debates day andrew yang won the night castro shined biden and harris didnt perform well,ckzzax,1,images/ckzzax.jpg
6957,earths successful completion of orbit around sun inspires woman to reflect on eating habits,7nfqs1,0,images/7nfqs1.jpg
6958,osaka train seats have this pattern to remind you to offer your seat up to people that need it more,b9eoef,1,images/b9eoef.jpg
6959,ali knockout,4ejhae,0,images/4ejhae.jpg
6960,inmate helps blind dog find new leash on life,2q2h5t,1,images/2q2h5t.jpg
6961,this drink stain looks like a crying face taken at the war museum hanoi vietnam,1lwx4e,0,images/1lwx4e.jpg
6962,jumping gazelle,4kxd99,1,images/4kxd99.jpg
6963,hitlers home town of braunau am inn austria,ad9j2b,0,images/ad9j2b.jpg
6964,happy dog,3exig7,1,images/3exig7.jpg
6965,the perfect mcwrap,c6qbp4,1,images/c6qbp4.jpg
6966,north koreas display of new missiles is worrying analysts say,65lr9v,1,images/65lr9v.jpg
6967,happy fall,68h0nr,1,images/68h0nr.jpg
6968,looks like im due for an oil change on st,bwihux,1,images/bwihux.jpg
6969,this cat in a sock,6ozpmv,1,images/6ozpmv.jpg
6970,young astronauts,515i3d,1,images/515i3d.jpg
6971,feed me wires,p3xmt,0,images/p3xmt.jpg
6972,my cabinets look zen,2sp75u,0,images/2sp75u.jpg
6973,this cyclopsy tree,dks68m,1,images/dks68m.jpg
6974,rcanada mod meetup apparently,9e2omv,0,images/9e2omv.jpg
6975,robert downey jr holding a kitten,7g8vvl,1,images/7g8vvl.jpg
6976,fluorescent light start up,b2n2v8,0,images/b2n2v8.jpg
6977,sydneys victor chang cardiac research institute pioneers breakthrough that could prevent thousands of miscarriages,6upcnj,1,images/6upcnj.jpg
6978,donald trump on a possible bid for the presidency of the united states,8ug9kf,0,images/8ug9kf.jpg
6979,my cat was sitting under my desk,d20wrt,1,images/d20wrt.jpg
6980,martin shkreli upon receiving his years sentence leaked confidential photo,83ei45,0,images/83ei45.jpg
6981,our toilet is a frog monster,1gc1wu,0,images/1gc1wu.jpg
6982,a sign outside a church,cs8jn4,1,images/cs8jn4.jpg
6983,glaucus atlanticus the blue dragon sea slug,427dmw,1,images/427dmw.jpg
6984,girl denied a horse is udderly charmed by bareback cow jumping instead,5kx1so,1,images/5kx1so.jpg
6985,this tree is always watching,azmi92,0,images/azmi92.jpg
6986,cleaning the garage and this goofy bastard just stared,1u43ko,0,images/1u43ko.jpg
6987,this jam stain that looks like a dog,bg2x1q,1,images/bg2x1q.jpg
6988,republicans admit that ceos and donors really need the tax cut bill to pass or else,7c4w92,1,images/7c4w92.jpg
6989,the conscientious objector at the front,4735qf,0,images/4735qf.jpg
6990,gnome with an attitude,5lzk9p,1,images/5lzk9p.jpg
6991,there is a new snack in town,9k7e8c,1,images/9k7e8c.jpg
6992,us lawmakers act to protect civil servants from shutdowns,baun9q,1,images/baun9q.jpg
6993,jeff sessions,7eorxm,1,images/7eorxm.jpg
6994,my grand grand grand grand grand mother who passed away over years ago,ci9o1b,1,images/ci9o1b.jpg
6995,graceful floating soccer player,2i91bu,1,images/2i91bu.jpg
6996,a slightly less athletic jackie chan,5a63es,1,images/5a63es.jpg
6997,i got this food tube stuck on my penis not really nsfw,8f97qw,0,images/8f97qw.jpg
6998,the ombudsmen day in day out,7vkn7n,0,images/7vkn7n.jpg
6999,this sign in front of a upscale barbershop,coa1gx,1,images/coa1gx.jpg
7000,baltimore officer acquitted of all charges in freddie gray case,4ph5fl,1,images/4ph5fl.jpg
7001,intel cto justin rattner looks at a wafer,1hqejk,1,images/1hqejk.jpg
7002,aaron rodgers denounces antiislamic fan who ruined moment of silence at packers game,3sypzb,1,images/3sypzb.jpg
7003,my cookware all decided to smile for their family photo,840ses,0,images/840ses.jpg
7004,sneakers like these looking for an affordable suede chelsea boot alternatives,53g2cu,0,images/53g2cu.jpg
7005,this pepsi truck with a pep licence plate,9ihh90,1,images/9ihh90.jpg
7006,the way you can tell which cards are used for euchre by how they wear faster,bxnzqv,1,images/bxnzqv.jpg
7007,man receives year prison sentence promptly slugs lawyer in the face,113clc,1,images/113clc.jpg
7008,he killed fitty men,90r539,0,images/90r539.jpg
7009,judge orders accounting firm to hand over trumps records to congress,br5olp,1,images/br5olp.jpg
7010,the corgi raced out warp speed at the edge of the door,6kjrsw,0,images/6kjrsw.jpg
7011,olympic diver mid somersault,1t4dn5,1,images/1t4dn5.jpg
7012,receptionist not too happy when wwe wrestler brings homeless people to dinner what does he do he comes back the next time with an even bigger group,6903xq,1,images/6903xq.jpg
7013,who will be the next queen why kate middleton wont take the throne next,5l2de5,0,images/5l2de5.jpg
7014,snapchat ghost spotted while cleaning the bathrooms,97x7c9,0,images/97x7c9.jpg
7015,on my record,bgcv5q,1,images/bgcv5q.jpg
7016,amanda bynes court photo,1ezp3j,1,images/1ezp3j.jpg
7017,standing next to a food delivery robot,cyp2e1,1,images/cyp2e1.jpg
7018,baseball player getting hit in the junk,224qt9,1,images/224qt9.jpg
7019,what a happy little lotto machine,8bux2y,0,images/8bux2y.jpg
7020,this picture of gandalf,czi3sa,1,images/czi3sa.jpg
7021,how fx became tvs best most reliable network,52vkmo,0,images/52vkmo.jpg
7022,one girl jumping on the beach and one girl dead at her feet,2h3810,1,images/2h3810.jpg
7023,rc cola celebrates th purchase,4j582r,0,images/4j582r.jpg
7024,a pringles vending machine,cysa1v,1,images/cysa1v.jpg
7025,gm offers gift cards as bait for owners to get recalled cars fixed,2lhzzh,1,images/2lhzzh.jpg
7026,knights watching a tennis match,36s8v9,0,images/36s8v9.jpg
7027,hur dur like my teef,1opovq,0,images/1opovq.jpg
7028,a couple of ottawa senators celebrate,1olcpp,1,images/1olcpp.jpg
7029,the way the flowers are setup,cvbhvv,1,images/cvbhvv.jpg
7030,happy thermostat,91m1jd,0,images/91m1jd.jpg
7031,chocolate mousse couldnt wait to be unwrapped,4h0w8h,0,images/4h0w8h.jpg
7032,cops always touch a cars taillight after pulling it over heres the interesting reason why,60gnxz,0,images/60gnxz.jpg
7033,my friends toilet is freaking out,9etukg,0,images/9etukg.jpg
7034,saw this happy guy while helping my sister move,1qsfnt,0,images/1qsfnt.jpg
7035,early american iddog tag found in my grandmothers belongings after her death,cnvjap,1,images/cnvjap.jpg
7036,plastic in the ocean,dhfdpx,0,images/dhfdpx.jpg
7037,napoleon recieving first communication from thomas jefferson regarding the louisiana territory circa,bgzh7e,0,images/bgzh7e.jpg
7038,this and thatexcess random album contest,be1pd4,0,images/be1pd4.jpg
7039,dont kill me please mr polar bear,10o5mb,0,images/10o5mb.jpg
7040,how would you like this wrapped john jonik political cartoon from early s,5re9s1,0,images/5re9s1.jpg
7041,cat sat on couch,5o16gb,1,images/5o16gb.jpg
7042,a free trade forecast lithograph with an unemployed couple discussing foreign goods they cant afford antifree trade,1irc8o,0,images/1irc8o.jpg
7043,report suggests russia tried to conceal airstrikes on syrian hospitals aleppos clinics were struck repeatedly times between and of,5txwt3,1,images/5txwt3.jpg
7044,when is a priest not a priest when hes molesting a child diocese says in defense of lawsuit,2746bq,1,images/2746bq.jpg
7045,woman denied haircut files human rights complaint,139zb4,1,images/139zb4.jpg
7046,this chair handle on my train looks like donald trump,bccp5l,1,images/bccp5l.jpg
7047,romanian nun helps jejus yemeni asylum seekers migrant families,8y9l5z,1,images/8y9l5z.jpg
7048,left the windows open during a blizzard,46aqz0,0,images/46aqz0.jpg
7049,i found this in the supermarket not mms but milk chocolate copycats,cf2xk3,1,images/cf2xk3.jpg
7050,she puts an onion in her sock the reason why is a fascinating trick that everyone should know,4m24tr,0,images/4m24tr.jpg
7051,papiss demba cisse celebrating a goal,15isr9,1,images/15isr9.jpg
7052,got the wifes bag to exactly lbs for check in at the airport,c94nkq,1,images/c94nkq.jpg
7053,dele alli celebrating,647ppn,1,images/647ppn.jpg
7054,utah jazz head coach ending the season,32rwop,1,images/32rwop.jpg
7055,man testing american football helmet bashing his head against a wall,1h4c0j,1,images/1h4c0j.jpg
7056,plight of the consumer renegade,856ony,0,images/856ony.jpg
7057,a happy family,b4ui2z,0,images/b4ui2z.jpg
7058,a door leading to no where at dennys,c3yts0,1,images/c3yts0.jpg
7059,giant avalanche goes through a car running a red light flips in the world narrow escape nonono noyes,8dshi6,0,images/8dshi6.jpg
7060,reform suffrage postcard,7i5r2j,0,images/7i5r2j.jpg
7061,found this happy falla on my fridge,7ws8nw,0,images/7ws8nw.jpg
7062,titanic survivor worlds most valuable biscuit up for auction,3nyxm8,1,images/3nyxm8.jpg
7063,white supremacist being interviewed shortly after martin luther kings iconic speech,9e5j32,0,images/9e5j32.jpg
7064,dog on fire hydrant,1fmly6,1,images/1fmly6.jpg
7065,im nobodys hero,4pq5lq,0,images/4pq5lq.jpg
7066,trump asked two top intelligence officials to deny russia collusion washington post,6cr680,1,images/6cr680.jpg
7067,you wont believe what he got pierced,5ix0ee,0,images/5ix0ee.jpg
7068,this old wallet i found on attic from west side of the wall,cja8ol,1,images/cja8ol.jpg
7069,dna test confirms subway chicken only poultry,5x3vh9,0,images/5x3vh9.jpg
7070,this double bag of cheezits my friend got,boihvk,1,images/boihvk.jpg
7071,university of texas,5hudbb,0,images/5hudbb.jpg
7072,request stained glass kaleidoscope not oc,84gv9m,0,images/84gv9m.jpg
7073,tamera all we can do is guard,6b03r8,0,images/6b03r8.jpg
7074,miracle cat survives nine story fall with just a broken tooth and minor bruises,2dp5z4,1,images/2dp5z4.jpg
7075,this gas station right must have been bought out and didnt want to splurge for new signage,aytwre,1,images/aytwre.jpg
7076,how thin newspapers are now quarter for reference,dkxzqz,1,images/dkxzqz.jpg
7077,steve ballmer running,16b3d0,1,images/16b3d0.jpg
7078,this plastic wine glass melted to form a nearly perfect pitcher,cmfms3,1,images/cmfms3.jpg
7079,kaiji station good happy endings,2tj826,0,images/2tj826.jpg
7080,my hot shaft,cnftdo,0,images/cnftdo.jpg
7081,the way that this coolant doesnt flow over the marker,d2nfom,1,images/d2nfom.jpg
7082,trapezoid simulatorplanetary sublimation,cbdfwx,0,images/cbdfwx.jpg
7083,mug that holds its own spoon,d5u91r,1,images/d5u91r.jpg
7084,president trump claimed the stock market has added trillion in value since his election it hasnt,6lpgp5,1,images/6lpgp5.jpg
7085,this guy riding a skateboard,61ndxa,1,images/61ndxa.jpg
7086,patrick lalime has no beef with the hamburglar,2zv751,1,images/2zv751.jpg
7087,democrats push to make washington dc the fiftyfirst state,azlpb6,1,images/azlpb6.jpg
7088,the lines on an yearold recipe i had taped on the refrigerator are almost completely bleached from the sun,cijhej,1,images/cijhej.jpg
7089,just a dog checking the racing guide,33hk28,1,images/33hk28.jpg
7090,local fight with mexican cartel a small victory,1q80dh,1,images/1q80dh.jpg
7091,two hours of lightning,38rtbi,1,images/38rtbi.jpg
7092,missing cat reunited with owner after years,85voo7,1,images/85voo7.jpg
7093,the way the sun ray appears to becoming from the lighthouse painting at my school,bha2ml,1,images/bha2ml.jpg
7094,severe burn victims leg,5r6wr9,0,images/5r6wr9.jpg
7095,note to homeowners when ridding property of snakes dont set them ablaze,1cm5r8,1,images/1cm5r8.jpg
7096,this car that belongs to a roller rink in north carolina,c5xppy,1,images/c5xppy.jpg
7097,i found an ewok while editing,ulxwu,0,images/ulxwu.jpg
7098,just markiplier hangout out with his friends in disco clothes,5bca04,1,images/5bca04.jpg
7099,sudden burst of confidence not sure where the hell it came from either,7qk6na,0,images/7qk6na.jpg
7100,had to look for a while,97l2kb,0,images/97l2kb.jpg
7101,found this intact seahorse skeleton on the beach earlier,a2haxl,1,images/a2haxl.jpg
7102,this tree has grown around a grave stone,bq3ef7,1,images/bq3ef7.jpg
7103,this guy in the middle of a chipotle,bgx6i5,1,images/bgx6i5.jpg
7104,mexican leader gays cannot marry because they dont face each other during sex,1kmomb,1,images/1kmomb.jpg
7105,thomas jefferson kissing my house,42nw2l,0,images/42nw2l.jpg
7106,furious kitten,8g0leu,1,images/8g0leu.jpg
7107,sad bear that popped a pool,1m9ayz,1,images/1m9ayz.jpg
7108,why does pbs need a hour emergency response vehicle,czns8g,1,images/czns8g.jpg
7109,innovating for good this sanitation company will pick up your bottles and melt them down into glass blobs for the homeless,52wctw,0,images/52wctw.jpg
7110,quiktrip names man with downs who is a lifelong fan of the chain an honorary employee at stores newest location,21iiwi,1,images/21iiwi.jpg
7111,just captaining a boat while petting my cat nothing to see here,cciakd,0,images/cciakd.jpg
7112,police in manitoba pulled a woman over on valentines day for having a headlight out and gave her a rose instead of a ticket,462cah,1,images/462cah.jpg
7113,avengers infinity war,bl7g00,0,images/bl7g00.jpg
7114,man reacts to dinosaur skeletons,3az452,1,images/3az452.jpg
7115,celine dion visiting child at hospital,6vttod,1,images/6vttod.jpg
7116,after being caught at the border attempting to lead hundreds of fleeing indians into canada sitting bull performs one last ghost dance before surrendering to the us army and indian reservation life sitting bull was then shot times in the chest c,c8hiby,0,images/c8hiby.jpg
7117,never before seen image taken moments before osama bin ladens death c,820le7,0,images/820le7.jpg
7118,a woman has her hair blown by the wind during a snowstorm in quebec city,1u0k1e,1,images/1u0k1e.jpg
7119,signs in ireland demanding a break with english language publications x,31fzf9,0,images/31fzf9.jpg
7120,police warning dont open doors to any unfamiliar cattle,5v6s94,1,images/5v6s94.jpg
7121,volkan the intruder man in underpants partied in merkels jet,1kskp4,1,images/1kskp4.jpg
7122,us voting server in election security probe is mysteriously wiped,791674,1,images/791674.jpg
7123,chilly happy jeep,1zfzfq,0,images/1zfzfq.jpg
7124,mustache,7weasz,0,images/7weasz.jpg
7125,i sent my nintendo switch joycons to nintendo for repair and they sent them back with different color sl and sr buttons,cvu6f9,1,images/cvu6f9.jpg
7126,name of this medication for scratched cornea fml,b4gotw,1,images/b4gotw.jpg
7127,this road has no vibe,chxo1s,1,images/chxo1s.jpg
7128,iraq shut down its internet to prevent sixthgraders from cheating,4jqjws,1,images/4jqjws.jpg
7129,pills traces and wounds,by9mh5,0,images/by9mh5.jpg
7130,were not sure what is truly scary,da0sdp,0,images/da0sdp.jpg
7131,this girl looking at a beautiful work of art,2cqrj9,1,images/2cqrj9.jpg
7132,these lily pads,bsp3oh,1,images/bsp3oh.jpg
7133,the path into the army in the nytimes and the last time as wolverine,5qrvza,0,images/5qrvza.jpg
7134,a raw photo of a rioter looting an office during the la riots,6chzxl,0,images/6chzxl.jpg
7135,exclusive us offers to fund mexico heroin fight as output jumps us official,66rrqe,1,images/66rrqe.jpg
7136,pipeline proponents consider explosives in ocean to scare whales from potential oil slicks,29i0n5,1,images/29i0n5.jpg
7137,theres a reason why dustin doesnt have any teeth in stranger things,52zygz,0,images/52zygz.jpg
7138,what robert downey jr would look like today,4lq0o7,0,images/4lq0o7.jpg
7139,monkey with banana,6kfkkc,1,images/6kfkkc.jpg
7140,i took this photo late last night earwigs reclining on yellow flowers never seen anything like it,ci98d9,1,images/ci98d9.jpg
7141,grey pine needles,9c3c0b,0,images/9c3c0b.jpg
7142,harvey weinstein being publicly outed,93l2ky,0,images/93l2ky.jpg
7143,queen coris im also a client,54t0yk,0,images/54t0yk.jpg
7144,i spilled my noodles and they formed a pyramid,d8eghm,1,images/d8eghm.jpg
7145,feeling the power,8asecj,0,images/8asecj.jpg
7146,an awkwardly standing wolfdog,asoilr,1,images/asoilr.jpg
7147,to avoid trip with girlfriend travel agent sent hijack threat to airports,66ik7u,1,images/66ik7u.jpg
7148,not happy to be placed at the top of the mountain,1tn31h,0,images/1tn31h.jpg
7149,my tablecloth has a bald man with sunglasses,c5fgp5,0,images/c5fgp5.jpg
7150,charlie chaplin taking a break during the shoot of the kid,5svwta,0,images/5svwta.jpg
7151,my mechanic buried an avocado pit in our office plant and now a it looks like a little tree is sprouting,c0ou52,1,images/c0ou52.jpg
7152,in the center of a baby carrot lies a cylindrical core ofmore carrotand spikes,9bb2xc,1,images/9bb2xc.jpg
7153,warship in heavy seas,5w0qn6,0,images/5w0qn6.jpg
7154,found in revilbuildings,bvmufk,0,images/bvmufk.jpg
7155,andre de grasse and usain bolt after the m race at the rio olympics,4y0d4v,1,images/4y0d4v.jpg
7156,justin bieber assaults yearold during game of lazer tag,11kbl4,1,images/11kbl4.jpg
7157,first flower blooms of spring,bf37um,0,images/bf37um.jpg
7158,this peninsula looks like a whale,yasm4,0,images/yasm4.jpg
7159,i found a small makeshift hut somebody built in the woods near my house,c8csd6,1,images/c8csd6.jpg
7160,after falling off cliff man regrets chasing goat,28pgaq,1,images/28pgaq.jpg
7161,guinea pig in a bowl,dfc10k,1,images/dfc10k.jpg
7162,restroom in sf with a soap dispenser water faucet and hand dryer,db6sbr,1,images/db6sbr.jpg
7163,tree split by lightning,1onvtm,1,images/1onvtm.jpg
7164,this guy from runstirredpaint has seen better days,2qqn4t,0,images/2qqn4t.jpg
7165,chilled grapes are the best,24ibt9,0,images/24ibt9.jpg
7166,i really need to stop playing that game,brvzxa,0,images/brvzxa.jpg
7167,for three brothers texas pride means buying a ton truck on craigslist and helping their fellow texans,6xbkmo,1,images/6xbkmo.jpg
7168,do your part for the scp foundation modern,42prin,0,images/42prin.jpg
7169,gang rape defendant claims wind carried dna from beer can to condom,1fp1mo,1,images/1fp1mo.jpg
7170,babysitter young girls saved from burning car by good samaritan,5t7lgk,1,images/5t7lgk.jpg
7171,i saw a mini oil tanker,9h070b,1,images/9h070b.jpg
7172,we got her from the deepest pool in the glove box,484mml,0,images/484mml.jpg
7173,mercy crazy parade,9k9vqz,0,images/9k9vqz.jpg
7174,the back of this deodorant bottle looks like an astronauts helmet,arzyd1,1,images/arzyd1.jpg
7175,this iris is perfectly safe sealed and recently showered,bfd09h,1,images/bfd09h.jpg
7176,councilman reprimanded for calling friend gay in emergency alert,19py6q,1,images/19py6q.jpg
7177,found a working cigarette vending machine in pittsburgh,9fvsy5,1,images/9fvsy5.jpg
7178,i thought this would get me started on the way forward,4kgehd,0,images/4kgehd.jpg
7179,this cat with a lion wig,brhfl8,1,images/brhfl8.jpg
7180,discoveries after successful area raid,d73zxc,0,images/d73zxc.jpg
7181,hepatitis c is rapidly spreadingand baby boomers are most atrisk,6dxx3j,1,images/6dxx3j.jpg
7182,a herd of manatees,2f5lyq,1,images/2f5lyq.jpg
7183,my car safety thing melted at least hes happy about it,8dnif7,0,images/8dnif7.jpg
7184,i met a madagascar hissing beetle last week his name is frederic,c7is9l,1,images/c7is9l.jpg
7185,s michelin men,1y32oo,1,images/1y32oo.jpg
7186,jack faces the kraken,ck5acj4,0,images/ck5acj4.jpg
7187,saw this toilet in a restaurant cornwall uk was twinned with a latrine in afghanistan,b115ft,1,images/b115ft.jpg
7188,prancing donald glover,1aj6ci,1,images/1aj6ci.jpg
7189,went swimming in sedona and saw this up on a cliff it reminds me of a ferengi,8sb64m,0,images/8sb64m.jpg
7190,pouty backpack,4n18wh,0,images/4n18wh.jpg
7191,atlanta artist matthew terrell creates panels to block antigay slurs at pride events,dh038x,1,images/dh038x.jpg
7192,exclusive huckabee calls us abstention at unsc act of hate towards israel by obama administration video,5lzrju,1,images/5lzrju.jpg
7193,hawk surprised by bee,2klxup,1,images/2klxup.jpg
7194,police arrest captain america for texting teen girl photos of his penis,24oytm,1,images/24oytm.jpg
7195,a village bus shelter is being secretly decorated and furnished by an unknown person,5v504a,1,images/5v504a.jpg
7196,donald trump assumes the role of president of the united states from former president barack obama,5puye0,0,images/5puye0.jpg
7197,is it just me or does my space heater look like the robot from the jetsons,at8yro,1,images/at8yro.jpg
7198,this coffee shop puts a sticky cover on the lid of their cups when you order togo,9g2r70,1,images/9g2r70.jpg
7199,melissa mccarthy says her goodbyes to the world,51tdqn,0,images/51tdqn.jpg
7200,fossilized dinosaur bee honeycomb c,7lh0y9,0,images/7lh0y9.jpg
7201,let me flyyyy,1kmmtq,0,images/1kmmtq.jpg
7202,a snow bounding bulldog makes a windswept face,2ylsaz,1,images/2ylsaz.jpg
7203,found in a used book,cjrtix,1,images/cjrtix.jpg
7204,woman wanted for sex abuse after twerking on man in gas station,3s66ho,1,images/3s66ho.jpg
7205,vienna police fine man eur for loud belch,4768nh,1,images/4768nh.jpg
7206,carly fiorina promises to fight for whoever everyday americans are,3qptc0,0,images/3qptc0.jpg
7207,patriothole legal president donald john trump just proved hes got a heart of pure sweet chicken sauce by showing up to an elementary school and screaming amazon reviews of full metal jacket,7dlmvc,0,images/7dlmvc.jpg
7208,these euro banknotes in vienna,dhpxt2,1,images/dhpxt2.jpg
7209,undercover group exposes fairlife dairycocacola partner animal cruelty,bwyg45,1,images/bwyg45.jpg
7210,his brother is to the outcome of an american citizen his entire life,55lils,0,images/55lils.jpg
7211,irish priest trembles in fear after hearing the flight hes on has been high jacked th,5rulas,0,images/5rulas.jpg
7212,my shower head shows you how hot the water is how cold the water is and how perfect the water is,cm2tw9,1,images/cm2tw9.jpg
7213,red lips glasses,8gpwzf,0,images/8gpwzf.jpg
7214,scared and confused little girl oc,1enk8l,1,images/1enk8l.jpg
7215,brigade passenger seat,7coy5s,0,images/7coy5s.jpg
7216,tom cruise sitting in joyful anticipation,603t6a,1,images/603t6a.jpg
7217,meow remix kitty,6xc2fe,0,images/6xc2fe.jpg
7218,wonder how many times they replaced the sign before they gave up,cexmmy,1,images/cexmmy.jpg
7219,grant cambronbroken keys,8f4n1e,0,images/8f4n1e.jpg
7220,the body of this tiger makes it look like a fox with a massive head,8uw4nx,0,images/8uw4nx.jpg
7221,statue of liberty,4jlog1,0,images/4jlog1.jpg
7222,you can see the most used buttons by the fingerprints left on the microwave,bepr5u,1,images/bepr5u.jpg
7223,children dancing in lunch break hit with prosecution threat,1h4ud7,1,images/1h4ud7.jpg
7224,elevators th floor,673xq9,0,images/673xq9.jpg
7225,look at this happy face,47euwy,0,images/47euwy.jpg
7226,we get old together,mamys,1,images/mamys.jpg
7227,le profile,bajqbb,0,images/bajqbb.jpg
7228,this dog,28nitt,1,images/28nitt.jpg
7229,rural district i was eager,6u6e7y,0,images/6u6e7y.jpg
7230,keshia thomas drops racist with flying elbow attack c,8toh8c,0,images/8toh8c.jpg
7231,can i interest you in a tampon,84jl5d,0,images/84jl5d.jpg
7232,this cute and fuzzy moth i found at a badminton court,ceaqyv,1,images/ceaqyv.jpg
7233,this stain on my work clothes looks like a catloaf,c5wa8s,1,images/c5wa8s.jpg
7234,these blockades that look like some happy dudes,d3klxe,1,images/d3klxe.jpg
7235,man stole to pay for moms headstone sesame street party cops,277mwc,1,images/277mwc.jpg
7236,pokemon creators reveals why pokemon say their names aloud,6wuxji,0,images/6wuxji.jpg
7237,fig branch from neighboring tree fell and took root in the middle of this plum tree,bbugw7,1,images/bbugw7.jpg
7238,the top of a baby wipes boxit wants to eat butts,1ayfu6,0,images/1ayfu6.jpg
7239,to reduce smoking japanese company offers extra days off to workers who dont smoke,cggwq3,1,images/cggwq3.jpg
7240,world war one recruiting poster showing admiral david farragut giving his famous order,b1oiq5,0,images/b1oiq5.jpg
7241,teen shows true sportsmanship during high school cross country meet,1pp130,1,images/1pp130.jpg
7242,dog with surf board,3pu0f6,1,images/3pu0f6.jpg
7243,surprised,3378p5,0,images/3378p5.jpg
7244,last photo taken of muhammad ali with a lesbian fan before his death,bmcns4,0,images/bmcns4.jpg
7245,pit bull enthusiastically digging a hole,6cy9mk,1,images/6cy9mk.jpg
7246,hazel cold,7j28rr,0,images/7j28rr.jpg
7247,nuclear attack on hiroshima,8e5881,0,images/8e5881.jpg
7248,anyone else seeing goatse here,992wpr,0,images/992wpr.jpg
7249,sudetenland is free postcard praising the rattachment to germany of the sudetenland saarland and austria karlsbad nazi germany now karlovy vary czech republic,9k6fel,0,images/9k6fel.jpg
7250,old medical photo of somebodys perineum,d516d4,0,images/d516d4.jpg
7251,two men embrace after narrowly surviving a fire bomb hamburg germany,91nzgr,0,images/91nzgr.jpg
7252,system mounted on a jetway via the big yellow ducts,ddolnjs,0,images/ddolnjs.jpg
7253,a chinese technology billionaire is offering the worlds most valuable education prize the yidan prize will award nearly m psm every year to two research projects that have the potential to transform global education,5oznaf,1,images/5oznaf.jpg
7254,drainpipe arms duel,5oxvft,1,images/5oxvft.jpg
7255,box is horrified my house appearance,c6qjil,0,images/c6qjil.jpg
7256,i met this guy at the gym,7dp07f,0,images/7dp07f.jpg
7257,this tiny fire hydrant at the park,cuy7g4,1,images/cuy7g4.jpg
7258,vermonts gop governor signs historic gun control bills,8bntib,1,images/8bntib.jpg
7259,im learning sprouting zoom in not little worms,b5zn7u,1,images/b5zn7u.jpg
7260,for the war loan german wwi poster c,byp4op,0,images/byp4op.jpg
7261,le baron delight,7a0ywm,0,images/7a0ywm.jpg
7262,i see a guitar,8uu62u,0,images/8uu62u.jpg
7263,this guy has been shouting at me all night,1rbm21,0,images/1rbm21.jpg
7264,my cat vomited onto my coin and i didnt notice until the next morning the coin is now stuck to the desk and the blue ring is actually xopper oxide,bsftbf,1,images/bsftbf.jpg
7265,many of your friends probably dont think youre friends study says,4jhdp4,1,images/4jhdp4.jpg
7266,where i living the local hospital is next to the graveyard,c5zahg,1,images/c5zahg.jpg
7267,study stephen colbert more effective than journalists at explaining campaign financing during last election cycle,278vlj,1,images/278vlj.jpg
7268,hands to the wall chile unveils tactile street art for the visually impaired,90d37f,1,images/90d37f.jpg
7269,my dishwasher doesnt have any external buttons or display when running the remaining time is projected onto the floor,cb153u,1,images/cb153u.jpg
7270,mods showing just how little they try on fools day,62rfut,0,images/62rfut.jpg
7271,suicidal skydivers leave me,781b8r,0,images/781b8r.jpg
7272,dave foley in costume for a sketch on the series premiere of kids in the hall,8g1yn4,0,images/8g1yn4.jpg
7273,north korea fires three ballistic missiles as g leaders meet in china,51bpdi,1,images/51bpdi.jpg
7274,racists claim napolitano is under jewish mind control after he says trump might be guilty,b7o0g7,0,images/b7o0g7.jpg
7275,miami marlins looking at eliminating unprofitable baseball wing of organization,bm7cyx,0,images/bm7cyx.jpg
7276,resist repression support the republican clubs irish republican early s,89xw91,0,images/89xw91.jpg
7277,port jervis teen steals construction machine tried to sell it on craigslist,26w9hr,1,images/26w9hr.jpg
7278,this written on the side of a toilet stall which is opposite a mirror so when you are looking in the mirror it appears the right way,chph2g,1,images/chph2g.jpg
7279,bar had psycho themed bathroom labels,ca5lan,1,images/ca5lan.jpg
7280,one seagull standing on top another seagull,baaxut,1,images/baaxut.jpg
7281,someones been less than truthful,31qjvf,0,images/31qjvf.jpg
7282,dicing some pickles this little guy appeared he seems very uneasy about his future,3yr0id,0,images/3yr0id.jpg
7283,this band plays on a stage of only square meter,d9ho9w,1,images/d9ho9w.jpg
7284,nara dreamland japan,3iedyx,1,images/3iedyx.jpg
7285,screaming soul trapped in my melting butter,3bbdc8,0,images/3bbdc8.jpg
7286,used to it noah,95r2rp,0,images/95r2rp.jpg
7287,in a first indias quarterly solar generation exceeds terawatthours,bq1b0x,1,images/bq1b0x.jpg
7288,a rare video of mario doing what he does when he isnt rescuing princess peach or plumbing singing in a rock band,770cdb,0,images/770cdb.jpg
7289,walmart cashier helps struggling man says weve forgotten how to love one another,7cwxj3,1,images/7cwxj3.jpg
7290,this outlet that is angry,7oj804,0,images/7oj804.jpg
7291,these two wild turkeys roaming around my friends neighborhood in suburban nj,bq74kz,1,images/bq74kz.jpg
7292,enfield wwii veteran receives belgian honor,5y44v7,1,images/5y44v7.jpg
7293,these dog noses,6dvvml,1,images/6dvvml.jpg
7294,final moments of a german nazi pigeon before delivering sensitive information to winston s churchill circa,5gzfak,0,images/5gzfak.jpg
7295,some girls i know attampting a chest bump after a rugby game,26b4lh,1,images/26b4lh.jpg
7296,this psycho hamster,2d8qv8,1,images/2d8qv8.jpg
7297,this deformed carrot,dbb5c7,1,images/dbb5c7.jpg
7298,a friendly robot in the grocery store,8k9428,0,images/8k9428.jpg
7299,mosquitoes boarding the ark bc,947420,0,images/947420.jpg
7300,mark silver artifacting,bmnyr5,0,images/bmnyr5.jpg
7301,the only boxes i feel slightly bad about crushing cross from rfunny,16k8g2,0,images/16k8g2.jpg
7302,tandoor ovens,c4uqab,0,images/c4uqab.jpg
7303,happy earth day this recycled trash looks like princess peach,bg12tg,1,images/bg12tg.jpg
7304,agaressive hold my hand,7tznpg,0,images/7tznpg.jpg
7305,americans increasingly embrace nation of immigrants history and future,dgevv2,1,images/dgevv2.jpg
7306,chiles atacama desert,41dcob,1,images/41dcob.jpg
7307,revolted,5eo6go,0,images/5eo6go.jpg
7308,available here,e2hwjbt,0,images/e2hwjbt.jpg
7309,three boys and an elephant,1xg5js,1,images/1xg5js.jpg
7310,the first one is frozen the second is not and repeats,caulto,1,images/caulto.jpg
7311,big shoes,ci186r,1,images/ci186r.jpg
7312,gifted but poor give him the same chance vote for the social democrats sweden the boy in the background is celebrating his graduation,clnuy2,0,images/clnuy2.jpg
7313,my boyfriend and i randomly found a love locket with the same names as ours while taking an evening walk in the city,ciq4mk,1,images/ciq4mk.jpg
7314,americas creepiest crime just got even weirder,520f27,0,images/520f27.jpg
7315,these little products,de5xb5,1,images/de5xb5.jpg
7316,poor lil kernel had a bad day,b0r9og,0,images/b0r9og.jpg
7317,found this angry guy at the gym,19wl80,0,images/19wl80.jpg
7318,leslie nielsen and mr t posing,6cbg1g,1,images/6cbg1g.jpg
7319,buff monster bullets are easy,4jjglz,0,images/4jjglz.jpg
7320,kiss the baby,8sxjfg,0,images/8sxjfg.jpg
7321,take a seat,9cebwe,0,images/9cebwe.jpg
7322,the way the bus window reflects the screen in rainbow colours,ayfifp,1,images/ayfifp.jpg
7323,wwi british recruitment poster from the bahamas,1o8akm,0,images/1o8akm.jpg
7324,he cant believe the bowl is empty,499xkw,0,images/499xkw.jpg
7325,there is a museum in japan of rocks that look like faces,5cw1zs,0,images/5cw1zs.jpg
7326,everyday multihour of violence cruelty and debauchery poisons souls of western youth and significantly increases crime in countries of capital ussr s,4qbzef,0,images/4qbzef.jpg
7327,puppy sneezing,argv5x,1,images/argv5x.jpg
7328,this mechanical pencil knows my name,bf2zgs,1,images/bf2zgs.jpg
7329,my coffee maker is happy and uses a hat,1l7gjg,0,images/1l7gjg.jpg
7330,the great awakening starts in america circa s,cpp0nn,0,images/cpp0nn.jpg
7331,this airport has a place for kissing your loved ones goodbye before they depart,cif0o3,1,images/cif0o3.jpg
7332,i got pizza rolls in a pack of,bz7xzt,1,images/bz7xzt.jpg
7333,this lady wearing protection,169422,1,images/169422.jpg
7334,happy camper van is very happy,1eouqo,0,images/1eouqo.jpg
7335,us and russia to work together on constructing a second space station which will orbit the moon,72xw27,1,images/72xw27.jpg
7336,woman has epic reaction to discovering shes pregnant with quadruplets after long infertility battle,2i5ryh,1,images/2i5ryh.jpg
7337,placed peppermints in the oven for minutes this is the outcome,18fwyx,1,images/18fwyx.jpg
7338,sacred cycle helps sex abuse survivors go from surviving to thriving,9jqs7k,1,images/9jqs7k.jpg
7339,judge says nuns sale of convent wanted by katy perry appears to be invalid,3f9qkm,1,images/3f9qkm.jpg
7340,ben shapiro arguing with college students intersectionalized,bex0bj,0,images/bex0bj.jpg
7341,weight that we use for our doors hasnt been moved in awhile so it left a rust print i know its not the same shape the one that made the mark is holding the door open,bclqlg,1,images/bclqlg.jpg
7342,the fire escape graphic depicts a man with a moustache,b8mba5,1,images/b8mba5.jpg
7343,fake cigarette causes closure of motorway for four hours,w3wyr,1,images/w3wyr.jpg
7344,arundel castle west sussex united kingdom,6l15p5,1,images/6l15p5.jpg
7345,this little captain crunch is excited to be eaten,1432j5,0,images/1432j5.jpg
7346,north korea missile test have failed,686aq4,1,images/686aq4.jpg
7347,is andre braugher leaving brooklyn ninenine,bqlmk1,0,images/bqlmk1.jpg
7348,im very anal about not losing my chapstick here are all of them ive used since january st,c2las3,1,images/c2las3.jpg
7349,fred l block dark water,5z22by,0,images/5z22by.jpg
7350,ukrainian protester,1yyw7h,1,images/1yyw7h.jpg
7351,tiki god,3vev2m,0,images/3vev2m.jpg
7352,my copy of othello has a page with an oddly cut corner,b7ebds,1,images/b7ebds.jpg
7353,gas mask babies,4vysqd,1,images/4vysqd.jpg
7354,neighborhoods blink background image from unibbaids from rimaginarymaps,6tweax,0,images/6tweax.jpg
7355,when im really excited about my wish of having a heart attack so i write them out on a gameshow with your mates and a giant,8hqgkp,0,images/8hqgkp.jpg
7356,this tired street sign demanding a recharge,9k8cxm,1,images/9k8cxm.jpg
7357,ewan mcgregor says hello there to fans on stage,d2i1yy,0,images/d2i1yy.jpg
7358,nasa,6peufy,1,images/6peufy.jpg
7359,judge declares mistrial in case of nevada ranchers standoff with federal government,7l6n50,1,images/7l6n50.jpg
7360,scorpions worf factor,70vgg6,0,images/70vgg6.jpg
7361,huntington wv has been able to cut its drug overdose rate in half since implementing a compassionate policy of checking up on survivors hours after they overdose,8v5cev,1,images/8v5cev.jpg
7362,apple airpods,51og4f,0,images/51og4f.jpg
7363,i cracked open eggs and got eggyolk out of it,d5dtux,1,images/d5dtux.jpg
7364,this house is in a constant flood zone so they lifted the whole thing up,cwkf1j,1,images/cwkf1j.jpg
7365,the newly completed notre dame roof,d0h6iq,0,images/d0h6iq.jpg
7366,osama bin ladens corpse after the successful raid on his compound by seal team six,74k4wx,0,images/74k4wx.jpg
7367,motocycle racing guy,141ppe,1,images/141ppe.jpg
7368,the inventor of the taser the most fearsome of all gunfighters,cipjtk,0,images/cipjtk.jpg
7369,according to ikea this b bookend is called billy,cz6pdp,1,images/cz6pdp.jpg
7370,swedish colonizers make first contact with indiginous people,dfgj98,0,images/dfgj98.jpg
7371,the us nuclear button,7nstr9,0,images/7nstr9.jpg
7372,math model states,1ssphr,0,images/1ssphr.jpg
7373,glad hes tied up,dbms4z,0,images/dbms4z.jpg
7374,dag gummit,c8k6vxw,0,images/c8k6vxw.jpg
7375,how do we make it clear that its a male prostitute and tell him to do a different thing,5q9eux,0,images/5q9eux.jpg
7376,my cat sees his reflection but doesnt know that its not a mirror,cawxk7,1,images/cawxk7.jpg
7377,world health organization adds gunfire explosions to list of natural causes of death,3zpn3s,0,images/3zpn3s.jpg
7378,half blind farm kitty,7dyd0m,1,images/7dyd0m.jpg
7379,this waiters really long arm,8iglr3,0,images/8iglr3.jpg
7380,the layers of bubbles in the bottle neck after taking a sip,dfqfir,1,images/dfqfir.jpg
7381,selfie of the bulls,1wrrwj,1,images/1wrrwj.jpg
7382,ben huh ceo of the cheezburger network at the premiere of lolwork,1q4da9,1,images/1q4da9.jpg
7383,trump grabbed my pu,5912sg,0,images/5912sg.jpg
7384,soldier tasting the rainbow from itap,1a16mu,1,images/1a16mu.jpg
7385,the best nintendo switch game youve never heard of is off right now,d1zhi8,0,images/d1zhi8.jpg
7386,this boot cleaning station helps to prevent the spread of plant diseases on hikers shoes,bfa6ud,1,images/bfa6ud.jpg
7387,a good friend of mine winning his marriage proposal video at link,2rx6wy,1,images/2rx6wy.jpg
7388,parents most common expenditures,5z7wjl,0,images/5z7wjl.jpg
7389,kanzi the chimpanzee sitting down and cooking vegetables on a pan,38gfh0,1,images/38gfh0.jpg
7390,the way the snow formed on my street,bc0zlo,1,images/bc0zlo.jpg
7391,watch adele say suck my dick and then watch a digimon say it too,4nx8ob,0,images/4nx8ob.jpg
7392,calavant the light calls forth,cgw5a0,0,images/cgw5a0.jpg
7393,man with sewing machine,1xzt2m,1,images/1xzt2m.jpg
7394,ohio lawmaker urges mercy for jackson jr cites karaoke skills,1dwbdd,1,images/1dwbdd.jpg
7395,daimler ag chairman giving thumbs up,2jzgfk,1,images/2jzgfk.jpg
7396,found a mushroom that wasnt too impressed with me taking its photo,54bt8j,0,images/54bt8j.jpg
7397,assortment of gameboy games,3c4na2,0,images/3c4na2.jpg
7398,philippines duterte admits personally killing suspects,5i9ye4,1,images/5i9ye4.jpg
7399,galactuss helmet is terrified at what galactus has done,cg5kex,0,images/cg5kex.jpg
7400,brave student survives years of college without putting a single sticker on his laptop,bv2ccr,0,images/bv2ccr.jpg
7401,climate change melts president trumps chin onto neck,5qbp4z,0,images/5qbp4z.jpg
7402,this air compressor is happy to help,1507lf,0,images/1507lf.jpg
7403,help me,1xtrkc,0,images/1xtrkc.jpg
7404,an unfortunate time in american history circa,5y7xs8,0,images/5y7xs8.jpg
7405,the holograms decor,753jr6,0,images/753jr6.jpg
7406,uwe boll to horror fans fck yourself and your mothers,3902qb,1,images/3902qb.jpg
7407,facebook google others launch drive against fake news in france,5sfgfs,1,images/5sfgfs.jpg
7408,this roller skater no longer roller skating,5g6pv2,1,images/5g6pv2.jpg
7409,this vending machine that gives out electrical craft parts,dkak3t,1,images/dkak3t.jpg
7410,mahatma gandhi was countrys first corporate agent arundhati roy,2zx3du,1,images/2zx3du.jpg
7411,chameleon headshot,2p76q9,0,images/2p76q9.jpg
7412,this sign that warns about getting stuck in tram tracks,b0yh59,1,images/b0yh59.jpg
7413,donald trump pointing,3f8tkb,1,images/3f8tkb.jpg
7414,planes crash into each other aftermath,91gzbj,0,images/91gzbj.jpg
7415,dead man found at adelaide house with a fruit cake on his head court hears,92ds73,1,images/92ds73.jpg
7416,we felt like were home syrian refugees find new life in dunedin new zealand,6ah75g,1,images/6ah75g.jpg
7417,a spartan and his hole,56f2yk,1,images/56f2yk.jpg
7418,pacific blue marlin hunting,3ppbq5,1,images/3ppbq5.jpg
7419,this branch grew through the window net,d79giz,1,images/d79giz.jpg
7420,say hello to the dementor wasp it turns cockroaches into zombies,37nawg,1,images/37nawg.jpg
7421,an english bulldog looking through a cat flap,5bt65w,1,images/5bt65w.jpg
7422,microsoft to make saying no to windows update easier,4qc5ge,1,images/4qc5ge.jpg
7423,i found a baby skittle,cci71a,1,images/cci71a.jpg
7424,the patterns this piece of candle wax made after melting,b3m9z2,1,images/b3m9z2.jpg
7425,hangover secret leaked trailer,8nvjyj,0,images/8nvjyj.jpg
7426,misery libertine,77whv0,0,images/77whv0.jpg
7427,this childsized sofa chair,cum6nh,1,images/cum6nh.jpg
7428,squid with human teeth,1gkc34,1,images/1gkc34.jpg
7429,italys supreme court rules public masturbation not a crime,51ur5y,1,images/51ur5y.jpg
7430,mcdonalds moving from the clown mascot to an angry chicken,8jnwuv,0,images/8jnwuv.jpg
7431,these restrooms have an open sink design with no mirrors,cztckm,1,images/cztckm.jpg
7432,prophetic jan bush our long national nightmare of peace and prosperity is finally over,blq338,0,images/blq338.jpg
7433,its nice to see bipartisanship can still exist in todays climate,da4no7,1,images/da4no7.jpg
7434,naked pie man trades pies for highs,1m5u5x,1,images/1m5u5x.jpg
7435,northern cardinal bird wearing native american headdress,cvpe70,0,images/cvpe70.jpg
7436,this year old is already a father and you wont believe what he said to the reporters,731lma,0,images/731lma.jpg
7437,mother visiting sons grave comforted by sign from son,6md0iy,0,images/6md0iy.jpg
7438,birth of the modern internet,6wemq1,0,images/6wemq1.jpg
7439,elma woman aids robbed stranded traveler on his way to new york city,5ppjr6,1,images/5ppjr6.jpg
7440,new age robotic vagina,av3b34,0,images/av3b34.jpg
7441,this girl that looks slightly like an ogre,1yav39,1,images/1yav39.jpg
7442,my milk came with labels,b9vdqz,1,images/b9vdqz.jpg
7443,timmelsjoch experience pass museum,32u85y,1,images/32u85y.jpg
7444,fabulous bat,1y4kzk,1,images/1y4kzk.jpg
7445,the buds on my super cheap earbuds are both only for my left ear,d0ibfo,1,images/d0ibfo.jpg
7446,the neverending story,27klc3,0,images/27klc3.jpg
7447,female genital nicks should be legal gynecologists,476f3f,1,images/476f3f.jpg
7448,this cat throwing its hands up in the air,4veuc5,1,images/4veuc5.jpg
7449,ysk you can tap any link with three fingers to get your files off a dead computer for duplicate files,4cldxs,0,images/4cldxs.jpg
7450,mercury passing in front of the sun,6l99z3,1,images/6l99z3.jpg
7451,corporate daydream self titled,7r14h1,0,images/7r14h1.jpg
7452,santorini greece oc,4sbijn,1,images/4sbijn.jpg
7453,this young womans extraordinary pregnancy only happens once every years,c77t2k,0,images/c77t2k.jpg
7454,soccer player kicked from behind in the weiner looks surprised,14nter,1,images/14nter.jpg
7455,this angry key chain is spewing a downvote,19nq8w,0,images/19nq8w.jpg
7456,beauty is in the street france,d39sws,0,images/d39sws.jpg
7457,testimony is heard a second time in lawsuit involving a sluggerrr hot dog toss,3a5v97,1,images/3a5v97.jpg
7458,the columbine shooters eric harris and dylan klebold moments before they open fire on students,bfexm6,0,images/bfexm6.jpg
7459,plastic figurines hanging from a crayola set,bentb2,1,images/bentb2.jpg
7460,a sample pack of floss,c00ve4,1,images/c00ve4.jpg
7461,my backpack is glad to see you,7amat7,0,images/7amat7.jpg
7462,prosecutors drop murder charge in chandra levy case,4v270u,1,images/4v270u.jpg
7463,what band would suit this edited shot i took,cmkxng,0,images/cmkxng.jpg
7464,quad amputee cat still able to enjoy nature,8v9dot,0,images/8v9dot.jpg
7465,dominos becomes a tech company that happens to make pizza,2le2g0,1,images/2le2g0.jpg
7466,police driver acquitted of murder in freddie gray case,4ph4zp,1,images/4ph4zp.jpg
7467,game of thrones map floor painting,6nqt9g,1,images/6nqt9g.jpg
7468,ted cruz tells a young immigrant brought to the us as a kid why he would deport people like herand the room applauds,490ynq,1,images/490ynq.jpg
7469,heaven prepares for huge rush of college kids over spring break,5xu9xh,0,images/5xu9xh.jpg
7470,i think this house is just waking up,99dyu5,0,images/99dyu5.jpg
7471,this berry looks like it is staring into my soul and it didnt like what it saw,4wn0vu,0,images/4wn0vu.jpg
7472,kraft parmesan cheese lids fit perfectly on larger mason jars,cwp2bv,1,images/cwp2bv.jpg
7473,russian tv anchor says jews brought holocaust on themselves,21af70,1,images/21af70.jpg
7474,things about man logic that women will never understand,523qqt,0,images/523qqt.jpg
7475,spaceship kids experience,8a1q05,0,images/8a1q05.jpg
7476,my new phone case,54whld,0,images/54whld.jpg
7477,this girl catching a wedding bouquet,2i0793,1,images/2i0793.jpg
7478,rebel fleetrumours,86s9dy,0,images/86s9dy.jpg
7479,a team of pregnant players,dhhan4,0,images/dhhan4.jpg
7480,saw this really old pullthechain flush tank in an old public library washroom,cbskr8,1,images/cbskr8.jpg
7481,brazil by pan american world airways advertising poster by cardwell higgins circa s,89zb0p,0,images/89zb0p.jpg
7482,xraying a young child,bicequ,1,images/bicequ.jpg
7483,my ever vigilant nest cam caught a new face on my porch,cuyaqu,0,images/cuyaqu.jpg
7484,a car i found outside a meat market,cjx0fp,1,images/cjx0fp.jpg
7485,children after kiss fixed,255z9a,1,images/255z9a.jpg
7486,two scared ghosts,84t7dt,0,images/84t7dt.jpg
7487,i dont trust my hands anywhere near this thing,qo5de,0,images/qo5de.jpg
7488,colonel gaddafi circa,5vytzb,0,images/5vytzb.jpg
7489,this rabbit looking cloud,9i5qls,1,images/9i5qls.jpg
7490,this pylonyield resembles the fuhrer,6eh2ss,0,images/6eh2ss.jpg
7491,kid showing off his hurt finger,3euhpg,1,images/3euhpg.jpg
7492,armed robbery at platteville gas station suspect gets away with cash cheetos,3yfbsd,1,images/3yfbsd.jpg
7493,a ticking time bomb ms threatens a middle school warn teachers parents students,8qoujk,1,images/8qoujk.jpg
7494,lamp,c4vwcic,0,images/c4vwcic.jpg
7495,the third battle of ypres aka the battle of passchendaele,800lvn,0,images/800lvn.jpg
7496,chill little caterpillar with a fu manchu,8ylqeq,0,images/8ylqeq.jpg
7497,livable tree houses near hilton head sc,bgk9h1,1,images/bgk9h1.jpg
7498,this is a map of history based on the amount of power a culture had at a certain time,b6jc76,1,images/b6jc76.jpg
7499,baby about to get churned in a blender,bieujm,0,images/bieujm.jpg
7500,old fashioned smile,6e4g4p,0,images/6e4g4p.jpg
7501,david attenborough themed raves are taking the uk by storm,7yv9w3,1,images/7yv9w3.jpg
7502,female california tourists apologize after scratching initials into italian colosseum for selfie pic,2ye8kz,1,images/2ye8kz.jpg
7503,chris jerichos aew promo shoot,axuytc,1,images/axuytc.jpg
7504,my pepper was all colours,b33z05,1,images/b33z05.jpg
7505,finlands and russias presidents discussing,1h1rbd,1,images/1h1rbd.jpg
7506,this guy passed out,52683x,1,images/52683x.jpg
7507,anheuserbusch distributor in nc not taking any chances with florence trucks being parked inside bumper to bumper and all equipment wrapped,9g1g71,1,images/9g1g71.jpg
7508,my candle is flipping me off,6irq4e,0,images/6irq4e.jpg
7509,this cool frog,c9ujy7,1,images/c9ujy7.jpg
7510,hes crying a little,96wd8r,0,images/96wd8r.jpg
7511,when an ace beats three of a kind s,5ioln6,0,images/5ioln6.jpg
7512,automatic pizza dough spinner,btnwrm,1,images/btnwrm.jpg
7513,amazon jacked up prime day prices misleading consumers says vendor,6r1tx1,1,images/6r1tx1.jpg
7514,how does one boomerang a bird in the ocean floor to compensate for the new year,d77q80,0,images/d77q80.jpg
7515,missing boy brings dinner to officers who helped find him,85jorz,1,images/85jorz.jpg
7516,singapore prime minister taking a photo of a kid while meeting obama,4vw4ny,1,images/4vw4ny.jpg
7517,our game die managed to land on its corner,aru2al,1,images/aru2al.jpg
7518,sepecula yukon with back cover art,945jdi,0,images/945jdi.jpg
7519,bristol free burger giveaway turns to chaos as police forced to step in,bed6th,1,images/bed6th.jpg
7520,a duck shaped sweet potato,dhwdml,1,images/dhwdml.jpg
7521,turtle the turtle rescued on vail pass,5zzs0b,1,images/5zzs0b.jpg
7522,took me a while to realize its a river fully overed with duckweed,cyp01e,0,images/cyp01e.jpg
7523,found this elephant while cleaning,pv2pc,0,images/pv2pc.jpg
7524,dog wearing a gopro captures owners romantic outdoor wedding,3u8bby,1,images/3u8bby.jpg
7525,my peach looks almost exactly like the emoji,ctqivs,1,images/ctqivs.jpg
7526,the alt right begins transformation of kids games into hate symbols,bnesdn,0,images/bnesdn.jpg
7527,british foreign minister dismisses russian suspects interview as fake tv,9flh3q,1,images/9flh3q.jpg
7528,kim jongun claims he drank bottles of bordeaux wine in one night,59obyx,1,images/59obyx.jpg
7529,flint water flagged as poor weeks before free bottles ended,8has6c,0,images/8has6c.jpg
7530,oh joy time for a new inkjet cartridge,1nmmfv,0,images/1nmmfv.jpg
7531,the dissolustion of the ottoman empire,9k7z8e,0,images/9k7z8e.jpg
7532,young socialists rally in phalempin france aug,b9mbk7,0,images/b9mbk7.jpg
7533,shagg the freaks are loose,8tt2e7,0,images/8tt2e7.jpg
7534,the way the snow rolled off this car,awp4e2,1,images/awp4e2.jpg
7535,the reflection of the plates in my company shows an arrow pointing down to them,bziko4,1,images/bziko4.jpg
7536,oil rainbow in my jobs parking lot,b1i6uw,1,images/b1i6uw.jpg
7537,elderly americans are dying without getting to read muellers report and theyre not happy about it,azj5hu,1,images/azj5hu.jpg
7538,adolf hitler commits not alive circa,bw3p1s,0,images/bw3p1s.jpg
7539,happy to be moving,2ev2q4,0,images/2ev2q4.jpg
7540,harding gillooly eckardt reacting to the news of nancy kerrigans attack,86ppbd,0,images/86ppbd.jpg
7541,the way this bridge looks in the fog,awo6mq,1,images/awo6mq.jpg
7542,back of a refrigerator at a bar,bs7ik,0,images/bs7ik.jpg
7543,execution of lenin circa,87jbl1,0,images/87jbl1.jpg
7544,i dont know how my work partner never saw this grumpy rock,7wywiv,0,images/7wywiv.jpg
7545,tienanmen square massacre,bvzqd1,0,images/bvzqd1.jpg
7546,asatj spreading rupvengersinitiative circa,910c2m,0,images/910c2m.jpg
7547,this elevator guy has seen some things,8ln06h,0,images/8ln06h.jpg
7548,flight mh just an excuse to get arrested over the country,3bmfbh,0,images/3bmfbh.jpg
7549,my friend was peeling paint off a door and accidentally made the grinch,cmvx3y,1,images/cmvx3y.jpg
7550,selfregard you are not special how to get from narcissism to thoughtfulness review of the road to character by david brooks,37xkvl,1,images/37xkvl.jpg
7551,iceland after being knocked out of the world cup,8u33ox,0,images/8u33ox.jpg
7552,these arcade chairs have seen horrible unspeakable things,c5ifol,0,images/c5ifol.jpg
7553,squirrel died with its ass hanging out of the tree,bkrje2,1,images/bkrje2.jpg
7554,army regulation approves terms negro and haitian,2lh013,1,images/2lh013.jpg
7555,leaf casual night out,bgckhy,0,images/bgckhy.jpg
7556,funky rotten patterns on apple,c97ce1,1,images/c97ce1.jpg
7557,butterfly on glass looks like it was photoshopped in,clxw9p,1,images/clxw9p.jpg
7558,mom school made yo daughter sign suicide contract,2ivkx1,1,images/2ivkx1.jpg
7559,usoldmysoultoreddit telling reddit what meme to use for january,7q0mg4,0,images/7q0mg4.jpg
7560,sad grayson allen is in a slump,5yckkv,1,images/5yckkv.jpg
7561,thief with python in pants lucky it wasnt feeding day,40kxu4,1,images/40kxu4.jpg
7562,a piece of bread was tied into my loaf of bread i just bought at the store,atwptl,1,images/atwptl.jpg
7563,at million basquiat painting becomes priciest work ever sold by a us artist,6cdbkf,1,images/6cdbkf.jpg
7564,this guy is currently watching me on the train,6for62,0,images/6for62.jpg
7565,so did i,cvs9lin,0,images/cvs9lin.jpg
7566,the way sunlight hits the exam pad and reflects,cfs903,1,images/cfs903.jpg
7567,not technically a poster but it was effective subversive and best of all it made the top of rtechnology well done google well done,13jq43,0,images/13jq43.jpg
7568,hitler commits suicide th,9iioo5,0,images/9iioo5.jpg
7569,dextre aboard the international space station orbiting over earth,4gxm1y,1,images/4gxm1y.jpg
7570,poison ivy cosplayer in an awesome pose,1ta7lj,1,images/1ta7lj.jpg
7571,the obamas car you didnt see this coming,8r1xhj,0,images/8r1xhj.jpg
7572,the kansas city royals give a grieving family their best day since their worst day,5fd2fz,1,images/5fd2fz.jpg
7573,felt like i was being watched when i went to pick up my mail,c6fuiy,0,images/c6fuiy.jpg
7574,kennel be like,801k0e,0,images/801k0e.jpg
7575,this little guy is crying,7y98cc,0,images/7y98cc.jpg
7576,matt gaetz insists pointing rifle at michael cohen throughout testimony not witness intimidation,avg9fm,0,images/avg9fm.jpg
7577,this dog on the exhibition,b8h9jp,1,images/b8h9jp.jpg
7578,karl marx publishes the communist manifesto,ctpifl,0,images/ctpifl.jpg
7579,my phone failed to fully delete an image,9c7c92,1,images/9c7c92.jpg
7580,child donates all of her birthday presents to childrens hospital,49dqt0,1,images/49dqt0.jpg
7581,lighting strike on the green of montana golf course,c6n9wu,1,images/c6n9wu.jpg
7582,a long time ago in a galaxy far far away a stowaway startles a yt freighters captain that young wookie and captain later became legendary best of friends chewbacca and han solo,5zev6i,0,images/5zev6i.jpg
7583,n s f w a big black dick,6har3x,0,images/6har3x.jpg
7584,democrats want to force vote on independent russia commission,6bput0,1,images/6bput0.jpg
7585,leo trepp afrikanische musik in new york city,6gv0fc,0,images/6gv0fc.jpg
7586,the phoenix within the flower,6hwbz0,0,images/6hwbz0.jpg
7587,my my which of you will it be today,26vjpm,0,images/26vjpm.jpg
7588,flower my aunt found its called a passiflora i think,css878,1,images/css878.jpg
7589,nice bun you got there,ctlf2f,0,images/ctlf2f.jpg
7590,the gondola that takes you from the street into the wynn palace hotel in macau,biqe9k,1,images/biqe9k.jpg
7591,trump boys defend sending saudi arabia plans for cool missile on personal etch a sketch,b65xck,0,images/b65xck.jpg
7592,found this tree root today while stump grinding,7qy1f8,0,images/7qy1f8.jpg
7593,this taxi sheriff car,c9q8iv,1,images/c9q8iv.jpg
7594,god left his gucci flip flop behind,c8wnx9,1,images/c8wnx9.jpg
7595,this rock i found on the beach looks like a hard boiled egg,caa7q7,1,images/caa7q7.jpg
7596,i call her honeywell sweet drunken angel of the window,92w6hj,0,images/92w6hj.jpg
7597,us officials declare green sea turtles of florida and the pacific coast of mexico are no longer an endangered species officials hailed decades of conservation work for saving the longimperiled creatures,4f8a02,1,images/4f8a02.jpg
7598,he likes to ride splash mountain in the cold,46ct5s,1,images/46ct5s.jpg
7599,french cavalry charge foiled by german machine gun fire ww c,8kig0w,0,images/8kig0w.jpg
7600,this hair on my shower floor made a perfect treble clef,dbxoe0,1,images/dbxoe0.jpg
7601,at the georgia tech bookstore they still use old school tube monitors,deifhu,1,images/deifhu.jpg
7602,clouds photographed by an international space station astronaut orbiting over canada latitude longitude on,5hz92i,1,images/5hz92i.jpg
7603,i think my grape is pregnant,cid0d0,1,images/cid0d0.jpg
7604,teenagers jailed for murdering homeless man for a dare,1d8v1e,1,images/1d8v1e.jpg
7605,company gives school lunches for holiday break for most children christmas break is several days of play and fun for many others christmas break is a time they dont eat much,1tboid,1,images/1tboid.jpg
7606,multiple batmen on a gondola in the venice carnival,2uje12,1,images/2uje12.jpg
7607,this dog with a stick,777xde,1,images/777xde.jpg
7608,prince vegeta and his guardian nappa walk unfazed past the execution of a saiyan war criminal circa,6spv80,0,images/6spv80.jpg
7609,history of psychology into orbit,3vzx42,0,images/3vzx42.jpg
7610,i have aids please hug me i cant make you sick higherres image and more info in comments,4ti6nz,0,images/4ti6nz.jpg
7611,the ice in my coffee looks like a paw print,cfn0qv,1,images/cfn0qv.jpg
7612,say cheeeeese,8sxepa,0,images/8sxepa.jpg
7613,you know i directed it too bradley cooper says out loud again to no one in particular,aufg7j,0,images/aufg7j.jpg
7614,slavic man squatting on a pole,5frozr,1,images/5frozr.jpg
7615,someone put something they shouldnt inside this paper bin,279sqs,0,images/279sqs.jpg
7616,peter dinklage angrily brandishing a wii remote,1iwybv,1,images/1iwybv.jpg
7617,laid off workers waiting to receiving bread and coffee during the great depression circa,94sfjh,0,images/94sfjh.jpg
7618,philip morris says its new years resolution is to give up cigarettes,7nz2rq,1,images/7nz2rq.jpg
7619,donald trump dictating his immigration reform january,7q13ry,0,images/7q13ry.jpg
7620,available here,e19o4s2,0,images/e19o4s2.jpg
7621,last traditional samurai warrior,6g3df3,0,images/6g3df3.jpg
7622,bboy headspin,46260d,1,images/46260d.jpg
7623,clinton throws flash grenade to divert attention from question about senate voting record,49rkac,0,images/49rkac.jpg
7624,decoding north koreas fish and mushroom slogans,2vrlrj,1,images/2vrlrj.jpg
7625,this water tower,74cwj6,1,images/74cwj6.jpg
7626,my cat sits weird,d3tsxy,1,images/d3tsxy.jpg
7627,donald trump warned by republicans over muellers russia inquiry,85gzka,1,images/85gzka.jpg
7628,the hanging of benito mussolini unknown artist,5ytz34,0,images/5ytz34.jpg
7629,during bakery breakin only recipes are taken,2y90lc,1,images/2y90lc.jpg
7630,freezing woman dining outside desperately clutching cloth napkin for warmth,8qjwjh,0,images/8qjwjh.jpg
7631,hockey players in epic embrace,1p2hwp,1,images/1p2hwp.jpg
7632,yikes this documentary about a feral child is minutes from the end and things do not seem to be on the upswing for the feral child,8s0abm,0,images/8s0abm.jpg
7633,this knife was smuggled onto a flight in a normal backpack completely missed by tsa agents,8gi75z,0,images/8gi75z.jpg
7634,the pine cones on my tree look very similar to raspberries mid spring,btgq4e,1,images/btgq4e.jpg
7635,woman at senior home wins employee of the month and she doesnt work there,6hs6nz,1,images/6hs6nz.jpg
7636,lgbt rights no longer a political liability for the first time in a presidential election the idea of protecting lgbt rights doesnt pose a problem for candidates,53r3le,1,images/53r3le.jpg
7637,colorado state senator is glad aurora shooter had so much ammo,1xuel1,1,images/1xuel1.jpg
7638,formula one car tested on a snow course,6olk4t,0,images/6olk4t.jpg
7639,my friend awkwardly landing during the steeplechase,2imdhk,1,images/2imdhk.jpg
7640,this picture of my nephew,2c46x3,1,images/2c46x3.jpg
7641,president trump distributing much needed aid in puerto rico,che0eq,0,images/che0eq.jpg
7642,twitter rant rant time amc theatres is tweeting about how it should get more credit for not charging pregnant women for tickets even though it easily could,76zq3d,0,images/76zq3d.jpg
7643,mans best friend owning a dog linked to lower risk of death study says,7dl1dk,1,images/7dl1dk.jpg
7644,available here,epis2b7,0,images/epis2b7.jpg
7645,this monitor stand is merry,1n3wqb,0,images/1n3wqb.jpg
7646,thought it was her legs at first,bjftxp,0,images/bjftxp.jpg
7647,the look of this tree after hurricane winds for a few hours,d08x7y,1,images/d08x7y.jpg
7648,these bird footprints on a pedestrian path,cfa3q4,1,images/cfa3q4.jpg
7649,the young lady who helped the elderly man cut his ham at waffle house was given a college scholarship by the mayor,83463g,1,images/83463g.jpg
7650,a strangely disproportionate man in a black tank top,27f83e,1,images/27f83e.jpg
7651,kellyanne conway cites bowling green massacre that never happened to defend travel ban,5rsbv0,1,images/5rsbv0.jpg
7652,from aircraft cleaner to airline pilot man celebrates achieving captain rank after years,93d52g,1,images/93d52g.jpg
7653,artist makes a masterpiece out of toothpicks,bcq60p,0,images/bcq60p.jpg
7654,bluself titled,dcetl3,0,images/dcetl3.jpg
7655,running from a plane black and white,y3el9,1,images/y3el9.jpg
7656,anteater at sunset,7q8msn,0,images/7q8msn.jpg
7657,gastropod bitter lake,8bh1xu,0,images/8bh1xu.jpg
7658,cap protecting peggy from rain,cizg34,1,images/cizg34.jpg
7659,seattles pacific science center has an ad on the roof targeted at tourists looking down from the space needle,chwqdf,1,images/chwqdf.jpg
7660,fox news ends ebola coverage our work is done,2lf2gj,0,images/2lf2gj.jpg
7661,jesuss face on bacon fat,3fgqv2,0,images/3fgqv2.jpg
7662,woman accidentally gets locked in cleveland park petco lives to tell the tale,1p25kz,1,images/1p25kz.jpg
7663,closer look punches holes in swingstate election hacking report,5ekpfr,1,images/5ekpfr.jpg
7664,who is a militarist by hofdruckerei hermann bergmann ww german empire antientente,1wqtis,0,images/1wqtis.jpg
7665,million chinese are the strong backup force for the vietnamese people and chinas vast land is vietnams reliable rear base mao zedong vietnam war era x,23o4cr,0,images/23o4cr.jpg
7666,this cat laying on a chair,6jylli,1,images/6jylli.jpg
7667,hipsters thoroughly enjoying the bandss performance,2lw3wr,1,images/2lw3wr.jpg
7668,this building made of glass blocks in tokyo,bcqiev,1,images/bcqiev.jpg
7669,lady lazarus confide,8l3rj3,0,images/8l3rj3.jpg
7670,panda with bamboo,5l4khm,1,images/5l4khm.jpg
7671,kim jong un playing doctor,3afms4,1,images/3afms4.jpg
7672,this picture i took of a capercaillie looks like a painting,bibohz,1,images/bibohz.jpg
7673,donald trumps struggle to make his first million bucks no coloredised,co4qdb,0,images/co4qdb.jpg
7674,elizabeth warren to disappointed democrats stand your ground and fight back,5cej12,1,images/5cej12.jpg
7675,double feature too dat water bottle company shows proof of arrest no proof because the cops gave them no homo straight guys watch gay porn star,653hqf,0,images/653hqf.jpg
7676,motiur rahman before they are easy x,2t08v6,0,images/2t08v6.jpg
7677,ice rescue drill interrupted by ice rescue,2s0yde,1,images/2s0yde.jpg
7678,with a white border on this photo it looks like astro and i are kayaking in the middle of the ocean,9e983z,1,images/9e983z.jpg
7679,kanye west reworks new album to make it less beautiful,2be8mg,1,images/2be8mg.jpg
7680,girl hula hooping in front of some aztecs in mexico,4173cv,1,images/4173cv.jpg
7681,nine and a half speed limit,cgwp9n,1,images/cgwp9n.jpg
7682,octavia spencer bought out a whole cinema so families could see hidden figures,5org7m,1,images/5org7m.jpg
7683,this baby bat sitting patiently whilst being weighed,czhpaf,1,images/czhpaf.jpg
7684,a south american flat moth,b4s8sq,0,images/b4s8sq.jpg
7685,wikileaks claims to release thousands of cia documents,5y1m69,1,images/5y1m69.jpg
7686,this be the best way to measure gun violence in america,4g8b5p,1,images/4g8b5p.jpg
7687,this car that was parked near my home it is decorated using colored bottle caps,c3dzxp,1,images/c3dzxp.jpg
7688,nice hairdo,4v0q0z,0,images/4v0q0z.jpg
7689,vintage astronomy,7tgpv0,0,images/7tgpv0.jpg
7690,delicious hot chips,5lfle1,0,images/5lfle1.jpg
7691,martin luther as the devils bagpipes,75c83n,0,images/75c83n.jpg
7692,spacex still on course for launch exomars in due to matter and antimatter particles from the new horizons spacecraft looked back toward the sun andor distort it to the planet,682sa0,0,images/682sa0.jpg
7693,unquestioned alpha of the bathroom this guy has both hands up on the wall over the urinal and is letting loose a kingly sigh while taking an absolutely marathon piss,99peuz,0,images/99peuz.jpg
7694,nestle to face lawsuit saying poland spring water not from a spring us judge,b74wbh,1,images/b74wbh.jpg
7695,concretecovered cat found on womans doorstep saved by emergency treatment,3u2rl4,1,images/3u2rl4.jpg
7696,man stuck with stupid henna tattoo moustache for life,7h0ym6,1,images/7h0ym6.jpg
7697,masseys furniture barn donated nearly monday to four school libraries along with one community library,8g7umw,1,images/8g7umw.jpg
7698,idk if this counts,cg9jve,0,images/cg9jve.jpg
7699,what a creep,22840q,0,images/22840q.jpg
7700,pole position,bo6cl6,0,images/bo6cl6.jpg
7701,hes running for reelection but he cant poop in public anymore a court said,70cedb,1,images/70cedb.jpg
7702,any lovely trolls would appreciate my new job learns what im doing,5b0dy6,0,images/5b0dy6.jpg
7703,ronald reagan aiming a hunting rifle on an air force one,4mjj7q,1,images/4mjj7q.jpg
7704,this guy on my flight who had airpods and over ear headphones on at the same time,d7lvw5,1,images/d7lvw5.jpg
7705,pablo escobar enjoying the fruits of his labour circa,94jh8y,0,images/94jh8y.jpg
7706,a japanese soldier strangles two russian soldiers russojapanese war poster,1lpzku,0,images/1lpzku.jpg
7707,heartbeats sailboats like triangles,81bwsi,0,images/81bwsi.jpg
7708,full ban on animal fur farms in the czech republic is now in effect,aw42vd,1,images/aw42vd.jpg
7709,a ring bearer and his suitcase of travel toys at the end of an allday wedding,714n83,1,images/714n83.jpg
7710,woman busted wearing meta message tshirt,4l5p8c,1,images/4l5p8c.jpg
7711,video huge gaffe mayor uses giant scissors to cut police tape at scene of a murder,74130x,0,images/74130x.jpg
7712,miracle of the dying foal saved by the love of a pony whisperer exmoor is now a picture of health after forming extraordinary bond with expert who rescued stricken animal from the hillside,3rb9dz,1,images/3rb9dz.jpg
7713,pope tells young people to keep shouting coincides with gun protest rallies,871p3k,1,images/871p3k.jpg
7714,my collection so far,9cdwvq,1,images/9cdwvq.jpg
7715,trump issues warning to opponents it would be very bad if his military police and biker supporters got tough,b138lm,1,images/b138lm.jpg
7716,mark ruffalo in a mocap suit,ctxb4d,1,images/ctxb4d.jpg
7717,the newest flavor of mountain dew set to officially release in a few days,cuebp1,1,images/cuebp1.jpg
7718,looks like guy fieri screaming,6iwzo6,0,images/6iwzo6.jpg
7719,this bathroom sink in a gas station made using a tire and gas nozzle,arf6v6,1,images/arf6v6.jpg
7720,hahaha dont fuck with me,20ks0k,0,images/20ks0k.jpg
7721,inverted pendulum thats what i said,2tqvxf,0,images/2tqvxf.jpg
7722,ayaan hirsi ali netanyahu should get the nobel peace prize,2cppc6,1,images/2cppc6.jpg
7723,taco flavored crickets,bngy5i,1,images/bngy5i.jpg
7724,laziness level stoner,oa4hf,1,images/oa4hf.jpg
7725,a box of doll heads artistically titled the many moods of farrah fawcett inherited from my father,d8umtl,1,images/d8umtl.jpg
7726,left my bike out in the rain and it kept the concrete under it dry in the exact shape of my bike,co5ocn,1,images/co5ocn.jpg
7727,teacher who had transplant takes students on hospital tour spreads cheer with patients there,306r18,1,images/306r18.jpg
7728,my palm springs hotel had the carpet from my favorite movie correct guesses mean we can friends,au36n3,1,images/au36n3.jpg
7729,someone pulled this old bike out of a canal by my house amsterdam about a week ago and just left it there its clearly been underwater for a long time,bishp4,1,images/bishp4.jpg
7730,my brother jumping while playing soccer in aviators,2cze2e,1,images/2cze2e.jpg
7731,thomas jefferson declaring independence from british,c8svux,0,images/c8svux.jpg
7732,amazing photograph shows what the workers who built the ancient pyramids at giza dined on when they were given a much needed break exact date unknown but approximately bc,b6wno7,0,images/b6wno7.jpg
7733,this building look,8zww1w,0,images/8zww1w.jpg
7734,where are the students manipur minister finds goats in classrooms on surprise visit,7ydje0,1,images/7ydje0.jpg
7735,a little ukrainian criminal mastermind,28tk3n,1,images/28tk3n.jpg
7736,unhappy box is unhappy,u6hst,0,images/u6hst.jpg
7737,clemson football players offer hugs puppies for finals stress,69fo4m,1,images/69fo4m.jpg
7738,this is my friend from college in an astronaut costume,1k26ys,1,images/1k26ys.jpg
7739,clear image of a flying saucer spotted off the wing of a plane,8zhm7g,0,images/8zhm7g.jpg
7740,my yard waste bin green used to be a recycling bin blue,dcf8ls,1,images/dcf8ls.jpg
7741,nbcs brian williams admits he misremembered being in helicopter shot down in iraq,2uw1jc,1,images/2uw1jc.jpg
7742,this dog losing his mind over a soccer ball,crnr23,1,images/crnr23.jpg
7743,ww british pound bomb is detonated on the beach near wannenaar in netherlands today what the seagull be thinking,1i8ope,1,images/1i8ope.jpg
7744,donald trumps nudes leaked,872ldr,0,images/872ldr.jpg
7745,spilled some milk,980dpi,0,images/980dpi.jpg
7746,study antisemitic incidents surge nearly percent in,7ac9ip,1,images/7ac9ip.jpg
7747,plastic bag use down in england since p levy,d9radt,1,images/d9radt.jpg
7748,one of my dollar bills glows under the black light,9k4uj3,1,images/9k4uj3.jpg
7749,its me john lennon,4xkqhv,0,images/4xkqhv.jpg
7750,the youngest person to travel to countries is giving away his airline miles,967a03,1,images/967a03.jpg
7751,my stuart little ps game turned out to be a prerelease reviewers copy,bc57fb,1,images/bc57fb.jpg
7752,old man sucking a fat one,56ds04,0,images/56ds04.jpg
7753,perfect place for a nap,z9flg,1,images/z9flg.jpg
7754,one of my pooh tsum tsums was printed with an upside down face,ce3356,1,images/ce3356.jpg
7755,killll meeee,8avxsm,0,images/8avxsm.jpg
7756,the girl in light blue is not holding a parasol,d9c2x0,0,images/d9c2x0.jpg
7757,dog gets face crushed,5gcee3,0,images/5gcee3.jpg
7758,my father collects ernie themed dolls figures toys etc,cvdk2j,1,images/cvdk2j.jpg
7759,this baby in raybans,2og98k,1,images/2og98k.jpg
7760,nhs tells parents to feed their babies crisps and junk food,2ntxcj,1,images/2ntxcj.jpg
7761,oliver taintmore expressions,8lmot5,0,images/8lmot5.jpg
7762,this camp oven has seen some things,8mqw32,0,images/8mqw32.jpg
7763,nayland be afraid x,2ssxal,0,images/2ssxal.jpg
7764,flat earther jesse spots exposed otherkin stupidity arcturians want your money more on kck,3zn3ax,0,images/3zn3ax.jpg
7765,weiner with perfect grill lines,70t53u,0,images/70t53u.jpg
7766,everyday camus waits patiently for his game by wearing an eyepatch,6i5g49,0,images/6i5g49.jpg
7767,unemployed people in czech republic are missing out on office sex,25rtao,1,images/25rtao.jpg
7768,omg o,109b8t,0,images/109b8t.jpg
7769,the tragic scene of a double murder where a mother daughter and dogs were shot a few years ago,awik6i,1,images/awik6i.jpg
7770,russian soldier caught on film entering crimea during russian annexation circa,7n5r3x,0,images/7n5r3x.jpg
7771,this shameless hotdogslinging vigilante,8ss9pu,1,images/8ss9pu.jpg
7772,buy meeeeee,934w05,0,images/934w05.jpg
7773,my book arrived packaged like a ravioli,bcfl1i,1,images/bcfl1i.jpg
7774,massive unidentified creature grappling onto skyscraper,72t9kl,0,images/72t9kl.jpg
7775,persistent asian boxer,71qpx3,0,images/71qpx3.jpg
7776,the paint on this pole,ca4yc1,1,images/ca4yc1.jpg
7777,this shaving of metal i found after drilling its really hard to break,9iipvq,1,images/9iipvq.jpg
7778,first native american woman appointed judge in us district court,4630hj,1,images/4630hj.jpg
7779,burger kings angry whopper is priced,bfyhat,1,images/bfyhat.jpg
7780,lunches seized from kids in debt at salt lake city elementary,1wko3g,1,images/1wko3g.jpg
7781,my meds make me feel like that too,5ng6of,0,images/5ng6of.jpg
7782,cat in a sink,6kvouo,1,images/6kvouo.jpg
7783,lost doll takes a vacation before finding her way home,3jpezt,1,images/3jpezt.jpg
7784,worlds largest plane makes first flight over california,bd9m8m,1,images/bd9m8m.jpg
7785,my chinese delivery is so hot it melted through the plastic container,cmdtjp,1,images/cmdtjp.jpg
7786,joyful little abrasion,8fle16,0,images/8fle16.jpg
7787,this tree in a tree,8eobq8,0,images/8eobq8.jpg
7788,will the us regulate facebook europe is about to do just that,8c0p7m,1,images/8c0p7m.jpg
7789,buried in backlog feds give topsecret clearances to murderers rapists,6yq1dz,1,images/6yq1dz.jpg
7790,i found this little guy while gardening,cl5n5a,1,images/cl5n5a.jpg
7791,found a silver penny today at work,cux1gd,1,images/cux1gd.jpg
7792,a satisfying moment,dab0i7,1,images/dab0i7.jpg
7793,lopsided happygolucky scarecrow backpack,df70mp,0,images/df70mp.jpg
7794,camper at the summer camp i work at had a braille label on their water bottle,c8we5g,1,images/c8we5g.jpg
7795,year old playing pro tennis says shed love to keep playing past,4efp48,1,images/4efp48.jpg
7796,a sleeping dog,93rah2,1,images/93rah2.jpg
7797,louis xiv i am the state,7oq26q,0,images/7oq26q.jpg
7798,some gnarly buds,910vau,0,images/910vau.jpg
7799,selfietaking tourists break hercules statue in italy,34xzsa,1,images/34xzsa.jpg
7800,the rnc says its christmas message about a new king referred to jesus not donald trump,5k9vj2,1,images/5k9vj2.jpg
7801,lions and porcupine,2ws428,1,images/2ws428.jpg
7802,alkahestus alkahestus,89cfgl,0,images/89cfgl.jpg
7803,m above the clouds,5dthz5,1,images/5dthz5.jpg
7804,boycott barclays dont bank on apartheid national union of students uk s,62vu53,0,images/62vu53.jpg
7805,the modulators smoking gun,b736k4,0,images/b736k4.jpg
7806,tripteez burning in hell iv,970bm6,0,images/970bm6.jpg
7807,diamond joe biden eating a sandwich,33esc3,1,images/33esc3.jpg
7808,theater mixes up fifty shades of grey and spongebob,2whxuf,1,images/2whxuf.jpg
7809,man who stood on street corner with sign to reunite dog with owner now getting date requests,ayrgt9,1,images/ayrgt9.jpg
7810,syrian rebel gazing at a mortar round,1lnoe9,1,images/1lnoe9.jpg
7811,enraged white man claims he settled brooklyn for yuppies,3m5gox,1,images/3m5gox.jpg
7812,dog eats drugs at daycare gets high on heroin,52wlvk,1,images/52wlvk.jpg
7813,donald trump and kim jong un discussions at mar a lago,8k4s3h,0,images/8k4s3h.jpg
7814,pooch held at gunpoint,y38ns,1,images/y38ns.jpg
7815,i thought my sight were permanently blurred the text is just double printed,bqout4,1,images/bqout4.jpg
7816,sandra blands alleged suicide is now officially being investigated as a murder,3e2m9o,1,images/3e2m9o.jpg
7817,problem stork ronny terrorizes brandenburg town again,b7ibhb,1,images/b7ibhb.jpg
7818,courts allow melania trump and stormy daniels to fight deciding the status of the mda,86mvhf,0,images/86mvhf.jpg
7819,corgi doesnt follow the rules of gravity,1dzfup,1,images/1dzfup.jpg
7820,weather looks like a swan,c2pfrf,0,images/c2pfrf.jpg
7821,the reflection of the sun off of a shower head,dhu6th,1,images/dhu6th.jpg
7822,kings school investigated by police over turkey slapping incident,2f2ufz,1,images/2f2ufz.jpg
7823,beagle pup holding stolen bell,68tfr9,1,images/68tfr9.jpg
7824,dont judge me,2rises,0,images/2rises.jpg
7825,disbelief as egyptian president rolls out four kilometre red carpet for austerity press conference,450uk6,1,images/450uk6.jpg
7826,my lab who looks like he was made in a lab,b8u53h,0,images/b8u53h.jpg
7827,chase bank now offering cash back on cocaine purchases,cdwtw8,0,images/cdwtw8.jpg
7828,yearold selfmade millionaire shares quick ways to make money,61vo99,0,images/61vo99.jpg
7829,actual photo of the first nervous system transplant,5l9sqm,0,images/5l9sqm.jpg
7830,upside down world,7zrq72,0,images/7zrq72.jpg
7831,this colourful crow,95bekk,1,images/95bekk.jpg
7832,anikin skywalker kills younglings inside the jedi temple bby,8zzufz,0,images/8zzufz.jpg
7833,some good oldfashioned garfield,28xr29,0,images/28xr29.jpg
7834,uganda trumpets vuvuzelas as new tool to deter elephant attacks,30m1wl,1,images/30m1wl.jpg
7835,for years this has been idling for the s that are worthless now,4aslp2,0,images/4aslp2.jpg
7836,i dont think that ill be sure to scream it in,48ab4t,0,images/48ab4t.jpg
7837,used it for five days before i saw it,bt70vb,0,images/bt70vb.jpg
7838,schools in australia are using tiny free street libraries to share books and encourage kids to read,4zgf0g,1,images/4zgf0g.jpg
7839,man captures hero cop who used himself as a human shield as dallas gunman fired,4s69io,1,images/4s69io.jpg
7840,american military advisors help afghan forces fight the taliban,biglab,0,images/biglab.jpg
7841,aide who pleaded guilty to lying about russia helped write major prorussia trump speech,7cbs1a,1,images/7cbs1a.jpg
7842,he must have been so lonely before we moved in,1x9sjp,0,images/1x9sjp.jpg
7843,my cup that can make a water tornado,diyics,1,images/diyics.jpg
7844,chimpanzees recognize buttocks like humans recognize faces,5g760t,1,images/5g760t.jpg
7845,evil eyes like taken straight out of futurama,330cym,0,images/330cym.jpg
7846,me losing control of my bike after posing with no hands for a picture,2on7hm,1,images/2on7hm.jpg
7847,malcom mcdowell prepares for the lead role of alex delarge in stanley kubricks upcoming film a clockwork orange circa,758go5,0,images/758go5.jpg
7848,my grandfather old business cards,d4g02h,1,images/d4g02h.jpg
7849,a reddit troll overreacting to a picture of a woman,9esj7q,0,images/9esj7q.jpg
7850,princess dianas body found scattered about shortly after the fateful car crash,chfkdm,0,images/chfkdm.jpg
7851,woman tells herself in mirror to be a virgin before being gunned down by musketeers,cy92fa,0,images/cy92fa.jpg
7852,available here,dvza58h,0,images/dvza58h.jpg
7853,this chocolate chip stoped the cookie expanding fully in that direction,bwgqai,1,images/bwgqai.jpg
7854,this antique key the locks still work,brui6c,1,images/brui6c.jpg
7855,miami judge rules floridaas new standyourground law is unconstitutional,6l461d,1,images/6l461d.jpg
7856,i was surprised by some colorful ninjas at work today,1jgnub,0,images/1jgnub.jpg
7857,now trending,byydtb,1,images/byydtb.jpg
7858,mutated paprikapepper,3ed5x2,1,images/3ed5x2.jpg
7859,this highdefinition photo of steve harvey,5wh1i7,1,images/5wh1i7.jpg
7860,kavanaugh impressed by hazing rituals before they let you join supreme court,9jg4o1,0,images/9jg4o1.jpg
7861,this double wrapped chocolate bar,auamw3,1,images/auamw3.jpg
7862,colorado girl scouts deliver boxes of cookies to va medical center,b6us27,1,images/b6us27.jpg
7863,this cranky cat,8plwj0,1,images/8plwj0.jpg
7864,this reflection of a lamp on my sunglasses,ceyx0z,0,images/ceyx0z.jpg
7865,angry coyote and a scared dog,3tqnhh,1,images/3tqnhh.jpg
7866,opened the egg cooker at work to something a little fishy,cj3d1q,0,images/cj3d1q.jpg
7867,loch drunkie pleasure,7kyoja,0,images/7kyoja.jpg
7868,its a phoenix,cfy21y,0,images/cfy21y.jpg
7869,this cover thingy,85ej2x,0,images/85ej2x.jpg
7870,eminem spacebound,8s0h76,0,images/8s0h76.jpg
7871,the cowboys probably would not sign a player who supports isis,30127i,1,images/30127i.jpg
7872,i bought a used game the case had the blockbuster receipt from years ago,czduyg,1,images/czduyg.jpg
7873,suicides in week by sailors from aircraft carrier uss george hw bush,d8uasn,1,images/d8uasn.jpg
7874,german satire magazine kladderadatsch during wwi,5hh1j7,0,images/5hh1j7.jpg
7875,uncut bread in the middle of a sliced loaf of bread,cpv9kv,1,images/cpv9kv.jpg
7876,nypd officers shot in the bronx,44950w,1,images/44950w.jpg
7877,a soldier reads a newspaper announcing the treaty of velasco and the effective end of the texas revolution,736mt0,0,images/736mt0.jpg
7878,venezuela protests against maduro escalate,59mtq0,1,images/59mtq0.jpg
7879,pacifist choking the soldier for his actions,78g7ai,0,images/78g7ai.jpg
7880,spotted at a local sams club,8q9k5s,0,images/8q9k5s.jpg
7881,computer says no facebooks plan to scrap the drunken selfie,2ov1mz,1,images/2ov1mz.jpg
7882,this hockey mascot,b8lmnb,1,images/b8lmnb.jpg
7883,black bear family of four has dinner in one tree,57pkcu,1,images/57pkcu.jpg
7884,young guy giving to lift weights,3y0jkk,1,images/3y0jkk.jpg
7885,a fish comprised of cow bones,bcrv7u,1,images/bcrv7u.jpg
7886,horrified sunflower bird house,2xsgn1,0,images/2xsgn1.jpg
7887,adblock bus,4nbksc,1,images/4nbksc.jpg
7888,cia cash ends up in coffers of al qaeda,2z2blj,1,images/2z2blj.jpg
7889,a secret service agent pulls on the pants of al gore,2tmu84,1,images/2tmu84.jpg
7890,a drunk woman sitting inside a black cauldron,16q46l,1,images/16q46l.jpg
7891,the drags leap of faith,6gx2a0,0,images/6gx2a0.jpg
7892,niantic is finally handing out permanent bans to pokemon go cheaters due to this reason,4xu25z,0,images/4xu25z.jpg
7893,salem woman falls stories down a trash chute,4jrj0z,1,images/4jrj0z.jpg
7894,a mayoral email account goes on unread for a year affecting pretty much no one,5w1k6y,1,images/5w1k6y.jpg
7895,after a few seconds of pondering i realize this isnt a sad potato its a cpr mannequin,2td5o5,0,images/2td5o5.jpg
7896,glazed chocolate doughnut,37vh9t,0,images/37vh9t.jpg
7897,splat self titled,8yzkpd,0,images/8yzkpd.jpg
7898,heres a technique i used to get my so to replace the stock photos in our picture frame,dhnoia,1,images/dhnoia.jpg
7899,today is my first client,90xwgx,0,images/90xwgx.jpg
7900,fuck reincarnation,1oqmdu,0,images/1oqmdu.jpg
7901,another baby white rhino nc zoo announces second birth in days,8ynwbf,1,images/8ynwbf.jpg
7902,elephant spends hours desperately trying to pull her baby free from muddy well before villagers lend her a helping hand,30hp36,1,images/30hp36.jpg
7903,conjoined dogs,6n6dqk,0,images/6n6dqk.jpg
7904,dangerous white supremist doing white power gesture,badeuf,0,images/badeuf.jpg
7905,small bag thinks of the children and the cheese,ckbmyj,1,images/ckbmyj.jpg
7906,you destroy we rebuild a builders life in wartorn syria,6l62z4,1,images/6l62z4.jpg
7907,invasion of normandy,7zfiod,0,images/7zfiod.jpg
7908,church totally in shock,b47t8x,0,images/b47t8x.jpg
7909,this rainbow my mom caught in this photo due to the lens being wet,cwu2vi,1,images/cwu2vi.jpg
7910,ceramic tiles,bavgnf,0,images/bavgnf.jpg
7911,ms direction late last night,85bb6x,0,images/85bb6x.jpg
7912,he says that he was a break from running up and he turned today,7qqaxr,0,images/7qqaxr.jpg
7913,he is displeased,4vghz0,0,images/4vghz0.jpg
7914,the soontobe mansons are psyched for their christmas wedding wonderland nuptules,2mpoal,1,images/2mpoal.jpg
7915,resist nearly million join movement to strip congress of their healthcare do you support them,69xivf,1,images/69xivf.jpg
7916,code orange forever,axptxr,0,images/axptxr.jpg
7917,a water vole eating berries,5h91id,1,images/5h91id.jpg
7918,london,xujt4,1,images/xujt4.jpg
7919,mexicans hide in a truck in an attempt to make it past the border,9g7m7b,0,images/9g7m7b.jpg
7920,the moment this lady discovered her niece had been released by boko haram,2kjurp,1,images/2kjurp.jpg
7921,this packaging material looks like snakes skin,ctidue,1,images/ctidue.jpg
7922,beer as cold as your exs heart beer salon,ay7cin,1,images/ay7cin.jpg
7923,why we buy things we dont need,56o9vh,0,images/56o9vh.jpg
7924,these eggs have been scarred,cxj1nj,0,images/cxj1nj.jpg
7925,ok dude,cdmzi4,0,images/cdmzi4.jpg
7926,peter jacksons testimony against weinstein to be split into three parts,9hfo7q,0,images/9hfo7q.jpg
7927,armed with a traditional french rapier riley stearns attacks ewan mcgregor during a dark knight th anniversary screening,7rlicy,0,images/7rlicy.jpg
7928,a kernel of my brown rice popped like popcorn,bydkys,1,images/bydkys.jpg
7929,nsfw version,c7398f8,0,images/c7398f8.jpg
7930,house votes adopting bipartisan provision that would require president trump to get approval from congress before striking iran,cci2qz,1,images/cci2qz.jpg
7931,this cutout exit sign in the seattle space needle,ciibi0,1,images/ciibi0.jpg
7932,mlk jr million man or the great on washington was held in washington dc on wednesday,9iclbk,0,images/9iclbk.jpg
7933,this cherry has another one growing off of it,bsudq0,1,images/bsudq0.jpg
7934,xi jinpings leaked sex tape,cyjrdr,0,images/cyjrdr.jpg
7935,disciples in need of jpeg,8im92l,0,images/8im92l.jpg
7936,this girl puking a waterfall,2g02ft,1,images/2g02ft.jpg
7937,walmart eyes legal action over donkey meat recall,1uafrd,1,images/1uafrd.jpg
7938,does pokemon go put black players in danger,4tc9qe,0,images/4tc9qe.jpg
7939,california settles decadeslong lawsuit over lead paint but outcome is bittersweet,cekigy,1,images/cekigy.jpg
7940,keble college dining hall oxford uk,37ecco,1,images/37ecco.jpg
7941,these german soldiers pedal a generator for a field wireless radio,6mh5ap,1,images/6mh5ap.jpg
7942,toys r us prepares to liquidate business,85k065,0,images/85k065.jpg
7943,ummm,995j0y,0,images/995j0y.jpg
7944,this vending machine sells chow mein not pictured also sells drinks,aysa2s,1,images/aysa2s.jpg
7945,wildfires beware boeing patents giant bullet to shoot down blazes,50jp22,1,images/50jp22.jpg
7946,army sniper low crawls towards treeline,37macs,0,images/37macs.jpg
7947,two lettuces bought from different supermarkets were grown by the same person,9fklt9,1,images/9fklt9.jpg
7948,d oh no no no,1cj27o,0,images/1cj27o.jpg
7949,swine jesus,7nvn2m,0,images/7nvn2m.jpg
7950,shadow face,36zep3,0,images/36zep3.jpg
7951,these happy little guys on my forklift blade,bpp8os,0,images/bpp8os.jpg
7952,a baby being tossed in the air,3ggk55,1,images/3ggk55.jpg
7953,make america great again donald trump,5xarnt,0,images/5xarnt.jpg
7954,moms instinct helps police end amber alert,29r0nh,1,images/29r0nh.jpg
7955,the history channel present,cc4xud,0,images/cc4xud.jpg
7956,us general says it is not releasing his tax plan raises top rate,51391u,0,images/51391u.jpg
7957,this urine color chart in the public bathroom of discount tire,b69cnt,1,images/b69cnt.jpg
7958,a happy building,6jmp3b,0,images/6jmp3b.jpg
7959,a wall completely covered in keyboard keys,bfdzdw,1,images/bfdzdw.jpg
7960,palestine library of congress call number for intifada,2e2nz4,0,images/2e2nz4.jpg
7961,porta potties being hoisted up by a crane,avlloj,1,images/avlloj.jpg
7962,putin and his cat,59v2w2,1,images/59v2w2.jpg
7963,this statue at a cemetery in paris,6zozha,1,images/6zozha.jpg
7964,pine cone on a branch,25olzu,0,images/25olzu.jpg
7965,hannibal crossing the alps bc,9efsj7,0,images/9efsj7.jpg
7966,husky wearing a bantha star wars costume,4mbi3s,1,images/4mbi3s.jpg
7967,donald trumps afghanistan peace process is called losing fox news analyst says,cywysz,1,images/cywysz.jpg
7968,happy deli plate d,1ldyeu,0,images/1ldyeu.jpg
7969,this egg looks like a testicle,b2817q,1,images/b2817q.jpg
7970,colorado officer steps in on donuts with dad day so girl wouldnt feel left out,58qmr8,1,images/58qmr8.jpg
7971,gandalf solarium,bb3nb8,0,images/bb3nb8.jpg
7972,skogafoss iceland,68m0dj,1,images/68m0dj.jpg
7973,orange sunset in north carolina,6ykv35,1,images/6ykv35.jpg
7974,thorn selftitled,72jp8y,0,images/72jp8y.jpg
7975,a sock puppet with long hair,4azg7g,0,images/4azg7g.jpg
7976,collapsed swing set,cy1mzp,0,images/cy1mzp.jpg
7977,a blade of grass looks very happy under a microscope,bzu4vw,0,images/bzu4vw.jpg
7978,black lives matter members attack a lone police officer,68epyi,0,images/68epyi.jpg
7979,two planes in a foam pit,6mxyzh,1,images/6mxyzh.jpg
7980,baby flamingo with blue shoes on its feet,6xeak6,1,images/6xeak6.jpg
7981,suspicious of its surroundings,3jcp61,0,images/3jcp61.jpg
7982,my dad has kept and filed every check hes ever written,bg4y30,1,images/bg4y30.jpg
7983,the last strike iww poster,3bvpn5,0,images/3bvpn5.jpg
7984,sunset in lynn canal ak,b5rk2b,1,images/b5rk2b.jpg
7985,a cat cleaning on a high shelf,2cjfwt,1,images/2cjfwt.jpg
7986,europe united guarantee of peace anticommunism france,8f3d3m,0,images/8f3d3m.jpg
7987,bill murray gives world series seat to cubs fan without a ticket,5armb6,1,images/5armb6.jpg
7988,brugiere thinking will ruin your chances,6h8coe,0,images/6h8coe.jpg
7989,when all the pizza is gone,94tb4w,0,images/94tb4w.jpg
7990,he picked up more than a girl poster circa public health vd std prevention effort england,7lr4vj,0,images/7lr4vj.jpg
7991,the tree by my house has two different types of blossoms on it,bf3n4s,1,images/bf3n4s.jpg
7992,rac dont even start,7eaq3m,0,images/7eaq3m.jpg
7993,emma watson,xgu6c,1,images/xgu6c.jpg
7994,texans are adopting dogs in droves to rescue them from flooded animal shelters,4z93ds,1,images/4z93ds.jpg
7995,guy standing in front of hong kong,21l245,1,images/21l245.jpg
7996,classic bbc calibration card,10thci,1,images/10thci.jpg
7997,snapshot of the romanian revolution,6frrm8,0,images/6frrm8.jpg
7998,all the lost found sunglasses at my gym are red,d90t9t,1,images/d90t9t.jpg
7999,this tree growing through a wire fence,avfeqk,1,images/avfeqk.jpg
8000,this sad kitten,8jqno0,1,images/8jqno0.jpg
8001,yearold girl explains why her singing of the national anthem was so terrible,xjbns,1,images/xjbns.jpg
8002,actor charlie day curled in the fetal position on an armchair,5705tu,1,images/5705tu.jpg
8003,washed upmindless ride the chill wave,7bvdze,0,images/7bvdze.jpg
8004,vibes self titled,7boit6,0,images/7boit6.jpg
8005,prostitution vigilante hooked for pimping,4d4qya,1,images/4d4qya.jpg
8006,child soldiers on looking the execution of prisoners,9hczrf,0,images/9hczrf.jpg
8007,my venus flytrap caught a daddy long legs last night i thought he was experimenting with a new do,cv87ce,1,images/cv87ce.jpg
8008,this is the only american ambulance now saving lives in russia between and,asxbh1,0,images/asxbh1.jpg
8009,found this nice shining reference in rome,cdd6jd,1,images/cdd6jd.jpg
8010,mans genetic predisposition for heart disease no match for halfassed pushups he does couple times a week,5y9d6t,0,images/5y9d6t.jpg
8011,i guess he doesnt want to be eaten,781ey8,0,images/781ey8.jpg
8012,this cop swinging at a young couple,4jwn3p,1,images/4jwn3p.jpg
8013,michigan will no longer require property owners to post a cash bond of up to before they can challenge a civil forfeiture case in court under a bill signed by gov rick snyder,5n9xch,1,images/5n9xch.jpg
8014,ive tried satire my hand at satire check it out,8fxask,0,images/8fxask.jpg
8015,topdown xwing pew pew,40myjt,0,images/40myjt.jpg
8016,medaled boy measuring air,3pvpz0,1,images/3pvpz0.jpg
8017,president george h w bush with el presidente generalisimo mustacho gonzalez mex at the initialing draft of nafta granting mexicans all us jobs companies also open border policy to bad hombres oct,8putqy,0,images/8putqy.jpg
8018,this building looks like a snake head,2bz8p4,0,images/2bz8p4.jpg
8019,the cat ripped through the bag,av6pb9,0,images/av6pb9.jpg
8020,cant fly a drone above yosemite so heres a panorama of isfjorden norway side of iceland,7udnqs,0,images/7udnqs.jpg
8021,this belongs here,17r1q0,0,images/17r1q0.jpg
8022,my mom found this guy on her film cartridge,7m9ocj,0,images/7m9ocj.jpg
8023,rick santorum teaches class how to respond to a school shooter,87e3r3,0,images/87e3r3.jpg
8024,proposal to reintroduce grizzlies to the north cascades gets a boost from the creator of the webcomic oatmeal,5zq0u6,1,images/5zq0u6.jpg
8025,wisconsin chief who allegedly signed tea party leader up for gay dating sites to be charged,2b6qdw,1,images/2b6qdw.jpg
8026,bearded dragon,3vkwp2,1,images/3vkwp2.jpg
8027,not sure where to put this most awesome link that a saw on fb develop a backbone not a wishbone,13dp8k,1,images/13dp8k.jpg
8028,upstart outlaw check your sole drive,byelni,0,images/byelni.jpg
8029,swapping gun for bald eagle fargo school student agree on yearbook photo,43seyx,1,images/43seyx.jpg
8030,pilot,6romms,0,images/6romms.jpg
8031,on the headrest of the front seat in my taxi the kilometres and minutes remaining and live traffic updates on the route were taking,d09n45,1,images/d09n45.jpg
8032,former lockheed martin engineer from texas i met aliens at area,2kvxqp,1,images/2kvxqp.jpg
8033,americas founding fathers sending the declaration of independence,bdlivw,0,images/bdlivw.jpg
8034,deathtrap on gms naughty words list,25tena,1,images/25tena.jpg
8035,facebooks jeff zuckerberg has casual sit down lunch with new company staff,8nmt5s,0,images/8nmt5s.jpg
8036,casual obama,5ptow5,1,images/5ptow5.jpg
8037,pow camp during the wars of scottish independence colourized circa ad,axdoms,0,images/axdoms.jpg
8038,elitists consulting the epstein guards th,cotgrw,0,images/cotgrw.jpg
8039,pub landlord who attacked regular who didnt drink up quickly enough found guilty of murder,3lenmo,1,images/3lenmo.jpg
8040,this doll who has seen some shit,2twgxh,1,images/2twgxh.jpg
8041,the geese are sad to leave,1rcqcz,0,images/1rcqcz.jpg
8042,feed me money,2ilz2u,0,images/2ilz2u.jpg
8043,first lady barbara bush greeting a foreign dignitary,8d1czg,0,images/8d1czg.jpg
8044,these two conjoined skittles,dk6so5,1,images/dk6so5.jpg
8045,this brown thrasher i caught during field research,2l8erf,1,images/2l8erf.jpg
8046,the seats in this video game cant believe what theyre seeing,7k3ntb,0,images/7k3ntb.jpg
8047,i shopped at amazons new starproduct store in new york city heres why i wouldnt do it again,9jopc1,0,images/9jopc1.jpg
8048,perfectly cooked medium rare steak,98nwik,0,images/98nwik.jpg
8049,try again in a small island here,64d6jq,0,images/64d6jq.jpg
8050,claus von stauffenberg and other conspirators plan the plot to kill hitler,7a49qk,0,images/7a49qk.jpg
8051,couple testing prototype pooppowered lawnmower late s,9jrcbh,0,images/9jrcbh.jpg
8052,a homeless woman picked up an lapd nightstick during the skid row shooting and could get life in prison,3eavgl,1,images/3eavgl.jpg
8053,callmecarson fights boomers,d74wr2,0,images/d74wr2.jpg
8054,the hole on my lid was off centered,9dlery,1,images/9dlery.jpg
8055,is this the fabled trump pee tape one intrepid reporter investigates,d9n0z4,1,images/d9n0z4.jpg
8056,old school swingdance,2hohej,1,images/2hohej.jpg
8057,marijuana pepsi the woman who defied her bullies,c3gs0n,1,images/c3gs0n.jpg
8058,woman taken to wrong hospital faces bankruptcy,2m27al,1,images/2m27al.jpg
8059,hunter decides not to climb on a motorcycle,8i4re8,0,images/8i4re8.jpg
8060,this viper with its tongue out,d824n9,1,images/d824n9.jpg
8061,rusty winnipegs glasseswearing hospital therapy dog to be honoured with ceremony,7jvf8m,1,images/7jvf8m.jpg
8062,this stick fell right in between these two branches,avo3ym,1,images/avo3ym.jpg
8063,twenty one pilots trench,dhqkx4,0,images/dhqkx4.jpg
8064,the little bus that could but didnt want to,6434of,0,images/6434of.jpg
8065,caught my odometer at,bwwxxp,1,images/bwwxxp.jpg
8066,this overflow valve on a ship looks like the head of a muppet wearing fullplate armor,bsxwpr,1,images/bsxwpr.jpg
8067,my loo roll had a malfunction in the factory,9ity87,1,images/9ity87.jpg
8068,monthold boy arrested in attempted murder no longer wanted by police,22um8u,1,images/22um8u.jpg
8069,ed hochuli reviewed an unreviewable play and then said he did not review it because it was unreviewable,13mvdb,1,images/13mvdb.jpg
8070,this upvote shaped house,ckf2mz,1,images/ckf2mz.jpg
8071,rogue scholars barcelunar,79emye,0,images/79emye.jpg
8072,the saddest bus in the entire world,82h2jw,0,images/82h2jw.jpg
8073,chicken tenders on a brushed stainless steel platter,dc6gu3,0,images/dc6gu3.jpg
8074,kiddo running away from carsunset,5xuu32,1,images/5xuu32.jpg
8075,kimbo slice giving an uppercut in the octagon,2ngxuk,1,images/2ngxuk.jpg
8076,a person scrapping a beautiful structure,aywi98,0,images/aywi98.jpg
8077,oregon family dial after pound pet cat holds them hostage in bedroom,2077hz,1,images/2077hz.jpg
8078,youth serves the fuhrer all yearolds into the hj,7rvbkv,0,images/7rvbkv.jpg
8079,oh no hes playing again,6rblc8,0,images/6rblc8.jpg
8080,sole survivor of sinking of lusitania,8sosc6,0,images/8sosc6.jpg
8081,grizzly bear relaxing,d4x7cq,1,images/d4x7cq.jpg
8082,o,3cv3dq,0,images/3cv3dq.jpg
8083,i found a cross stitch cd rom program for ps,9cq0x8,1,images/9cq0x8.jpg
8084,human thought for world progress ussr,853i2z,0,images/853i2z.jpg
8085,quiz do you have what it takes to teach santa to socialize with other adults,5ibhyr,0,images/5ibhyr.jpg
8086,department of interior asks for resignation of obamaera elk,67w4zv,0,images/67w4zv.jpg
8087,washington,c9nh95,0,images/c9nh95.jpg
8088,this guy watches over my mothers grave she would have loved this,27c41s,0,images/27c41s.jpg
8089,madonna badger whose family died in fire marries bill duke,2bqdnw,1,images/2bqdnw.jpg
8090,meet the rebel road fixers making malaysias roads safer,5jmlvx,1,images/5jmlvx.jpg
8091,man accused of setting fire to stores american flag because it wasnt displayed properly,92hog9,1,images/92hog9.jpg
8092,joe girardi giving aaron judge and gary sanchez batting practice advice,6gtgfi,0,images/6gtgfi.jpg
8093,my sons shoes are shocked,8u3cx4,0,images/8u3cx4.jpg
8094,the way my cat sleeps,cxuadf,1,images/cxuadf.jpg
8095,texas border chaos courts families government collide in zerotolerance debacle,8t9csu,1,images/8t9csu.jpg
8096,inwall aquarium,3olx4o,0,images/3olx4o.jpg
8097,the gay agenda international love,8sd2yh,0,images/8sd2yh.jpg
8098,this,dmundjf,0,images/dmundjf.jpg
8099,guess got some time travellers at my work,de8z1e,1,images/de8z1e.jpg
8100,available here,epx1iyi,0,images/epx1iyi.jpg
8101,bruce willis hanging out in an infinity pool,3yscxz,1,images/3yscxz.jpg
8102,ukraine election comedian leads presidential contest,b7y71c,1,images/b7y71c.jpg
8103,brazil replaces farright education minister with conspiracy theorist,bbbiaq,1,images/bbbiaq.jpg
8104,foulmouthed parrot be used as evidence in murder trial prosecutor says,4q8iw5,1,images/4q8iw5.jpg
8105,look of defeat,1stypv,1,images/1stypv.jpg
8106,this man spent five months in jail not knowing his bail was,4m3drn,1,images/4m3drn.jpg
8107,i would make this face if i lived under a car all day too,7zrtel,0,images/7zrtel.jpg
8108,a nazi officer studying counterdefensive strategies in a berlin bunker when he suddenly hears a gunshot from hitlers room,91wml2,0,images/91wml2.jpg
8109,airstream trailers have mattresses that are shaped to fit the aerodynamic rounded corners,c43ae5,1,images/c43ae5.jpg
8110,the shad flies have hatched in iowa,ccyiuv,1,images/ccyiuv.jpg
8111,he likes it when you pee on his face,6ah4yq,0,images/6ah4yq.jpg
8112,during the great chocolate prohibition of a family is forced to bury all their hershey kisses,ddgwcq,0,images/ddgwcq.jpg
8113,rosie huntingtonwhiteley and a sloth nsfw,34jvmv,1,images/34jvmv.jpg
8114,my cousin saw this,8kscdz,0,images/8kscdz.jpg
8115,a year old boy with terminal cancer donates the money supplied to him from the makeawish foundation to children in haiti,7vbj97,1,images/7vbj97.jpg
8116,stand your ground cited in shooting of whiny little caesars pizza customer,152lsk,1,images/152lsk.jpg
8117,happy little dustpan,3m9v1r,0,images/3m9v1r.jpg
8118,let me out,58xc71,0,images/58xc71.jpg
8119,amazing by kanye is my favorite pictures that i post this here,972406,0,images/972406.jpg
8120,prince charles visiting a climate change research facility,91r0eu,1,images/91r0eu.jpg
8121,the radiators better times,827yck,0,images/827yck.jpg
8122,discovery of human foot on seattle waterfront adds to appendage tally,25noxs,1,images/25noxs.jpg
8123,russia to ban foul language on social networks and discussion boards,1jebjo,1,images/1jebjo.jpg
8124,busy schedule forces vladimir putin to move up election win a couple days early,84g1v6,0,images/84g1v6.jpg
8125,a robot sticking his tongue out at you,b9hv87,0,images/b9hv87.jpg
8126,cute dog with haricut sitting on couch,3xr8ce,1,images/3xr8ce.jpg
8127,this d building i saw driving past houston,90aoz1,0,images/90aoz1.jpg
8128,dominos have hours to pay ransom for customers passwords and favourite toppings,28agju,1,images/28agju.jpg
8129,this deformed chicken egg,cb3s3y,1,images/cb3s3y.jpg
8130,exsecret service agent barbara bushs code name was absolutely perfect,8gb356,0,images/8gb356.jpg
8131,this super long plunger at work,cti9v5,1,images/cti9v5.jpg
8132,a series of suspicious money transfers followed the trump tower meeting,9fa3py,1,images/9fa3py.jpg
8133,i teabagged my floor,biuqbo,1,images/biuqbo.jpg
8134,some happy bus seats,yqyl4,0,images/yqyl4.jpg
8135,a young josef stalin during a visit to his home country georgian highlands ca,7vn6v7,0,images/7vn6v7.jpg
8136,california the united states most productive agricultural state has banned a widely used pesticide blamed for harming brain development in babies,brgmy5,1,images/brgmy5.jpg
8137,my fedora hat,9e77p3,0,images/9e77p3.jpg
8138,starset living on the edge,bkilmg,0,images/bkilmg.jpg
8139,the end of coal eu energy companies pledge no new plants from companies from every eu nation except poland and greece sign up to initiative in bid to meet paris pledges and limit effects of climate change,63n2rw,1,images/63n2rw.jpg
8140,behind the scenes footage of s blockbuster hit movie speed,78anmn,0,images/78anmn.jpg
8141,this man having a piggyback ride,8tuy61,0,images/8tuy61.jpg
8142,from local buy swap and sell page does anyone else think these seats look like a cartoony deadpool,51qa2o,0,images/51qa2o.jpg
8143,this tiny creature was lodged in my leg magnified,9jy4ua,1,images/9jy4ua.jpg
8144,safety over sexy airport stops woman with gunshaped heels,48iof3,1,images/48iof3.jpg
8145,home grown og kush,d4tgni,0,images/d4tgni.jpg
8146,acrobatic monk stolen from rhumanporn,15w6no,1,images/15w6no.jpg
8147,girls coach accused of biting player,1qzemk,1,images/1qzemk.jpg
8148,jock scientists identify gay gene in fellow researcher carl funny,22ox40,0,images/22ox40.jpg
8149,baby tiger leaping,6vjek0,1,images/6vjek0.jpg
8150,the sun shining in through my blinds looks like a galaxy,az601o,1,images/az601o.jpg
8151,my teabag string is alive,b2b0h1,1,images/b2b0h1.jpg
8152,police launch terror probe after machete attack on soldiers at louvre,5rvpc2,1,images/5rvpc2.jpg
8153,man can still win fantasy football this week provided tight end scores touchdowns on monday,9iiuof,0,images/9iiuof.jpg
8154,the pear was turning red,dde6nj,1,images/dde6nj.jpg
8155,i will keep you safe,2qdgo5,0,images/2qdgo5.jpg
8156,how real this medical training baby doll looks,9eq0y5,1,images/9eq0y5.jpg
8157,ancient people last summer knight,83wdz8,0,images/83wdz8.jpg
8158,yearold makes tutus for dogs wants to donate proceeds to animal shelters,2rgugs,1,images/2rgugs.jpg
8159,little robot bright future,77j29a,0,images/77j29a.jpg
8160,the dumpster hinge was yodeling at me,2d6nv0,0,images/2d6nv0.jpg
8161,john f kennedy reading the newspaper smoking a cigar on his boat,5ge0e9,1,images/5ge0e9.jpg
8162,moon rock given to holland by neil armstrong and buzz aldrin is fake,2qpiky,1,images/2qpiky.jpg
8163,obama fills out lukewarm glassdoor review after exiting presidency,5ppt60,0,images/5ppt60.jpg
8164,the bengal cat is trying to sleep,6kue7l,1,images/6kue7l.jpg
8165,this little space heater looks happy,43w6jq,0,images/43w6jq.jpg
8166,philadelphia nun convicted of dui,4fnygc,1,images/4fnygc.jpg
8167,this dickhead was smirking at me when i went to change out my laundry,34nrh5,0,images/34nrh5.jpg
8168,group stages food fight to help gastroenterology research,433ebh,1,images/433ebh.jpg
8169,karo tribal elder overlooking ethiopia,7mqyzn,1,images/7mqyzn.jpg
8170,a picture my dad took at waimea canyon kauai amazing adventures,95he7i,0,images/95he7i.jpg
8171,incredible wizardry this man somehow fooled his penis into thinking his hand was a vagina,btny42,0,images/btny42.jpg
8172,exploding poop topples building in china,2n8ut2,1,images/2n8ut2.jpg
8173,xixth century gatling mounted camel army printmaking,5g9e27,1,images/5g9e27.jpg
8174,national geographic by the piers,6ap67u,0,images/6ap67u.jpg
8175,girl of is first child in britain to receive artificial heart,64j035,1,images/64j035.jpg
8176,the eye of beet,6enjiu,0,images/6enjiu.jpg
8177,bartolome de las casas defends the mestizos during his debate with juan de sepulveda,9hjk65,0,images/9hjk65.jpg
8178,density give me more,67c22m,0,images/67c22m.jpg
8179,my fathers writing day after kennedy was shot he told me this is how teachers taught kids what had happened the day before,c0tfnh,1,images/c0tfnh.jpg
8180,i think shes tryna flirt,7mk4ye,0,images/7mk4ye.jpg
8181,i thought this was a picture of some guy sitting on someone,crflqf,0,images/crflqf.jpg
8182,the top of the oreo was on backwards,cp071h,1,images/cp071h.jpg
8183,openair initiation of kkk under the light of the fiery cross usa s,57p9jb,0,images/57p9jb.jpg
8184,this credit cards main selling point is that its heavier than other cards,dg4mi5,1,images/dg4mi5.jpg
8185,got rearended by a semi truck and the only part of my windshield that didnt get shattered was the detroit sticker on my windshield im fine by the way dont worry,czb3ix,1,images/czb3ix.jpg
8186,visited the worlds largest chair today,cky61o,1,images/cky61o.jpg
8187,this crab has a monkeys face on its back,da4234,0,images/da4234.jpg
8188,ww german poster wir halten durch,by7z4h,0,images/by7z4h.jpg
8189,this child police officer,7pxzm3,1,images/7pxzm3.jpg
8190,police mom praised for saving son from explosion admits she started fire,23wygz,1,images/23wygz.jpg
8191,aerial picture of england fulfill your dictorial dreams,xd630,1,images/xd630.jpg
8192,tree growing around do not litter sign,9cjvcz,1,images/9cjvcz.jpg
8193,microscopic image of a sperm going to fertilize an egg,7lstt6,0,images/7lstt6.jpg
8194,its time to eat your hands,1352jq,0,images/1352jq.jpg
8195,arizona state universitys wp carey school of business is using millon dollar donation to offer full scholarships for all incoming mba students,3owbzl,1,images/3owbzl.jpg
8196,human brain and spinal cord the source code for all newreturning college students,519ikm,0,images/519ikm.jpg
8197,the reflection from my chandelier makes it look like a street lamp on my coffee table next to this monopoly house,bsyrmo,0,images/bsyrmo.jpg
8198,dressed up falling into pool was told to submit here for endless possibilities,1k89az,1,images/1k89az.jpg
8199,i knew something was wrong when the gym creep asked her if she catches him cheating again,4h28ei,0,images/4h28ei.jpg
8200,amtrak asks woman if shes still trapped in elevator months later,51xlac,1,images/51xlac.jpg
8201,bolshevism is slavery around world war i poster,1l4upz,0,images/1l4upz.jpg
8202,gorilla sales skyrocket after latest gorilla attack,73v8ux,0,images/73v8ux.jpg
8203,basketballer chris paul at all star weekend in toronto,468ewl,1,images/468ewl.jpg
8204,fema was sorely unprepared for puerto rico hurricane report says,8yfoeg,1,images/8yfoeg.jpg
8205,this pensive cat,3fj8rr,1,images/3fj8rr.jpg
8206,friends aux cord looks mildly happy to see you,5v1k2o,0,images/5v1k2o.jpg
8207,mark hamill saddles sarah huckabee sanders with a scathing new job title,bmyqmi,0,images/bmyqmi.jpg
8208,beluga whale blasting japanese kids with water,1msak6,1,images/1msak6.jpg
8209,these clouds that look like mountains,c9a6fq,0,images/c9a6fq.jpg
8210,did legion boost world of warcrafts subscriber numbers over million,560333,0,images/560333.jpg
8211,my latest maze word game id love feedback if anyone is interested i draw these by hand link to download in comments,cpf5a4,1,images/cpf5a4.jpg
8212,hold my beer while i roll through this little patch of mud,4sgud4,0,images/4sgud4.jpg
8213,differing levels of coconut bits sedimentation,auga8r,1,images/auga8r.jpg
8214,this pile of dirty clothes,84z5ur,0,images/84z5ur.jpg
8215,this red maple seed looking thing,c7ya2s,1,images/c7ya2s.jpg
8216,this cat in a cardboard tank ready to tear shit up,37e513,1,images/37e513.jpg
8217,librarian arrested at kansas city public library for defending free speech,57lqk6,1,images/57lqk6.jpg
8218,my brother made his shadow look like yoda,axk965,1,images/axk965.jpg
8219,saw this little guy giving me a rather toothy grin,7m1olr,0,images/7m1olr.jpg
8220,so happy to be in the bathroom,1sbizw,0,images/1sbizw.jpg
8221,patriothole hell yes baby it is the special choochoo medicine called coal the patriotic vegetable that comes from mountains,6box9e,0,images/6box9e.jpg
8222,amused potentiometer,1ic0s7,0,images/1ic0s7.jpg
8223,a boy with autism wouldnt sit still on a united airlines flight so crew and passengers stepped in to help,cwprit,1,images/cwprit.jpg
8224,a british policeman put his colleagues on alert as he investigated a suspicious bright light only to find it was the moon,10ivdc,1,images/10ivdc.jpg
8225,optimus prime,98fmfs,0,images/98fmfs.jpg
8226,found a tree with a wall inside of it,bryabu,1,images/bryabu.jpg
8227,pressure washing the sidewalk gave me the middle finger,9g4wvh,1,images/9g4wvh.jpg
8228,the matrix rooftop scene was shot on top of the building on the right,c60btk,1,images/c60btk.jpg
8229,family photo,2k78wh,1,images/2k78wh.jpg
8230,different prices for the same product on the same shelf kyle was so mad he punched through the dry wall,c0wrlg,1,images/c0wrlg.jpg
8231,this drink vendor labels calories of water for different sizes,9e774g,1,images/9e774g.jpg
8232,strange attractors midnight,7nuc5j,0,images/7nuc5j.jpg
8233,wallace or towmater,25wrqo,0,images/25wrqo.jpg
8234,tour de france devil,1iu7xn,1,images/1iu7xn.jpg
8235,whoo goes there,2d8sne,0,images/2d8sne.jpg
8236,this claw machine at a bar i djd at last night nsfw,9e68x5,1,images/9e68x5.jpg
8237,my small coke fits perfectly in my cup holder,cf2pc0,1,images/cf2pc0.jpg
8238,teens say taylor swift light show saved them in wreck after concert,3866vb,1,images/3866vb.jpg
8239,my local brewery has a coaster from everyone whos brewed there in their bathroom,cq43da,1,images/cq43da.jpg
8240,happy tape measure,au0mgf,0,images/au0mgf.jpg
8241,hmb while i put on a swing,7igoj9,0,images/7igoj9.jpg
8242,clickventure youre a giant squid can you fight and defeat a boat,6ohcm2,0,images/6ohcm2.jpg
8243,usa politics republican in brawl while testing montana vote for trump,6dcgy6,1,images/6dcgy6.jpg
8244,this microphone looks like its having a crisis,7dd0mg,0,images/7dd0mg.jpg
8245,there will now likely be two democratic socialists of america members in congress,95qo1z,1,images/95qo1z.jpg
8246,golfer jason dufner having a blast visiting kids at a school in dallas,1b7smr,1,images/1b7smr.jpg
8247,found a real life amazon store they had a real life service rater,btdafu,1,images/btdafu.jpg
8248,nba player excited after dunk,40ksfo,1,images/40ksfo.jpg
8249,new york,6ksxqq,1,images/6ksxqq.jpg
8250,indies must be free work and fight for it dutch east indies,984zaf,0,images/984zaf.jpg
8251,paralysed mother finds love with personal trainer after husband leaves her while she was in hospital,6xv0cg,1,images/6xv0cg.jpg
8252,this graffiti on an old bridge,cntx4r,1,images/cntx4r.jpg
8253,car tire without any rubber,cblbfh,1,images/cblbfh.jpg
8254,trump immigrant curbs cause chaos panic anger worldwide,5qopvd,1,images/5qopvd.jpg
8255,damn tough business freaky deaky,75qyxz,0,images/75qyxz.jpg
8256,theres a monster in the lab,556ytn,0,images/556ytn.jpg
8257,its too hot to be a time that we have a car with a tree growing around it,6smtrw,0,images/6smtrw.jpg
8258,its big its black and you can sit on it,92r0ka,0,images/92r0ka.jpg
8259,just moments before a rugby try,6amp65,1,images/6amp65.jpg
8260,donald trump lights the wick of war,75ss3b,0,images/75ss3b.jpg
8261,uber releases windows phone app dozens of seattle users rejoice,2bkaw1,1,images/2bkaw1.jpg
8262,austrian labourbattle fatherland front poster austria,6iz6zc,0,images/6iz6zc.jpg
8263,zach galifianakis to take woman he rescued from homelessness as date to hangover part iii premiere,1eqzqb,1,images/1eqzqb.jpg
8264,sad kids late parents,94sk8l,0,images/94sk8l.jpg
8265,this historical fountain i passed had a water dish for your pets,cp2z40,1,images/cp2z40.jpg
8266,my lotion has braille imprinted onto the tag,9fw2ed,1,images/9fw2ed.jpg
8267,bag in street looks like a sitting president abe lincoln,51fd3v,0,images/51fd3v.jpg
8268,graphite only pencil,dgvi03,1,images/dgvi03.jpg
8269,i saw this little guy in my airbnb,9czizj,0,images/9czizj.jpg
8270,not my picture but it made me laugh thought id share,cjfvtg,0,images/cjfvtg.jpg
8271,hilarious picture of a man and his dog,1oam5y,1,images/1oam5y.jpg
8272,sinoindian war circa,b0mp6s,0,images/b0mp6s.jpg
8273,this elephant in water from rpics,20s7ig,1,images/20s7ig.jpg
8274,sex trafficking law becomes center of debate about tech responsibility,90u575,1,images/90u575.jpg
8275,my toothless friend,2tlehk,1,images/2tlehk.jpg
8276,this black cat,cs7g1r,1,images/cs7g1r.jpg
8277,shopping cart thinks the field goal is good,oaey6,0,images/oaey6.jpg
8278,android hacked by semiliterate ethiopian children,12czw2,1,images/12czw2.jpg
8279,very nice megapixel pic of obamas inauguration,7s5g3,1,images/7s5g3.jpg
8280,bathroom stall coat hanger has seen some things,60ompz,0,images/60ompz.jpg
8281,yearold given award after bringing pickup to stop after fathers heart attack and saving him,450tcd,1,images/450tcd.jpg
8282,eu press release announces article enactment new year,9flyqc,0,images/9flyqc.jpg
8283,gun goes off in kindergartners backpack at tennessee school,1kxh4i,1,images/1kxh4i.jpg
8284,my friends sliding down a slanted roof having a great time,1f7997,1,images/1f7997.jpg
8285,dog looks like hes surfing the grass,as6je9,0,images/as6je9.jpg
8286,cutouts,clkbvq8,0,images/clkbvq8.jpg
8287,first time this has happened before bug in my bag of salad,av8fep,1,images/av8fep.jpg
8288,happy smiley dog,4x6w68,1,images/4x6w68.jpg
8289,iran jails two people were killed by kurdistan workers party into iraq,3lqejb,0,images/3lqejb.jpg
8290,john kerry kicking a soccer ball,24u4bo,1,images/24u4bo.jpg
8291,a long deformed part of my chickenfila tendie,cjx1gt,1,images/cjx1gt.jpg
8292,stagedive,chlv5hf,0,images/chlv5hf.jpg
8293,a coral snake,5nknjm,0,images/5nknjm.jpg
8294,british sex expert says to parents stop forcing your kids to kiss grandpa,1uu9x9,1,images/1uu9x9.jpg
8295,monkey d luffy joining protests while using gomugomu no stamp circa,cczfzv,0,images/cczfzv.jpg
8296,found this at work tonight looks a bit shocked,7o6edx,0,images/7o6edx.jpg
8297,jonestown guyana,9g57mb,0,images/9g57mb.jpg
8298,mob museum unveils fifa corruption exhibit,3jfjad,1,images/3jfjad.jpg
8299,white ermine,17138i,1,images/17138i.jpg
8300,tom butler fully prepared to take appropriate steps that continue oppression,79e4y9,0,images/79e4y9.jpg
8301,adorable old couple are actually both murderers who killed their exspouses,1nlw8b,1,images/1nlw8b.jpg
8302,ive seen things horrible things in my travels,16siai,0,images/16siai.jpg
8303,pickford saving penalty engcol,8vw102,1,images/8vw102.jpg
8304,same sex marriage done in hindu temple in india hinduism has no problem with same sex marriage,ca2rdq,1,images/ca2rdq.jpg
8305,this trees trunk was given some room,clwhz0,1,images/clwhz0.jpg
8306,ice cream melted and then refroze like this,azjd13,1,images/azjd13.jpg
8307,this bandaid has an expiry date,b3cjzk,1,images/b3cjzk.jpg
8308,oslund self titled,9k8hzj,0,images/9k8hzj.jpg
8309,this fluffy puppy sitting on the street,alw3rb,1,images/alw3rb.jpg
8310,my shoe is happy,bomrpa,0,images/bomrpa.jpg
8311,prairie sailors misplaced optimism,7pbfde,0,images/7pbfde.jpg
8312,brownlee moment as pupil carries friend to finishing line bbc news,5yhn7t,1,images/5yhn7t.jpg
8313,the nose of this cow sculpture is creepy af,7xnds7,0,images/7xnds7.jpg
8314,amy schumers sex tape leaked,b4odm1,0,images/b4odm1.jpg
8315,pregnant lyft driver in deadly accident,dgosud,0,images/dgosud.jpg
8316,canada takes garbage back from philippines ending long dispute,c7cvu4,1,images/c7cvu4.jpg
8317,trump supporter man he suckerpunched at fayetteville rally hug in court vow to heal america,5ifgwj,1,images/5ifgwj.jpg
8318,found a mutant gummy bear while snacking this evening,cfiaqh,1,images/cfiaqh.jpg
8319,aberdeen church opens doors to muslims,2i7wsp,1,images/2i7wsp.jpg
8320,republicans fearing for their safety as anger threats mount,6cjy7c,1,images/6cjy7c.jpg
8321,man suffers after planting metal balls in penis to boost sexual prowess,2h310e,1,images/2h310e.jpg
8322,thai marine feeds south korean marine celery during jungle survial course,7zp64g,1,images/7zp64g.jpg
8323,whats hobbes pondering about,w5t7v,1,images/w5t7v.jpg
8324,amelia earhart takes off on her doomed flight from lae airfield never to be seen again she was,6svrse,0,images/6svrse.jpg
8325,oci was trimming a piece of material and when i inspected it i got a damn good chuckle,chrnpe,1,images/chrnpe.jpg
8326,dynamax pikachu,bx8eow,0,images/bx8eow.jpg
8327,acrylica game of the gods,clrnva,0,images/clrnva.jpg
8328,nfl player adopts family of fallen police officer for christmas,5jr2mn,1,images/5jr2mn.jpg
8329,trumps pick for new fbi head will definitely be impartial about this russianinfluenceonelection business,6afhfl,0,images/6afhfl.jpg
8330,girl with antiaircraft cannon from wwii,37qjva,1,images/37qjva.jpg
8331,my student id fell perfectly in between my floorboards,d6k5x9,1,images/d6k5x9.jpg
8332,trudeau and obama shaking hands at the apec summit,3tiq74,1,images/3tiq74.jpg
8333,angry driver admits hurling feces in face of hoboken parking officer,1mpjxr,1,images/1mpjxr.jpg
8334,sorry i lied so much,5djxk2,0,images/5djxk2.jpg
8335,heres the no thing you didnt know about katy perry,4rwb7d,0,images/4rwb7d.jpg
8336,shaqs bank account will stun you,53bc3o,0,images/53bc3o.jpg
8337,world war s eastern theatre,c1orxi,0,images/c1orxi.jpg
8338,american colonialists prepare to strike back against british taxes,aycmie,0,images/aycmie.jpg
8339,the angry infant,2bfsej,0,images/2bfsej.jpg
8340,wood you believe i came from a different world,2ad8j1,0,images/2ad8j1.jpg
8341,artist with blow torch,1m3qbx,1,images/1m3qbx.jpg
8342,neymar in the recent match vs costa rica,8t6ben,1,images/8t6ben.jpg
8343,trekker holding a flag during a walk on a mountain,c9alee,1,images/c9alee.jpg
8344,woman seeks sign to memorialize fish killed in traffic accident laist,13b7fb,1,images/13b7fb.jpg
8345,no way to prevent this says only nations where this regualrly happens,9ajm74,0,images/9ajm74.jpg
8346,i bought a wrinkled egg,ckful5,1,images/ckful5.jpg
8347,americans dont mind paying taxes but they want trump to also,55hjbb,1,images/55hjbb.jpg
8348,i found this palindrome in my wallet,dhphso,1,images/dhphso.jpg
8349,this book checked out as early as,d6vbus,1,images/d6vbus.jpg
8350,a young boy and his family are all stricken with severe jaundice after they drink poisonous tap water in flint michigan,634pvh,0,images/634pvh.jpg
8351,wichita church pays off million in medical debt for kansans,bgh35k,1,images/bgh35k.jpg
8352,my cd case broke in a sharp wavey patern,c8hc4a,1,images/c8hc4a.jpg
8353,worried little cheeseburger at burger king,d8a1sf,0,images/d8a1sf.jpg
8354,my showerhead uses rocks and stuff as a filter and design,bk6nxe,1,images/bk6nxe.jpg
8355,my friend found a little crab with a face on his shell,cdtj8g,1,images/cdtj8g.jpg
8356,fan art of buzz lightyear getting pulling into the abyss by shadows,cdldrz,0,images/cdldrz.jpg
8357,a rare picture of a medal of honor recipient in vietnam coulorized,8enokt,0,images/8enokt.jpg
8358,boltedon tits nsfw,7bc5gw,0,images/7bc5gw.jpg
8359,hairdryers used to strike blow against speeders in hopeman,5vroul,1,images/5vroul.jpg
8360,aap ferg not the boy,8z6m67,0,images/8z6m67.jpg
8361,drunkard waiting patiently for the train,3hmu24,1,images/3hmu24.jpg
8362,long arms,auwauf,0,images/auwauf.jpg
8363,i am far more pleased with myself than i should be,cpvvds,1,images/cpvvds.jpg
8364,campfire hotdog,c0doix,0,images/c0doix.jpg
8365,this is a painting,693m7x,0,images/693m7x.jpg
8366,falling biker,4bn4uy,1,images/4bn4uy.jpg
8367,harambe payback,6i4oh1,0,images/6i4oh1.jpg
8368,weirdly crinkly chicken egg just bought at grocery store,cc2m08,1,images/cc2m08.jpg
8369,hatstealing owl prompts oregon warning signs,2vtumj,1,images/2vtumj.jpg
8370,salad dressing and cake icing have the same amount of calories per tbsp serving,9bo91d,1,images/9bo91d.jpg
8371,a major initiative to protect more than onequarter of the chinese mainland from growth and pollution is underway the area is almost the size of france spain turkey germany and italy combined totaling more than million square kilometers,bs1tgy,1,images/bs1tgy.jpg
8372,the way how these wallpapers connect,ciu78e,1,images/ciu78e.jpg
8373,sony releases coop for spiderman,9e1rgq,0,images/9e1rgq.jpg
8374,maybe its just taking a nap,8gt6ex,0,images/8gt6ex.jpg
8375,this d printed object from my university,dhbx2f,1,images/dhbx2f.jpg
8376,my girlfriend caught this picture of a complete rainbow partial double rainbow,bc1oqs,1,images/bc1oqs.jpg
8377,the initial testing of superglue finds it to be effective,9g7do6,0,images/9g7do6.jpg
8378,the grosvenor metro station is pronounced as grovenor heres why,cgsujh,0,images/cgsujh.jpg
8379,this amazing sunset in my place free use for wallpaper,ci096o,1,images/ci096o.jpg
8380,dennis rodman is rushing to rome to hang out with the new pope,1a5b4o,1,images/1a5b4o.jpg
8381,eva green on the world premiere of dumbo,b0mgjp,1,images/b0mgjp.jpg
8382,scatterbrain the echo temple,67nhsi,0,images/67nhsi.jpg
8383,japanese boat lost in tsunami washed ashore in california two years later sparked touching international relationship between high schools,2bbr8h,1,images/2bbr8h.jpg
8384,baby holding door,6t6l8n,1,images/6t6l8n.jpg
8385,boats at the amsterdam sail event,3hu59s,1,images/3hu59s.jpg
8386,uber rolls out feature for women drivers to request women riders in saudi arabia,be29h8,1,images/be29h8.jpg
8387,hitler orders to gas the jews,atb5ps,0,images/atb5ps.jpg
8388,taylor swift holding a cat,5gu58u,1,images/5gu58u.jpg
8389,denmark helps the netherlands ww,bgzby8,0,images/bgzby8.jpg
8390,teenager found guilty of murder after conkers row,tqs11,1,images/tqs11.jpg
8391,snazzy little dude all dressed up with a bow tie,2v6s9q,0,images/2v6s9q.jpg
8392,gothallica selftitled,8oklz8,0,images/8oklz8.jpg
8393,guy fieri says he will never eat this popular food,bqywpm,0,images/bqywpm.jpg
8394,boston terrier jumping midair,51rw9g,1,images/51rw9g.jpg
8395,found a german law enforcement license plate in maryland,clzhwb,1,images/clzhwb.jpg
8396,girl kicking a ball on the beach,2ue6tv,1,images/2ue6tv.jpg
8397,will doctor strange include another major villain from the comics,4zv3wi,0,images/4zv3wi.jpg
8398,friend of mine enjoying a proactiv standee,2vqad1,1,images/2vqad1.jpg
8399,macho mastiha predisposed to confrontation,6i755y,0,images/6i755y.jpg
8400,washington prison to offer nature videos in solitary,3kcp69,1,images/3kcp69.jpg
8401,the singing revolution in the soviet baltic states,9imf5o,0,images/9imf5o.jpg
8402,cursing is learned behavior dont be a parrot netherlands s,53pdd0,0,images/53pdd0.jpg
8403,this lemon looks like a pepper,d0q3k5,1,images/d0q3k5.jpg
8404,terrier jumping in mid air,4yjamf,1,images/4yjamf.jpg
8405,paparazzi surrounding bill clintons cat,6wdsu3,1,images/6wdsu3.jpg
8406,saw this happy trabant smiling at me in the german historical museum in berlin today,88s235,0,images/88s235.jpg
8407,this americana puzzle i just did has a cat with a cone around its neck,ckhwfv,1,images/ckhwfv.jpg
8408,fat guy feeding seagulls in south padre,1lwg4b,1,images/1lwg4b.jpg
8409,my work is using a picture of distracted boyfriend and his girlfriend to promote a donation event,cr2lug,1,images/cr2lug.jpg
8410,woman in a cryosauna,49xgvn,1,images/49xgvn.jpg
8411,this mcdonalds has a conveyer from the top level kitchen to the ground floor,bc53ng,1,images/bc53ng.jpg
8412,ghostface from scream,257aru,0,images/257aru.jpg
8413,this lilac sign among the blue ones,c6iq1b,1,images/c6iq1b.jpg
8414,hong kong leader signals end to extradition bill but refuses to quit,c25tmw,1,images/c25tmw.jpg
8415,bill had to quickly dispose of it in a home,40c1l0,0,images/40c1l0.jpg
8416,the eye of sauron,7sdlvp,0,images/7sdlvp.jpg
8417,will donald trump be triumphant tetchy or torpedo the president who arrives at the nato summit next week has the potential to be one of three,8y0jxy,1,images/8y0jxy.jpg
8418,a plant is growing from the flushing cistern i guess life finds a way,b6vkys,1,images/b6vkys.jpg
8419,hitlerinspired store pops up in egypt capital cairo,4arq7b,1,images/4arq7b.jpg
8420,fosters home for imaginary friends vhs,9cpt0k,0,images/9cpt0k.jpg
8421,civil war envelope showing star confederate flag hit by lightning with the message doom of the traitors flag,2vcg09,0,images/2vcg09.jpg
8422,can a pumpkin protect an iphone from a ft drop,5a6072,0,images/5a6072.jpg
8423,blog please do not let funyuns become the official chip of the altright,5eiv8t,0,images/5eiv8t.jpg
8424,google praises grandmother for polite searches,4oc3hb,1,images/4oc3hb.jpg
8425,trike fully loaded,3izqbx,1,images/3izqbx.jpg
8426,where people have touched this statue at zion np,cd8vbj,1,images/cd8vbj.jpg
8427,my commando grandfather in vietnam,6wq4on,0,images/6wq4on.jpg
8428,this dog on the bed,84w4m6,1,images/84w4m6.jpg
8429,armed fbi agent backflips at party,8r0n8s,0,images/8r0n8s.jpg
8430,nude girl with a swim cap crouching on a helipad,2f8eew,0,images/2f8eew.jpg
8431,russia on our side with us all the way c,5j5gkw,0,images/5j5gkw.jpg
8432,polar bears peering out of the cave,1u3kr7,1,images/1u3kr7.jpg
8433,this mushroom growing out of an african violet,9e4gyh,1,images/9e4gyh.jpg
8434,trash can enjoys it when you recycle,1cnyui,0,images/1cnyui.jpg
8435,this sunset it took in,d3hz06,1,images/d3hz06.jpg
8436,a day that will always live in infamy,67qwkp,0,images/67qwkp.jpg
8437,ukraine rebels go to the museum for wwii tanks and cannons,2brvbs,1,images/2brvbs.jpg
8438,a hummingbird got stuck in my porch screen,bhgcmq,1,images/bhgcmq.jpg
8439,goodbye cruel world,c53i23,0,images/c53i23.jpg
8440,a ghost demon haunts this wall,8sbcae,0,images/8sbcae.jpg
8441,leonardo dicaprio fans in siberia are melting down their jewellery to make the actor an oscar for the revenant,44k2x5,1,images/44k2x5.jpg
8442,side of a book,byzy6p,1,images/byzy6p.jpg
8443,chapecoense air crash leaked tape shows plane ran out of fuel,5ft64q,1,images/5ft64q.jpg
8444,our dreams have come true ussr s,cw07ip,0,images/cw07ip.jpg
8445,tranquility in sorrow,cho80n,0,images/cho80n.jpg
8446,handdrawn art i found at goodwill lightbulb eyeballs,ase7u6,1,images/ase7u6.jpg
8447,cat with a waffle on its head,ci5820,1,images/ci5820.jpg
8448,this basketball court in dubrovnik,ccrugc,1,images/ccrugc.jpg
8449,happy potato,ban8cs,0,images/ban8cs.jpg
8450,bill introduced to regulate mens reproductive health,1hghgf,1,images/1hghgf.jpg
8451,north korean antiamerican from the korean war ca,33oqvj,0,images/33oqvj.jpg
8452,aliens enjoy clean hands,2tew02,0,images/2tew02.jpg
8453,scientists discover a virus that subtly changes the brain to makes humans more stupid,2lv30y,1,images/2lv30y.jpg
8454,does mcdonalds sell soup in your country aswell,ch9kjf,1,images/ch9kjf.jpg
8455,these people in marvel themed wearable sleeping bags,4hnu2b,1,images/4hnu2b.jpg
8456,key election primaries to watch,85tjh0,0,images/85tjh0.jpg
8457,gestalt always thoughts of tomorrow in mind,bzq6tr,0,images/bzq6tr.jpg
8458,got a little too drunk on my birthday this past weekend,tyrak,1,images/tyrak.jpg
8459,north korea after rigging american elections,b6ih42,0,images/b6ih42.jpg
8460,quiz did you place into advanced math or the counting shed,54xjt7,0,images/54xjt7.jpg
8461,jared kushner didnt disclose business ties to george soros peter thiel and goldman sachs or that he owes billion in loans,68vvyw,1,images/68vvyw.jpg
8462,this ice cream that congratulates you when you finish it,ck68it,1,images/ck68it.jpg
8463,the birth of boris johnson,cheoi2,0,images/cheoi2.jpg
8464,prancing back to the future,23czjf,1,images/23czjf.jpg
8465,noriki dream cruise a favorite citypop album of mine i wanted to make a variant artwork,8ozzhc,0,images/8ozzhc.jpg
8466,school of the gestapo the hotspur comic,80pj02,0,images/80pj02.jpg
8467,samuel l jacksons th birthday photoshoot,ayvhs6,1,images/ayvhs6.jpg
8468,are you sure thats a good idea,8c8cuf,0,images/8c8cuf.jpg
8469,koreas to carry single olympic flag,7r0w6e,1,images/7r0w6e.jpg
8470,adventures of indeffernt barrier vol,6dlsrn,0,images/6dlsrn.jpg
8471,a concerned karl pilkington serving papadums,2ps4ga,1,images/2ps4ga.jpg
8472,more than institutions pledge to withdraw investment from fossil fuels,a65964,1,images/a65964.jpg
8473,spiders cover australian countryside,36j39p,1,images/36j39p.jpg
8474,palindromic milage upon fueling my ambulance,aukki1,1,images/aukki1.jpg
8475,someones suspicious,70t83q,0,images/70t83q.jpg
8476,this old hand dryer that has a mirror on it,c3yzap,1,images/c3yzap.jpg
8477,lidl sells off brand aperol called bitterol,cok383,1,images/cok383.jpg
8478,while cleaning i found a picture of the old homeowners dog and found where it was taken,cce5ik,1,images/cce5ik.jpg
8479,predator tree oc,bhm0qw,0,images/bhm0qw.jpg
8480,queen of hearts statue,5hi1f2,1,images/5hi1f2.jpg
8481,microsoft cofounder paul allen gives m to house homeless lowincome families,9i7r3a,1,images/9i7r3a.jpg
8482,this guy is jamming out,2jvlve,0,images/2jvlve.jpg
8483,harvey weinstein responds to the allegations of sexual misconduct made towards him,7s295v,0,images/7s295v.jpg
8484,theres a new friend at the face my old fish tank,3krr9r,0,images/3krr9r.jpg
8485,derpburger,29r26w,0,images/29r26w.jpg
8486,wet japanese soldier in the rain,4cipth,1,images/4cipth.jpg
8487,crosseyed semitrailer,6ncq1i,0,images/6ncq1i.jpg
8488,stray dog saves police officers from gang attack,34bfej,1,images/34bfej.jpg
8489,this zebra crossing that looks threedimensional,ba2giy,1,images/ba2giy.jpg
8490,a partly submerged argentinian ornate horned frog,6nu0ln,1,images/6nu0ln.jpg
8491,theresa asks tory party for resignation extension,bxt7gl,0,images/bxt7gl.jpg
8492,this lantern exhibit at the cne in toronto,cvtmpf,1,images/cvtmpf.jpg
8493,the shower head in my hostel lights up in different colours depending on shower time to encourage guests to take shorter showers,djgyww,1,images/djgyww.jpg
8494,keys tank,90kw3o,0,images/90kw3o.jpg
8495,whenever i pee this guy just watches me with a goofy face,8uugie,0,images/8uugie.jpg
8496,someone vandalized the sistine chapel,atz5tb,0,images/atz5tb.jpg
8497,never seen this happen,b3s5ka,1,images/b3s5ka.jpg
8498,my ducks who know where our window is and like to come check up on us,b96ku2,1,images/b96ku2.jpg
8499,full colour photo of a kitchen from the s,2lucxw,0,images/2lucxw.jpg
8500,turtle with mohawk,17deyz,1,images/17deyz.jpg
8501,lil wayne hospitalized in chicago after seizure report,6y1wex,1,images/6y1wex.jpg
8502,a sheet of music,b68os4,0,images/b68os4.jpg
8503,gronk stealing bradys jersey at fenway,63al79,1,images/63al79.jpg
8504,quebec language watchdog investigating yogurt spoons,1gttgx,1,images/1gttgx.jpg
8505,the plastic bullets moonstruck pilot,6mej1b,0,images/6mej1b.jpg
8506,donald trump explains himself to communications staff member steven cheung,92onex,0,images/92onex.jpg
8507,the scuba bomb squad,5ubim0,0,images/5ubim0.jpg
8508,the man on the ground,ddsz38,0,images/ddsz38.jpg
8509,s high tech powerpoint facility,2uuvpu,1,images/2uuvpu.jpg
8510,chilling photo of a nazi soldier smiling right before he abducts his second undesirable of the day,900ngz,0,images/900ngz.jpg
8511,in germany british wwii production poster,11efv7,0,images/11efv7.jpg
8512,egyptian president says his regime is ready to protect israel,2nctp4,1,images/2nctp4.jpg
8513,a contortionist getting checked by a scantily clad man on stage,49dly6,1,images/49dly6.jpg
8514,beer byproduct used as cattle feed for droughthit farms,96uwff,1,images/96uwff.jpg
8515,mrw i forget to ask the guy filming me comes into my wife asks me why osha exists,44w5gi,0,images/44w5gi.jpg
8516,this happy dog,50aue0,1,images/50aue0.jpg
8517,kendrick lamar to pimp a butterfly,c3gn67,0,images/c3gn67.jpg
8518,community donates supplies to waller elementary after break in,9e4cur,1,images/9e4cur.jpg
8519,my zimbabwean dollar collection,bz02r5,1,images/bz02r5.jpg
8520,this watermark on the sidewalk looks like japan,9fomnz,1,images/9fomnz.jpg
8521,my cookie looks like a dogs face,b6mv2v,1,images/b6mv2v.jpg
8522,twerk hard and earn a college scholarship courtesy of juicy j,1lf0kr,1,images/1lf0kr.jpg
8523,this portapotty looks like a little can that looks just like a little origami swan made out of the glass wall while remodeling a building i passed by,bmivsi,0,images/bmivsi.jpg
8524,this ivy league school just promised to eliminate student loans,71don1,0,images/71don1.jpg
8525,using a raw chicken to clean your car,augttv,0,images/augttv.jpg
8526,this weird shaped wooden stairs,b7cpfa,0,images/b7cpfa.jpg
8527,the louvre pyramid in paris seen in the evening,26pexe,0,images/26pexe.jpg
8528,davis absolute in the sky,8rz08h,0,images/8rz08h.jpg
8529,shopping cart is happy,5i0id9,0,images/5i0id9.jpg
8530,family farm that embraces diversity,7y5hb9,1,images/7y5hb9.jpg
8531,surprised bus rail,20bt47,0,images/20bt47.jpg
8532,mitch mcconnells baby photo,6t1gr3,0,images/6t1gr3.jpg
8533,the worst kind of mean and tried to text tesco using my number and was caught years later doing the same thing,8v4ht9,0,images/8v4ht9.jpg
8534,mini converted into a working dump truck,dcdv9q,1,images/dcdv9q.jpg
8535,a public workout station i found in amsterdam,cewjjt,1,images/cewjjt.jpg
8536,the uk during the german annexation of the sudetenland circa,7969v5,0,images/7969v5.jpg
8537,this book store in rome use to be a subway stop,dctuyt,1,images/dctuyt.jpg
8538,american douglas mcauthur mccain killed fighting for isis in syria,2entp5,1,images/2entp5.jpg
8539,pope francis doing his best jesus impersonation in rome ad,boupri,0,images/boupri.jpg
8540,mountain climbers casting long shadows as they trudge through deep snow,7jjapl,0,images/7jjapl.jpg
8541,im okay guys,88zli3,0,images/88zli3.jpg
8542,the book costs eur at this store,asobrj,1,images/asobrj.jpg
8543,expat reality,8dol8t,0,images/8dol8t.jpg
8544,this restaurant has high quality bike locks available for their customers to use,auuk9a,1,images/auuk9a.jpg
8545,and the cranes score their touchdown,75alvq,0,images/75alvq.jpg
8546,chinas government to manage public dancing,3k045e,1,images/3k045e.jpg
8547,this toilets handle is placed at a comfortable to flush height,9fd3rz,1,images/9fd3rz.jpg
8548,soviet soldier prepared for winter war as hitler initiates operation barbarossa,7twug3,0,images/7twug3.jpg
8549,the ingredient appetizer i bring to every party,cti0qf,0,images/cti0qf.jpg
8550,canada offers to build wall around bristol palins vaginal cavity,4a0t6g,0,images/4a0t6g.jpg
8551,this building just says what,bgnrwi,1,images/bgnrwi.jpg
8552,stunning pink cliffs on the coast of australia,4crlic,0,images/4crlic.jpg
8553,ben shapiro shows how small his penis is,bqwovq,0,images/bqwovq.jpg
8554,news goodbye stress bath body works has released a nano bath bomb that makes your blood smell like soothing lavender,63n141,0,images/63n141.jpg
8555,the two suvs arent touching,brbsd0,0,images/brbsd0.jpg
8556,life size chess piece,934dk4,0,images/934dk4.jpg
8557,two colorful snakes,29cgue,0,images/29cgue.jpg
8558,my dog has made a baseball diamond shape in my back yard,atxgaw,1,images/atxgaw.jpg
8559,just a game vaporwave,6s1zn2,0,images/6s1zn2.jpg
8560,a photo of a cute cat turns into a scene from the exorcist,cwj51x,1,images/cwj51x.jpg
8561,bacon looks like a pissing bear,cb375s,0,images/cb375s.jpg
8562,rso hash oil has shrunk his tumour by more than times actual cost of care,394y43,0,images/394y43.jpg
8563,ding jianjun doing clean pulls with kg,2n243k,1,images/2n243k.jpg
8564,elevator in seattle has a seismic warning light,auawpf,1,images/auawpf.jpg
8565,a knockoff wooden groot sculpture at a public park merritt bc canada,cxm4wz,1,images/cxm4wz.jpg
8566,a baby toad never seen one before looks cute,ci6ijj,1,images/ci6ijj.jpg
8567,russian disco,4otpgd,1,images/4otpgd.jpg
8568,the last few tissues in these boxes of kleenex we use at work are a different color in order to let you know if the box is almost empty,bmypxr,1,images/bmypxr.jpg
8569,wash me,5knfxc,0,images/5knfxc.jpg
8570,this packet of minty nicotine gum has one piece of unflavoured gum,b0xjui,1,images/b0xjui.jpg
8571,growing marijuana industry struggles to attract employees of color,at8f95,1,images/at8f95.jpg
8572,america usa s,6cs6ha,0,images/6cs6ha.jpg
8573,the condensation on this coke bottle,dafa8h,1,images/dafa8h.jpg
8574,i think finish knows exactly what theyre doing with their samples,1kwer1,0,images/1kwer1.jpg
8575,i dont know about you redditbut once i get this this part im filled with sadness,sjqhg,1,images/sjqhg.jpg
8576,great martian war,b8f6dx,0,images/b8f6dx.jpg
8577,life tips for moms having trouble getting joe pesci to latch,7a4umj,0,images/7a4umj.jpg
8578,today is the equinox so you can balance and egg on its end,b3b43f,1,images/b3b43f.jpg
8579,silence means security womens army auxiliary corps waac office of war information us s,98cb8r,0,images/98cb8r.jpg
8580,this kid with a flaming sword,4r91na,1,images/4r91na.jpg
8581,this cat yawning,d2mppa,1,images/d2mppa.jpg
8582,hiking the great wall of china,1rr6y1,0,images/1rr6y1.jpg
8583,nixon is arrested after watergate scandal becomes public,axfwqc,0,images/axfwqc.jpg
8584,this nondozen egg,c5q5k0,1,images/c5q5k0.jpg
8585,the pup on the left looking at the parents terrifyingly long tongue repost from raww,6en89l,1,images/6en89l.jpg
8586,kitten who survived mile journey clung to a car becomes star of military calendar,5gi6pg,1,images/5gi6pg.jpg
8587,available here,emosoa0,0,images/emosoa0.jpg
8588,giraffe woman stretched her neck for years but now the rings are coming off,6ul26o,0,images/6ul26o.jpg
8589,one of my succulents randomly decided to sprout this flower after a couple years,bgncas,1,images/bgncas.jpg
8590,officers find a glove at the home of nicole brown simpson,b04wx3,0,images/b04wx3.jpg
8591,this happy phone clip for the car,6y2206,0,images/6y2206.jpg
8592,bad bros in my lane,60txkm,0,images/60txkm.jpg
8593,its never too late to find true love,185y5l,1,images/185y5l.jpg
8594,venom,8gq0nb,0,images/8gq0nb.jpg
8595,savoy palace quiet of the sky,6glgmj,0,images/6glgmj.jpg
8596,m spent to renovate public restrooms in san francisco,35jzrq,1,images/35jzrq.jpg
8597,liverpool rc cathedral oc,38sobj,1,images/38sobj.jpg
8598,its men we want world war i,5cdfwa,0,images/5cdfwa.jpg
8599,man surprised women by pulling out their teeth with pliers court is told,34dbhh,1,images/34dbhh.jpg
8600,hitler taking some time off to play fortnight,8v0mj1,0,images/8v0mj1.jpg
8601,is the picture taken from above or below the shark,cp7ppg,0,images/cp7ppg.jpg
8602,brazilian impeached president had a terrible death,96mptl,0,images/96mptl.jpg
8603,old dairy mascots,58p9fl,1,images/58p9fl.jpg
8604,this years old letter i found in my used copy of gun germs and steel,cawj27,1,images/cawj27.jpg
8605,the fan switch on this oven looks like a nuclear warning symbol,ce291q,1,images/ce291q.jpg
8606,pixels on my tv glitched out,4qo5c3,0,images/4qo5c3.jpg
8607,these wild strawberries growing in my backyard,bm5y9v,1,images/bm5y9v.jpg
8608,tips for handling a picky eater,3hz4pl,0,images/3hz4pl.jpg
8609,i kicked him in the nose yearold survives shark attack in hawaii,3qutcs,1,images/3qutcs.jpg
8610,wildlife rehabilitators free raccoons head from peanut butter jar,6sd484,1,images/6sd484.jpg
8611,the hairs curl only appears in the shadow,daxy1v,1,images/daxy1v.jpg
8612,combine harvester in a wheat field,btr8ro,0,images/btr8ro.jpg
8613,one less woman in politics wonder woman loses job as un ambassador,5i03vt,1,images/5i03vt.jpg
8614,the waterdrops drew a giraffe while i was showering,atuk1r,1,images/atuk1r.jpg
8615,this cloud that had one nearlyflat side was the strangest ive ever seen,d16a08,1,images/d16a08.jpg
8616,amber alert issued after yearold girl allegedly abducted by men police,bkzq3c,1,images/bkzq3c.jpg
8617,wall shadow perfectly lined up with the paving stones,c5vkwu,1,images/c5vkwu.jpg
8618,first clone to come out of area,d8toa9,0,images/d8toa9.jpg
8619,happy bell pepper,cvjpxb,0,images/cvjpxb.jpg
8620,this rollercoaster ride,6f7k8p,1,images/6f7k8p.jpg
8621,red fox,47qz7q,1,images/47qz7q.jpg
8622,toothbrush holder is overjoyed,202l38,0,images/202l38.jpg
8623,first time using my new dualcopter drone,898igc,0,images/898igc.jpg
8624,kadokowa corporation airs the hit crossover anime isekai quartet,c9uamn,0,images/c9uamn.jpg
8625,human heart made from human cells created with d printer for first time,bee3ks,1,images/bee3ks.jpg
8626,this party invite and gift bag in mint condition from,bms302,1,images/bms302.jpg
8627,nra outrage that six year old carolina shooting victim sent to school unarmed,55kb9r,0,images/55kb9r.jpg
8628,the inside of this torn up dog toy,ck13ll,1,images/ck13ll.jpg
8629,is ontarios logo the trillium a flower or guys chilling in a hot tub,5icf5g,0,images/5icf5g.jpg
8630,rare photo of american troops storming the beaches of normandy,9cfy25,0,images/9cfy25.jpg
8631,the wendys logo spells mom,at97pq,1,images/at97pq.jpg
8632,these old manual clippers are surprised by their lack of use,2bm2e8,0,images/2bm2e8.jpg
8633,smiling couple in front of smouldering building,8pimwp,1,images/8pimwp.jpg
8634,this pond inside a cave looks like a precipice,9dum9l,0,images/9dum9l.jpg
8635,charlottesville democrat resigns as his racist messages leak conservative daily post,6tzy50,1,images/6tzy50.jpg
8636,news master diplomat pundits have noted similarities between trumps n korea statements and jfks iconic prepare to be radioactive skeletons motherfuckers speech that deescalated the cuban missile crisis,6sp06f,0,images/6sp06f.jpg
8637,yearold sings gospel song to overcome kidnapper in atlanta is freed and meets the gospel singer in person on his birthday,23opkd,1,images/23opkd.jpg
8638,this pill tray formed a nice little heart,brco0l,1,images/brco0l.jpg
8639,lula divinia the face we choose,584oz1,0,images/584oz1.jpg
8640,simba the bengal is a model in a photostudio,5ztbdi,1,images/5ztbdi.jpg
8641,in uniform during the day evenings at home female army and air force auxiliaries netherlands around,35mqke,0,images/35mqke.jpg
8642,these exit doors,bgwcyl,1,images/bgwcyl.jpg
8643,available here,f174shi,0,images/f174shi.jpg
8644,this gas station that closed when prices were at their highest,cskx9c,1,images/cskx9c.jpg
8645,a plane casting a shadow,bhr3dw,1,images/bhr3dw.jpg
8646,oh god where are you taking me i dont like this,uw4uc,0,images/uw4uc.jpg
8647,soccer player going up for a header,67bgwc,1,images/67bgwc.jpg
8648,john murphy call to fight,4q579g,0,images/4q579g.jpg
8649,this albino candy corn,cyimtc,1,images/cyimtc.jpg
8650,big lebowski reference,c61fxox,0,images/c61fxox.jpg
8651,rats laugh when tummy tickled top scientists reveal,5chhme,1,images/5chhme.jpg
8652,dragon tool,8x06zh,0,images/8x06zh.jpg
8653,danger cautious carl says dont sit or stand,3kklmp,0,images/3kklmp.jpg
8654,world war ii pilot ron walesby still going strong and inspiring future generations at his advice eat well pray love,8ev5vf,1,images/8ev5vf.jpg
8655,this mirrored room makes it difficult to understand which way is up,bf2p4f,1,images/bf2p4f.jpg
8656,this muddy turtle,bwjkm7,1,images/bwjkm7.jpg
8657,water skull,57fdho,0,images/57fdho.jpg
8658,this crossstitch piece of art,9illzt,1,images/9illzt.jpg
8659,this curious lil guy on my bathroom door,6arn25,0,images/6arn25.jpg
8660,kedarnath uttarakhand,3a0qi6,1,images/3a0qi6.jpg
8661,guy riding a unique bike,cpde6k,1,images/cpde6k.jpg
8662,recycling bin was rkoed by a tree branch,dkqgj8,1,images/dkqgj8.jpg
8663,tsarist poster calling on women to make their contribution in the war industry,528dip,0,images/528dip.jpg
8664,this robot proposition people,4zw39o,1,images/4zw39o.jpg
8665,donald glover with a hand puppet,58xthh,1,images/58xthh.jpg
8666,davina mccall sat on the wall by the pool,8iipwe,1,images/8iipwe.jpg
8667,report trump shift to allow political action from churches come in tax bill,65j72u,1,images/65j72u.jpg
8668,this futuristic shot from the deck of a ferry,6ciw6n,1,images/6ciw6n.jpg
8669,bundles for britain how an american broadcaster changed the course of world war ii,7s01b4,0,images/7s01b4.jpg
8670,my new refrigerator comes with picture troubleshooting of the various noises it can make,c2j0ey,1,images/c2j0ey.jpg
8671,greenpeace tells lego to ditch shell video,2acu1o,1,images/2acu1o.jpg
8672,liberals to table federal budget could affect canadas mission against isis wont include sending troops to tackle british columbia bill for royal visit totals k,6qtsff,0,images/6qtsff.jpg
8673,no excuse for guys who are colorblind what are some net neutral terms i can even out my graduation cap,6uvkss,0,images/6uvkss.jpg
8674,tiny chair or giant human,404tlt,0,images/404tlt.jpg
8675,a peaceful road with an electronic alert sign,1g4cbz,1,images/1g4cbz.jpg
8676,i see you,bjjxk7,0,images/bjjxk7.jpg
8677,this casted umbra from my peephole in the morning,dkkx8c,1,images/dkkx8c.jpg
8678,the spanish nurse who became the first person to contract ebola outside west africa has now tested negative for the virus,2jqfxt,1,images/2jqfxt.jpg
8679,popeye d printed,1x9p0t,1,images/1x9p0t.jpg
8680,castaway man gets saved by tv show crew from animal planet,4fiwur,1,images/4fiwur.jpg
8681,antisoviet nazi poster in the polish language the text reads death to jewishbolshevik pestilence of murdering x ww era,4goxmx,0,images/4goxmx.jpg
8682,gay palm tree,8foho5,0,images/8foho5.jpg
8683,landlord worried new laws will limit him to brazilian students per bed,bc0zy8,0,images/bc0zy8.jpg
8684,nobel panel gives up knockin on dylans door,57zsor,1,images/57zsor.jpg
8685,whatre you smiling at,1i52i4,0,images/1i52i4.jpg
8686,went viral in,cnif2eg,0,images/cnif2eg.jpg
8687,mother begs video game addict son to give porn a try,8rz34c,0,images/8rz34c.jpg
8688,the ink is this yo bottle of disappearing ink has disappeared,9ek6wb,1,images/9ek6wb.jpg
8689,the artsy pattern the clouds painted on the ground,b9foev,1,images/b9foev.jpg
8690,paramedic bashed by teenagers during charity bike ride forgives them immediately doesnt want them charged,dei6tb,1,images/dei6tb.jpg
8691,heavy tax levied on weaves by jamaican government,212b9n,1,images/212b9n.jpg
8692,he has been sucking your blood for five years now its time to say no greek referendum jun,4ue4mq,0,images/4ue4mq.jpg
8693,man thrown overboard the mayflower to save space oct rd,cbti28,0,images/cbti28.jpg
8694,hitler on a podium in nazi germany,6slvon,0,images/6slvon.jpg
8695,rac bumblebobcat,7j3v2w,0,images/7j3v2w.jpg
8696,patients like this are what bring me to work every day,5v2337,1,images/5v2337.jpg
8697,australian mcdonalds sign sporting its bogan accent,cckvnm,1,images/cckvnm.jpg
8698,biologists discover billions of missing bees living anonymously in sacramento,4j1a7e,0,images/4j1a7e.jpg
8699,a happy glare,5iagdl,0,images/5iagdl.jpg
8700,hitler salutes his fellow nazis after a speech ca,9buw46,0,images/9buw46.jpg
8701,jeff goldblum,8aeuwe,1,images/8aeuwe.jpg
8702,nation perplexed by yearold who doesnt want world to end,d8dlvl,0,images/d8dlvl.jpg
8703,is the reason texas is so bad for my support of the obama defense system newt gingrich on hannity,5i9ljn,0,images/5i9ljn.jpg
8704,slap a mosquito missed but somehow it still died but intact,b88xr1,1,images/b88xr1.jpg
8705,first terrorist bird captured on the war on terror circa,cjr2o6,0,images/cjr2o6.jpg
8706,tell me there is no healthcare crisis ns cancer patient challenges premier in viral video,biquzg,1,images/biquzg.jpg
8707,the nsa uses windows error messages to spy on targets,1u1yx0,1,images/1u1yx0.jpg
8708,the back of my can opener is glad the other side does all the work,1h0661,0,images/1h0661.jpg
8709,first nations teen solves remote communitys drinking water problems,4hojys,1,images/4hojys.jpg
8710,trump touching a plane,6vi5yh,1,images/6vi5yh.jpg
8711,naked russian man tries to board plane claiming to be more aerodynamic,b4uyhj,1,images/b4uyhj.jpg
8712,mixedrace couples across america send photos of their love to old navy after racists attacked its advert featuring interracial family,4hk9jh,1,images/4hk9jh.jpg
8713,her lips hide in negative space machine parts,42rw2j,0,images/42rw2j.jpg
8714,meskendir valley cappadocia turkey,3u2kds,1,images/3u2kds.jpg
8715,this cloud looks like trumps hair,d9ne0e,1,images/d9ne0e.jpg
8716,this sign advising you to walk like a penguin,aw492f,1,images/aw492f.jpg
8717,mods are asleep post news articles about sumo wrestlers uplifting opponents and winning matches,c0si8o,1,images/c0si8o.jpg
8718,from my office window,8k9x1v,0,images/8k9x1v.jpg
8719,degdegdegdego,sb01l,0,images/sb01l.jpg
8720,bulmers agree to build eurm visitor centre as part of eurm tourism initiative,6pv9c3,1,images/6pv9c3.jpg
8721,states with a smaller crowd than a million prorepeal net neutrality are fake you say,7fecfm,0,images/7fecfm.jpg
8722,rabbit being rabbit,by5zxa,1,images/by5zxa.jpg
8723,rare photo of a kamikaze pilot getting ready for his last flight,7u4j0d,0,images/7u4j0d.jpg
8724,plank of wood in a fence that looks happy,2i9oc2,0,images/2i9oc2.jpg
8725,lusophones royal navy,dg5yf9,0,images/dg5yf9.jpg
8726,white russian anticomunist poster around,8i8szg,0,images/8i8szg.jpg
8727,mosaic street sign in amsterdam,9jqge0,1,images/9jqge0.jpg
8728,the homeland is calling go to the plebiscite remain loyal towards carinthia austria,7wisly,0,images/7wisly.jpg
8729,american carrier uss enterprise being refueled while docked after battle of midway pearl harbor,5qco7n,0,images/5qco7n.jpg
8730,mrw i am browsing rshittyreactiongifs and i ask it exactly times in a basketball game and roll flesh magnets through local villages for their debut scene,5xbh80,0,images/5xbh80.jpg
8731,small girl large sandwich,4exnq0,1,images/4exnq0.jpg
8732,just a simple image of the empire state building,11re4w,1,images/11re4w.jpg
8733,man and his giant pumpkin,d3ygfl,1,images/d3ygfl.jpg
8734,the pot made me d,ck44y1,1,images/ck44y1.jpg
8735,young immigrants detained in virginia center allege abuse,8srt46,1,images/8srt46.jpg
8736,this red tree in a forest of normal trees,c18sey,1,images/c18sey.jpg
8737,if you can read this youre driving too close,csc220,1,images/csc220.jpg
8738,brazilian goalkeeper charged with torture and murder of exgirlfriend mistakes happen im not a bad guy,60o9y0,1,images/60o9y0.jpg
8739,david homyk ad astra,7h7kgk,0,images/7h7kgk.jpg
8740,fwd fwd fwd wonder why they changed their gender,7ua1rr,0,images/7ua1rr.jpg
8741,oskar schindler spotted on his vacation in switzerland,872xef,0,images/872xef.jpg
8742,took a picture of a pond that ended up looking like a satellite photo,bgtn93,1,images/bgtn93.jpg
8743,man and sea lion with open mouths,8qobah,1,images/8qobah.jpg
8744,bagpipe band of the french navy,3y2u05,1,images/3y2u05.jpg
8745,i won on every slot on my lottery ticket,b8f0i0,1,images/b8f0i0.jpg
8746,went to to the yard with the kids since its finally warm and found this,b2ap46,1,images/b2ap46.jpg
8747,nintendo announces new hyper realistic animal crossing game th,9e3mef,0,images/9e3mef.jpg
8748,kkk on a ferris wheel,1agrio,1,images/1agrio.jpg
8749,cain with abel after playing a round of fortnite bc,codajn,0,images/codajn.jpg
8750,this little guy seemed happy to see me,62hgqs,0,images/62hgqs.jpg
8751,my boy is a great synopsis for the fourth of to the only real country america,7j65ef,0,images/7j65ef.jpg
8752,prizefighter my inner demons are winning,ckkji0,0,images/ckkji0.jpg
8753,exclusive teacher claims discrimination over her fear of kids,16h0nk,1,images/16h0nk.jpg
8754,mao zedong statue head,40vsne,1,images/40vsne.jpg
8755,longs peak colorado oc x,byp155,0,images/byp155.jpg
8756,this disturbing ronald mcdonald doll,5vzv8r,1,images/5vzv8r.jpg
8757,mt gox finds of the missing bitcoins in its sock drawer,215f55,0,images/215f55.jpg
8758,its weird peeing with this goofy guy watching me,1mu66x,0,images/1mu66x.jpg
8759,i see faces of mobile covers,ax37f6,0,images/ax37f6.jpg
8760,all the pollen around my dads work built up into piles that look like snow but feel like fur,bybpg8,1,images/bybpg8.jpg
8761,i carved this dragon pipe out of wood,bkxmao,1,images/bkxmao.jpg
8762,couple reunited at airport after years apart,5yhhq5,1,images/5yhhq5.jpg
8763,the south street philly face of agony,34rso8,0,images/34rso8.jpg
8764,billy the kid right before his fatal shootout with sheriff pat garrett th,cihzq3,0,images/cihzq3.jpg
8765,inertial frame gay stuff in the attic,6bi96c,0,images/6bi96c.jpg
8766,when rolls arent enough,9e8juo,1,images/9e8juo.jpg
8767,this cig box stares me down every day,52kimz,0,images/52kimz.jpg
8768,dog begging for chicken,5v5dgl,1,images/5v5dgl.jpg
8769,there were peppermints in one wrapper the rest only had one,aenipm,1,images/aenipm.jpg
8770,a fresh remote at our hotel,bnhewj,1,images/bnhewj.jpg
8771,dog howling while standing on a piano,94zr3u,1,images/94zr3u.jpg
8772,parents get tattoos of red birthmark on their legs so their daughter wont feel different,2x5x2q,1,images/2x5x2q.jpg
8773,this ice cream place in my town has a copy of the patent for the banana split up in the bathroom,crd5o3,1,images/crd5o3.jpg
8774,department of homeland security television ad,19gfzf,0,images/19gfzf.jpg
8775,this dog giving sideeye to the camera,d5grfd,1,images/d5grfd.jpg
8776,longboarder falls to the ground at major stokem,23jry7,1,images/23jry7.jpg
8777,toasted cheese scientifically proven,1kxlzb,1,images/1kxlzb.jpg
8778,state dept counts bringing peace to syria as a win,3ykbq7,1,images/3ykbq7.jpg
8779,heartbreaking this high school boy is relentlessly bullied just for carrying an ar to school every day,8bjihi,0,images/8bjihi.jpg
8780,keemstar dramaalert this is not mlg but still a great meme,5pw8go,0,images/5pw8go.jpg
8781,hulk hogan c,at1fi1,0,images/at1fi1.jpg
8782,i just settled a brand new babies but i just couldnt resist dropping a comment about menstruation in a couple months,92jm2d,0,images/92jm2d.jpg
8783,the bottom of the cup i used for painting looks like an ocean wave,ake3bc,1,images/ake3bc.jpg
8784,cats separated at petaluma shelter reunited when owners start dating,5ujol0,1,images/5ujol0.jpg
8785,the light shining through the theater seats makes wrenches on the floor,dawmpb,1,images/dawmpb.jpg
8786,no more hiroshimas lenin museum mural bishkek kyrgyzstan s,cq3uxk,0,images/cq3uxk.jpg
8787,headless paintball player,cqo0n5,0,images/cqo0n5.jpg
8788,should the government stop dumping money into a giant hole youtube,93jfdc,0,images/93jfdc.jpg
8789,trump literally takes dump on flag white house says media is overreacting,7q9764,0,images/7q9764.jpg
8790,a shocked crowd,6ngk8q,0,images/6ngk8q.jpg
8791,the happiest little grip strengthener in town,bzftfx,0,images/bzftfx.jpg
8792,beggar license guadalajara mexico,chogz5,1,images/chogz5.jpg
8793,my cat found a box with puppies inside this is how nana snoozes eyes open tongue out,39vmdn,0,images/39vmdn.jpg
8794,karl lagerfeld and a takashi murakami octopus,87wdgz,1,images/87wdgz.jpg
8795,russian deputy pm laughs at obamas sanctions,20ozcl,1,images/20ozcl.jpg
8796,this van i saw today has the umbrella corporation logo,b2q4nm,1,images/b2q4nm.jpg
8797,obama on the shutdown youre welcome,1o0jg4,0,images/1o0jg4.jpg
8798,police treating dakota access protesters like an enemy on the battlefield human rights groups say,5fexb7,1,images/5fexb7.jpg
8799,the democrats start the purge,cj4z0v,0,images/cj4z0v.jpg
8800,smug raisin bread im smug now coz his face is in my stomach,dc0nk0,0,images/dc0nk0.jpg
8801,hiv cure close after disease vanishes from blood of british mana,55jaoe,1,images/55jaoe.jpg
8802,muhammad ali knocking out cleveland williams in,4ej7ak,1,images/4ej7ak.jpg
8803,klyuchevskaya sopka at sunrise,35ifqj,1,images/35ifqj.jpg
8804,hong kong goes crazy for hero policeman,5zetze,1,images/5zetze.jpg
8805,rant i am writing a scantron and you wave back only to realize as you grow older,46k3iy,0,images/46k3iy.jpg
8806,this window is sooo excited,5a7u7o,0,images/5a7u7o.jpg
8807,i found a golf ball embedded in the sidewalk,bl83ic,1,images/bl83ic.jpg
8808,shocked pinocchio on the road,2ma2pi,0,images/2ma2pi.jpg
8809,chips bag misprint,9evccm,1,images/9evccm.jpg
8810,a little boy came running up to me he might as well have been noticed by the layman but to me he might as well have been noticed by the justice system lead to an unbelievable tragedy,7wjg78,0,images/7wjg78.jpg
8811,my beer foam that looks like a goose resting on water,b4mayq,1,images/b4mayq.jpg
8812,oc country road through rolling hills,cmtx5e,0,images/cmtx5e.jpg
8813,grizzly bear cubs holding paws,dhbri0,1,images/dhbri0.jpg
8814,the bottom of my ecig is super happy,6el2ga,0,images/6el2ga.jpg
8815,disapproving blobfish on my wardrobe,de2biu,0,images/de2biu.jpg
8816,a flounder blends in with the seafloor,439t7f,0,images/439t7f.jpg
8817,found a clock i bought years ago that is somehow still on and kept track of the date and time with only a minute error,dkobvg,1,images/dkobvg.jpg
8818,my phones gaming mode is sponsored by and esports team,cjyojo,1,images/cjyojo.jpg
8819,these toy dogs,8tgzgm,1,images/8tgzgm.jpg
8820,comic book artist saved by wyrd games family and friends,63pydr,1,images/63pydr.jpg
8821,this moss growing on my grandmothers porch,c2lmar,1,images/c2lmar.jpg
8822,let us pray to the moon for the success of our insurrection modern anarchist,4bd6rp,0,images/4bd6rp.jpg
8823,sunset at cleveleys beach england,47eqje,1,images/47eqje.jpg
8824,kurt cobain moments before his death,6pfnxq,0,images/6pfnxq.jpg
8825,dog at the doctor,5h5lu5,1,images/5h5lu5.jpg
8826,my wall looks like the moons surface,d15fiq,1,images/d15fiq.jpg
8827,after learning his daughter is being ridiculed dad looks to help through an antibullying song he wrote for her,3k6flr,1,images/3k6flr.jpg
8828,how water is sold in sachets in my country,bi9s5h,1,images/bi9s5h.jpg
8829,this water fountain with a shorter fountain for dogs,c3hzdf,1,images/c3hzdf.jpg
8830,recovered footage of thanos sacrificing what he loves most,8wukwy,0,images/8wukwy.jpg
8831,leopard gecko yawning,3shtms,1,images/3shtms.jpg
8832,i miss this guys comedy,vw0p6,1,images/vw0p6.jpg
8833,man kept all the baseballs that landed in his yard before forgiving the slugger who launched them,7du340,1,images/7du340.jpg
8834,our fifth fiveyear plan is a blow for plans of wall street by beefimov,cfw5ta,0,images/cfw5ta.jpg
8835,this carpet knight,8tb01o,1,images/8tb01o.jpg
8836,these three leafed clovers i found in one day,ciuhwn,1,images/ciuhwn.jpg
8837,this calculator ruler,d3fc2i,1,images/d3fc2i.jpg
8838,i got lemon heads in pack,d31rr1,1,images/d31rr1.jpg
8839,my aunts drawer,chl0db,0,images/chl0db.jpg
8840,my chocolate milk had a stable bubble after opening it,ceadoj,1,images/ceadoj.jpg
8841,asu students picked to travel the world watching chris hall,6abmlt,0,images/6abmlt.jpg
8842,home depot supplied my brothers and me with material and space to build casket for our brother who just passed away,5wezz3,1,images/5wezz3.jpg
8843,how can i wear with them,3a3p43,0,images/3a3p43.jpg
8844,chinese kid saws through workers safety rope because he cant hear his cartoons,2f0eyg,1,images/2f0eyg.jpg
8845,mike shinoda during a concert,b5h8z1,1,images/b5h8z1.jpg
8846,as a boy growing up in the kuiper belt eriss moon dysnomia found to be able to see falcon launch,b24wmy,0,images/b24wmy.jpg
8847,stephen hawking uses robotic exoskeleton to conduct pathbreaking experiment,84i7lv,0,images/84i7lv.jpg
8848,nine out of ten spiders suffer intense fear of hysterically screaming women,8ebrsu,0,images/8ebrsu.jpg
8849,huh,95m1ce,0,images/95m1ce.jpg
8850,this guy turned his failure on shark tank into a million investment from richard branson,3hqy31,1,images/3hqy31.jpg
8851,a new survey commissioned by infowars and conducted by harris interactive has found that almost one third of american adults would accept a tsa body cavity search in order to fly,12vu8g,1,images/12vu8g.jpg
8852,this dudes proportions,debzeu,0,images/debzeu.jpg
8853,security cam footage of chris brown hitting rihanna multiple times,8iprzv,0,images/8iprzv.jpg
8854,fredrick the great moments before taking a nap on rare,bal6to,0,images/bal6to.jpg
8855,as told by ginger reasons why,dhwvf69,0,images/dhwvf69.jpg
8856,the scary and heartbreaking reason this mom photographed her yearold,4p70h4,0,images/4p70h4.jpg
8857,erosion from boat wakes has left this pine tree barely hanging on,ayk88z,1,images/ayk88z.jpg
8858,florida police officer saves little girl locked in hot vehicle for hours,98g4zd,1,images/98g4zd.jpg
8859,the way this copper is used as a sink,cxtip7,1,images/cxtip7.jpg
8860,canadian soldier is greeted by his wife after coming home safely from war,8x8cxr,0,images/8x8cxr.jpg
8861,video watch these businessmen talk about the first time they ever put on a suit,5t0peo,0,images/5t0peo.jpg
8862,crucifixion of jesus christ ad,95gp1j,0,images/95gp1j.jpg
8863,the punch that killed harry houdini halloween colorised,6q9u8o,0,images/6q9u8o.jpg
8864,these hot chickens i saw on a stores signage for clay,c5srci,1,images/c5srci.jpg
8865,cat utilizing of its lives,95dz58,0,images/95dz58.jpg
8866,san antonio brewery using beer to save lives,52wft0,1,images/52wft0.jpg
8867,aaww im an old rusty boiler,1m6imy,0,images/1m6imy.jpg
8868,this midair frog,327u3e,1,images/327u3e.jpg
8869,my friends double decker couch in their college dorm,avduow,1,images/avduow.jpg
8870,this crappy facebook ad,9881z3,0,images/9881z3.jpg
8871,hallway in an abandoned insane asylum costa rica,bi7ezm,1,images/bi7ezm.jpg
8872,north korea set to build a tourist railroad,5993w7,1,images/5993w7.jpg
8873,we had a polio vaccine get your polio shots now provaccine poster by the national foundation for infantile paralysis in new york,ayty5o,0,images/ayty5o.jpg
8874,hair transplant death man wanted more grafts in go,b106et,1,images/b106et.jpg
8875,trump rips disgraceful court decision in immigration ban,5t7rrg,1,images/5t7rrg.jpg
8876,last photo of general gerald of the united states air force before deploying into japan,9k727q,0,images/9k727q.jpg
8877,this beach has a lost and found tree,bgetr9,1,images/bgetr9.jpg
8878,concertina wire stolen from border fence and used for home security in tijuana authorities say,b3dznl,1,images/b3dznl.jpg
8879,whips chains and full of life bdsm practitioners healthier and less neurotic than vanilla peers,1fv90c,1,images/1fv90c.jpg
8880,french anti duelling date unknown,ciet6l,0,images/ciet6l.jpg
8881,here,cgugzsc,0,images/cgugzsc.jpg
8882,my roommate made jello shots that look like the ocean,bqnr8h,1,images/bqnr8h.jpg
8883,this is apparently the best age to get married,5vx5g0,0,images/5vx5g0.jpg
8884,nj lawmaker wants to count dead peoples votes,2x9bti,1,images/2x9bti.jpg
8885,dont do it mother leave the children where they are great britain,au24w8,0,images/au24w8.jpg
8886,other discussions,cbzthzt,0,images/cbzthzt.jpg
8887,in amsterdam even the tourists say there are too many tourists,95b25x,1,images/95b25x.jpg
8888,wartime poster for the united nations created in by the us office of war information,6shx98,0,images/6shx98.jpg
8889,diving for the frisbee,zpsby,1,images/zpsby.jpg
8890,about weeks ago i was eating mac and cheese outside for some reason i didnt want to eat a piece of macaroni so i threw it to my right and it stuck to the wall its still there,bjqlj9,1,images/bjqlj9.jpg
8891,n s f w elephant impailed on a fence post,4uwtbq,0,images/4uwtbq.jpg
8892,shifter a stellar existence,7p23it,0,images/7p23it.jpg
8893,wyoming district will open student school next fall,aumd4i,1,images/aumd4i.jpg
8894,i accidentally put two packets of sugar through the washer and dryer and they survived with all of the sugar still inside,bd7y8o,1,images/bd7y8o.jpg
8895,federal watchdog recommends conway be removed from role for hatch act violations,c085hk,1,images/c085hk.jpg
8896,call me racist all you want but you know im right,c72zf30,0,images/c72zf30.jpg
8897,people in japan are adding this genius ingredient to instant ramen,5iqlnb,0,images/5iqlnb.jpg
8898,englands guilt nazi illustrated newspaper cover from,7xwp8c,0,images/7xwp8c.jpg
8899,cover of the official program for the womens suffrage parade in washington dc on rd exactly years ago today,19l2p2,0,images/19l2p2.jpg
8900,my coworker found a banana behind her desk the sticker is perfect,1wea1z,1,images/1wea1z.jpg
8901,my axolotl smiles at me whenever i feed her,byoqdd,1,images/byoqdd.jpg
8902,royal college under the crowded sky,7i6met,1,images/7i6met.jpg
8903,closed off by flooding minnesota town copes by throwing a party,b9gwp8,1,images/b9gwp8.jpg
8904,company logos with hidden images that you wont believe you didnt see sooner,537wee,0,images/537wee.jpg
8905,first case of vampirism under apes,c4b6nt,0,images/c4b6nt.jpg
8906,back of the head,59zosy,1,images/59zosy.jpg
8907,how to destroy tiny robot aliens,cxhlxb,0,images/cxhlxb.jpg
8908,this tree outgrew its nametag,9eod91,1,images/9eod91.jpg
8909,this finger shape in slag,cyu1eo,1,images/cyu1eo.jpg
8910,cyclops lampshade shadow is looking down on me,2vnbd1,0,images/2vnbd1.jpg
8911,of americans believe storms affect cloud computing,35uxxa,1,images/35uxxa.jpg
8912,burnt aspen forest on top of the mesa at mesa verde national park,2r9jkf,1,images/2r9jkf.jpg
8913,carla was having an ordinary boring start to her little dog but he had to try it on all fours tonight,4eop9e,0,images/4eop9e.jpg
8914,fight to rescue classics of soviet architecture,18ju6w,0,images/18ju6w.jpg
8915,company offering chance to be induced into coma until brexit is over,bas904,0,images/bas904.jpg
8916,astonishing moment russian workmen catch boy who fell feet,90815d,1,images/90815d.jpg
8917,michigan exdoctors victims recount sex abuse as young gymnasts nearly victims are expected to address the court during the fourday sentencing hearing for yearold larry nassar,7qzned,1,images/7qzned.jpg
8918,these roll out mats they use to help those who struggle to go over the dune to the beach,beveif,1,images/beveif.jpg
8919,rick gates trump campaign aide pleads guilty in mueller inquiry and will cooperate,7zulyd,1,images/7zulyd.jpg
8920,man surrounded by baby pandas,4tx34l,1,images/4tx34l.jpg
8921,looks like an insect,bs54j7,0,images/bs54j7.jpg
8922,motel warmth sunrise original,7yj8bj,0,images/7yj8bj.jpg
8923,focus shifts to recovery and flooding with hurricane matthew heading to sea,56ru18,1,images/56ru18.jpg
8924,long live leninism marxism and mao zedong thought china,34cw8p,0,images/34cw8p.jpg
8925,funeral planning consider hitting the mall,1x18bn,1,images/1x18bn.jpg
8926,cat vs dog,cw4b7z,1,images/cw4b7z.jpg
8927,this crab has a skull design on its back,brdsu2,1,images/brdsu2.jpg
8928,yearold earns one of twelve perfect scores out of test takers worldwide on ap calculus exam dad works as a janitor mom works two jobs,42uq25,1,images/42uq25.jpg
8929,dog evolve to have two body,c7yay1,0,images/c7yay1.jpg
8930,indonesia france a joint force for renewable energy development,63dqpa,1,images/63dqpa.jpg
8931,a japanese midget submarine infiltrates pearl harbor,9c0mjj,0,images/9c0mjj.jpg
8932,ash from the eruption of mount st helens found in my moms belongings after she passed away,b2phvy,1,images/b2phvy.jpg
8933,limp bizkit fans turn up to nonexistent limp bizkit gig at ohio gas station,4fsgnj,1,images/4fsgnj.jpg
8934,trump launches furious attack on mueller,awq3qc,1,images/awq3qc.jpg
8935,east german dissident celebrates fall of soviet regime on top of the berlin wall nov,5as6hm,0,images/5as6hm.jpg
8936,peacock carpenter bee,45toab,1,images/45toab.jpg
8937,a swede commuting through stockholm,8ule3f,0,images/8ule3f.jpg
8938,screenshot from the film ready player one,8501ne,0,images/8501ne.jpg
8939,the destroying of historical and foreign texts during the chinese cultural revolution,d1bzd0,0,images/d1bzd0.jpg
8940,taco in a glasses holder,8u8tm8,1,images/8u8tm8.jpg
8941,blake griffin on a layup,348iua,1,images/348iua.jpg
8942,leftists commit terrorism at altright meeting,5qlv7a,0,images/5qlv7a.jpg
8943,britons and canadians in the us show your loyalty to the land you are living in enlist now in british or canadian army and carry your flag along side the stars and stripes britishcanadian,6yzm4n,0,images/6yzm4n.jpg
8944,robert lee,6vzs2r,0,images/6vzs2r.jpg
8945,nba allstar game easily conquered by invading vikings due to lack of adequate defense,arz40a,0,images/arz40a.jpg
8946,this note included in the instruction manual of monopoly,9ggmco,1,images/9ggmco.jpg
8947,martian rivers discovered,75fi49,0,images/75fi49.jpg
8948,s posters from the norwegian labour party poster labour party,1gkqj0,0,images/1gkqj0.jpg
8949,monument valley az oc x,7t3l5l,0,images/7t3l5l.jpg
8950,researchers ran srs manually designed plans through a computermade a startling find,6nez1c,0,images/6nez1c.jpg
8951,t rexes speak out against moving dinosaur trail in brunswick,ciykcm,1,images/ciykcm.jpg
8952,you are in good position to go allin on a beer run and bring back natty ice,4rf50x,0,images/4rf50x.jpg
8953,a guy in my town drives around in a boat car,bsutdp,1,images/bsutdp.jpg
8954,anger,8vkk99,0,images/8vkk99.jpg
8955,body donations surge in japan amid changing views of death,cmlovh,1,images/cmlovh.jpg
8956,king arthur retrieving his legendary weapon from lady of the lake th century,6ovkud,0,images/6ovkud.jpg
8957,depraved sex acts by penguins shocked polar explorer,25qvmk,1,images/25qvmk.jpg
8958,theres huge tomato plants growing from my moms compost bins,cycovl,1,images/cycovl.jpg
8959,two foot long double headed battle axe,baci7y,1,images/baci7y.jpg
8960,ww independent state of croatia poster croats join voluntary ss divisions,bv6hgf,0,images/bv6hgf.jpg
8961,donald trump eating out stormy daniels in front of camera,9gxs5t,0,images/9gxs5t.jpg
8962,the dudes are back in town,32fxir,0,images/32fxir.jpg
8963,i wish i could find this squid board just to meet he person who made its missing poster,b69k13,1,images/b69k13.jpg
8964,unimpressed child on easter,31kumh,1,images/31kumh.jpg
8965,this building has a sign at beach,6xa50b,0,images/6xa50b.jpg
8966,crucifixion of jesus christ ad colourized,70r3c5,0,images/70r3c5.jpg
8967,larry donnell catching a touchdown,2hsrjf,1,images/2hsrjf.jpg
8968,the russian revolution,bgw04c,0,images/bgw04c.jpg
8969,transgender becomes college principal a first in india,37gpx8,1,images/37gpx8.jpg
8970,my burrito seemed lighter than usual so i unrolled it,8lbg4a,0,images/8lbg4a.jpg
8971,stock image of someone tripping another person,b4bags,1,images/b4bags.jpg
8972,lee harvey oswald takes aim at president jfk not,96yjko,0,images/96yjko.jpg
8973,my boyfriend proposed to me i would tell him to know that we will never give up on the lions just a bowl of spaghettios me irl,46jfsw,0,images/46jfsw.jpg
8974,this wrong way sign,c2n9z6,1,images/c2n9z6.jpg
8975,a crotch massage,95a7n4,0,images/95a7n4.jpg
8976,this cat that likes to stare at the ceiling,54ugmd,1,images/54ugmd.jpg
8977,introducing the mconsie from mcbaby as wide as it is tall,bnjda5,1,images/bnjda5.jpg
8978,whatnit really looks like when you put in eye drops,4adjao,0,images/4adjao.jpg
8979,goon bag missile disables vehicle,1gp3zf,1,images/1gp3zf.jpg
8980,tschuggen grand hotel in switzerland,3j6a6p,1,images/3j6a6p.jpg
8981,the lid if my rice pot is kinda psychedelic,bk02wa,1,images/bk02wa.jpg
8982,londoners at risk of death from outbreak of exploding pavements,1gjcdv,1,images/1gjcdv.jpg
8983,i went to a bitcoin atm to buy a physical coin for sgs it was too expensive in,camnup,1,images/camnup.jpg
8984,a pretty big pinecone,c9fpaf,1,images/c9fpaf.jpg
8985,video i am officially discontinuing my lustlad virility potion after the leftist extremists who live above me started ordering it and keeping me up with their loud fuck sounds,7es7ms,0,images/7es7ms.jpg
8986,columbus teaching indigenous people the letter t,75a2fh,0,images/75a2fh.jpg
8987,this photo i took focusing on the wrong thing,bd7pt6,1,images/bd7pt6.jpg
8988,happy aspirin caps,19ltv0,0,images/19ltv0.jpg
8989,this store is being praised for making one small change to their disabled bathrooms,4xb654,0,images/4xb654.jpg
8990,arkansas politician advocates death penalty for unruly children,115hbo,1,images/115hbo.jpg
8991,atomium a building in brussels belgium,4inbns,1,images/4inbns.jpg
8992,injured dolphin approached divers for help nothing could prepare them for what they saw,5yxf7e,0,images/5yxf7e.jpg
8993,this wood pattern looks like a person,9fyfq4,1,images/9fyfq4.jpg
8994,three highranking nazi officials on trial for war crimes in nuremberg,5r62tt,0,images/5r62tt.jpg
8995,good morning to you too mr hospital ceiling man,1gcvyo,0,images/1gcvyo.jpg
8996,feeling bad about feeling bad can make you feel worse,6swjut,1,images/6swjut.jpg
8997,oil world,6ovqd8,0,images/6ovqd8.jpg
8998,shocked landrover,khwbu,0,images/khwbu.jpg
8999,props to my school a portion of the flooring along the wall started to give way and instead of fixing it they put down some tape so youd know not to step there and then some paintings so it just looks like theyre classy af and have a small art gallery instead of a rickety floor,bikn5c,1,images/bikn5c.jpg
9000,convicted witch put to trial in the court of salem,9hmjw3,0,images/9hmjw3.jpg
9001,noooooo i killed a cap,7g4bo3,0,images/7g4bo3.jpg
9002,ice cream sample cup with some tiny chocolate sprinkles,bhzbkw,0,images/bhzbkw.jpg
9003,sunset in zimbabwe,3c30eg,1,images/3c30eg.jpg
9004,alcoholics sunday routine ruined by saint patricks day drinkers,b2lq7o,0,images/b2lq7o.jpg
9005,someone really cute just walked past this motor,8umqqd,0,images/8umqqd.jpg
9006,this car seat looks like a dogs face,8wfnrh,0,images/8wfnrh.jpg
9007,greenpeace rejoices after getting huge renewable powerplant cancelled,27yed5,1,images/27yed5.jpg
9008,the dirt on my shoe looks like a cartoon character,8na1w2,0,images/8na1w2.jpg
9009,available here,e1bm6rd,0,images/e1bm6rd.jpg
9010,this army veteran chased the gunman out of a california synagogue,biz1np,1,images/biz1np.jpg
9011,college used strippers as student recruiters feds say,2oh23i,1,images/2oh23i.jpg
9012,i found a pebble in this potato im glad i didnt find it the hard way,au2vfo,1,images/au2vfo.jpg
9013,our unintentional leaning jenga supported on the side on several layers,djsxo1,1,images/djsxo1.jpg
9014,do colleges have to hire red professors american legion,byi2cl,0,images/byi2cl.jpg
9015,a glass broke perfectly in half today at work,b51vqn,1,images/b51vqn.jpg
9016,trump staffer grateful to work with so many people he could turn over to fbi in exchange for immunity,5un9qk,0,images/5un9qk.jpg
9017,faces to the god epilep,cwvmv7,0,images/cwvmv7.jpg
9018,switzerland reacts to the allies declaring war on the axis,cbqtkz,0,images/cbqtkz.jpg
9019,this shop has no flannel shirts in it,9fhpz2,1,images/9fhpz2.jpg
9020,things to know about trumps conflicts of interest,5fkxdd,0,images/5fkxdd.jpg
9021,blind leading the blind,cjplbp,1,images/cjplbp.jpg
9022,donations from all over the world save cat no one wanted to touch,5vbnv0,1,images/5vbnv0.jpg
9023,yearold with terminal cancer has a birthday party wedding and prom all at once,3fws30,1,images/3fws30.jpg
9024,oconnell bridge basically neurotic,8zcdku,0,images/8zcdku.jpg
9025,available here,eztyit6,0,images/eztyit6.jpg
9026,modelo free chips and salsa,dg2e9s,1,images/dg2e9s.jpg
9027,two excited guys out for a drive,1duop9,1,images/1duop9.jpg
9028,ho chi minh squatting with east german sailors,4nl4ed,1,images/4nl4ed.jpg
9029,judge kavanaughs accusers leave senate confirmation hearings,9j9aah,0,images/9j9aah.jpg
9030,the view at my dentists office,chdkic,1,images/chdkic.jpg
9031,the elections explained via harry potter,3o8b45,0,images/3o8b45.jpg
9032,the german inflation crisis circa,awf0xw,0,images/awf0xw.jpg
9033,this sunflower has grown from a gap in the pavement,9e4vqd,1,images/9e4vqd.jpg
9034,the guy on the right was the israeli minister of defense for a short while,cgws4mf,0,images/cgws4mf.jpg
9035,neighbour kicks down door to burning house saves family thanks his training in thai kickboxing,299hlm,1,images/299hlm.jpg
9036,but my buddies and i make my wife to give them a treat,bn6rto,0,images/bn6rto.jpg
9037,my hotel had a retractable clothes line in the shower,cb69sa,1,images/cb69sa.jpg
9038,friends on the dance floor,3vv2h3,1,images/3vv2h3.jpg
9039,die zwei kleineren fotos von einem freund der stadt,cp4uf5,0,images/cp4uf5.jpg
9040,marble would like to share my son alone when he was only a few weeks ago,9iadpq,0,images/9iadpq.jpg
9041,thousands make nomakeupselfie donation error,21av3m,1,images/21av3m.jpg
9042,my soda is only carbonated on one side,bp2deo,1,images/bp2deo.jpg
9043,the inside of a sparkling water,comiaf,1,images/comiaf.jpg
9044,patriots fan invited onto field to get new wheelchair from team,7s5q2e,1,images/7s5q2e.jpg
9045,the queen sparks concern after being pictured with a large purple bruise on her hand in official snap,aw60de,0,images/aw60de.jpg
9046,this weird human stain on the side of this building milwaukee wi,c3v26y,0,images/c3v26y.jpg
9047,this rainbow in the mist isnt colorful,9frm2t,1,images/9frm2t.jpg
9048,alfred hitchcock riding a gokart,4ju8wb,1,images/4ju8wb.jpg
9049,singing squirrels,54a3s3,1,images/54a3s3.jpg
9050,trump admin declines to impose new russia sanctions,7txfuj,1,images/7txfuj.jpg
9051,serb volunteer guard arkans tigers poster,2l0ldq,0,images/2l0ldq.jpg
9052,san diego police woman unhappy with haircut tried to shoot stylist,456pei,1,images/456pei.jpg
9053,russell westbrook hanging on the rim after a dunk,2cimcu,1,images/2cimcu.jpg
9054,just a quick headsup im being radicalized,41pja7,0,images/41pja7.jpg
9055,my aunts recent chessie litter had a dog with heterochromia,byaiwn,1,images/byaiwn.jpg
9056,dude sitting on a bull,azxyqu,1,images/azxyqu.jpg
9057,a texas lawmaker is demanding muslims swear allegiance next to an israeli flag,2u4nml,1,images/2u4nml.jpg
9058,just my nephew out for a test drive,zsbwy,1,images/zsbwy.jpg
9059,this uber has trivia,b0cphx,1,images/b0cphx.jpg
9060,david bowie space oddity,70y198,0,images/70y198.jpg
9061,cramps suck,2alb3j,0,images/2alb3j.jpg
9062,hysterical horse,2wulrm,1,images/2wulrm.jpg
9063,this pedestriansized arch in the foliage,9g3e24,1,images/9g3e24.jpg
9064,international workers of the world antikkk poster unspecified date presumably s,3rgakc,0,images/3rgakc.jpg
9065,kim jongun attacks the united states,75aeim,0,images/75aeim.jpg
9066,violent protests break out in charlotte after police fatally shoot black man officers injured,53trg4,1,images/53trg4.jpg
9067,french forces prepare for german invasion circa,7uksxn,0,images/7uksxn.jpg
9068,piggy face and a shocked face,6r7oj2,0,images/6r7oj2.jpg
9069,florida gunmaker produces assault rifle never to be used by muslim terrorists,3k48g0,1,images/3k48g0.jpg
9070,a man bull riding a stuffed giraffe,2sir6e,1,images/2sir6e.jpg
9071,robotic onesie assists babies at risk for cerebral palsy,4zdrfh,1,images/4zdrfh.jpg
9072,german solider gives one last sieg heil before being shot to death stalingrad,d7kgfo,0,images/d7kgfo.jpg
9073,i am baggroot,8ms0j3,0,images/8ms0j3.jpg
9074,the paper tip got wet and created a seal in my straw,9ikukl,1,images/9ikukl.jpg
9075,red lobster waitress gets k after racist receipt,1o6jtz,1,images/1o6jtz.jpg
9076,google sidewalk image taker,d4884r,1,images/d4884r.jpg
9077,air bubble in melted wax hardens over,bcw150,1,images/bcw150.jpg
9078,eliot spitzer draws a comparison to martin luther king jr,1jz4ap,1,images/1jz4ap.jpg
9079,joseph stalin threatening party members circa textualized,8qv46i,0,images/8qv46i.jpg
9080,kids with down syndrome will star in a fashion show in phoenix this weekend,4atk0v,1,images/4atk0v.jpg
9081,happy speaker i spotted at school today,8uirmv,0,images/8uirmv.jpg
9082,shocking game of thrones finale concludes with arrest of million viewers for piracy,28b9on,0,images/28b9on.jpg
9083,this random tomato growing out of a pot,9epytc,1,images/9epytc.jpg
9084,dc statehood poster,b81br1,0,images/b81br1.jpg
9085,guy captured midfall e,1que4a,1,images/1que4a.jpg
9086,leonardo dicaprios midgettossing face from wolf of wall street,42j07x,1,images/42j07x.jpg
9087,bag is not impressed,1w5dzo,0,images/1w5dzo.jpg
9088,this brand imitating abercrombie fitch,asabil,1,images/asabil.jpg
9089,coach tried to turn us into porn stars lawsuits claim,3nqxtc,1,images/3nqxtc.jpg
9090,this sidewalk that doesnt match up,a6609w,1,images/a6609w.jpg
9091,company flatout asks female candidate how much mileage they can get out of her before she has baby,3f7i2q,0,images/3f7i2q.jpg
9092,did a crossdressing priest sex ring bring down benedict xvi,191u51,1,images/191u51.jpg
9093,he looks on edge,97njfg,0,images/97njfg.jpg
9094,saw this on a facebook local buy and sell group,3q4eff,0,images/3q4eff.jpg
9095,australian child walking to school,awkc5t,0,images/awkc5t.jpg
9096,if you happen to see a scarf tied up around your town this holiday heres what it means,5edpyl,0,images/5edpyl.jpg
9097,logan paul vs ksi circa,9adml6,0,images/9adml6.jpg
9098,vatican forced to revoke dozens of sainthoods after discovering miracles performed with eldritch magic,d888q3,0,images/d888q3.jpg
9099,liberia declared free of ebola says world health organization,35eckr,1,images/35eckr.jpg
9100,this southern rider,7elt6m,1,images/7elt6m.jpg
9101,i got some anime girls looking at me in my hotel room,cnac49,1,images/cnac49.jpg
9102,flex seal dried up after a few years,cy2s5y,1,images/cy2s5y.jpg
9103,nra calls for department of education to provide every student with body bag,9b2rel,0,images/9b2rel.jpg
9104,visiting europe from the us and could help but notice the brail on the box,cnq5s1,1,images/cnq5s1.jpg
9105,yasiel puig pointing excitedly,1fy1pk,1,images/1fy1pk.jpg
9106,amputee veteran helps train troops for war,1az1sd,1,images/1az1sd.jpg
9107,man finds giant golden nugget,b3bhpf,0,images/b3bhpf.jpg
9108,swiss cheese spooky,75s3pv,0,images/75s3pv.jpg
9109,an electric kazoo my stepdads friend rigged,b7evnt,1,images/b7evnt.jpg
9110,i took a photo of fire and it looks like a dragon,dh3som,1,images/dh3som.jpg
9111,this accidental splash of tea on my desk,cve7jq,1,images/cve7jq.jpg
9112,this plastic duck,5z6v41,1,images/5z6v41.jpg
9113,a girl with a red towel,bl0q1c,1,images/bl0q1c.jpg
9114,this reflection on my cieling kinda looks like a tie fighter,9gxpcw,1,images/9gxpcw.jpg
9115,this smiley face i found in my blizzard,cfrx5s,1,images/cfrx5s.jpg
9116,my dad got me this dream dictionary a little over years ago and its still going strong,bk5lub,1,images/bk5lub.jpg
9117,police frederick man tried to bribe officers with doughnuts,92sb5d,1,images/92sb5d.jpg
9118,coriander flavoured instant noodles,crj1it,1,images/crj1it.jpg
9119,saddest house ever,bajca4,0,images/bajca4.jpg
9120,from where i live you can see lake ontario which is about kilometres away,befsq6,1,images/befsq6.jpg
9121,sunrise at the hamptons,1otmee,0,images/1otmee.jpg
9122,albert einstein making a relatively casual getaway,1bthzk,1,images/1bthzk.jpg
9123,disney workers approve new contract raising minimum wage,9dq5fl,1,images/9dq5fl.jpg
9124,live performance at fyre festival,aullok,0,images/aullok.jpg
9125,bro do you have any more papers,1tur41,0,images/1tur41.jpg
9126,these plates at a local mexican restaurant look like tortillas,atq14a,1,images/atq14a.jpg
9127,campus life unclubbable harvard sanctions members of offcampus private clubs,4k6xdg,1,images/4k6xdg.jpg
9128,a groom jumped into a pond during his wedding photo shoot to save a boy from drowning,72qtty,1,images/72qtty.jpg
9129,diarrheacausing salmonella can be weaponized to flush out cancer,5t7vz7,1,images/5t7vz7.jpg
9130,i guess there used to be a door here,d0hjgz,1,images/d0hjgz.jpg
9131,a happy plane,1husuj,0,images/1husuj.jpg
9132,trump watching a kid mow the white house lawn,70eyr7,1,images/70eyr7.jpg
9133,this is a show in china where background is real mountains,btuicw,1,images/btuicw.jpg
9134,netflix to release big house starring lori loughlin,b15x04,0,images/b15x04.jpg
9135,youll never go into the garden again,4pvohc,0,images/4pvohc.jpg
9136,school sucks fuck work,7tg3tj,0,images/7tg3tj.jpg
9137,neighbor was using old toilet bowl as a pot for many years,cx38j5,1,images/cx38j5.jpg
9138,in a rebuke to president trump gov newsom pardons refugees facing deportation,bq5iye,1,images/bq5iye.jpg
9139,swedish poster from roughly translates to it is our duty join the volunteer corps,bk5xkl,0,images/bk5xkl.jpg
9140,don henley getting high on marijuana with the rest of the eagles,74z7d4,0,images/74z7d4.jpg
9141,tragedy strikes,1zwe67,1,images/1zwe67.jpg
9142,this can lid,9hzpsa,0,images/9hzpsa.jpg
9143,was walking by an exercise bike when this clown winked at me,1puv3g,0,images/1puv3g.jpg
9144,pulchra morte the unset tensions,8086fw,0,images/8086fw.jpg
9145,microsoft beats estimates powered by growing cloud profits,cez2x3,1,images/cez2x3.jpg
9146,floating tower,7n5rsy,0,images/7n5rsy.jpg
9147,i took the light out of the ball,dk8e5y,1,images/dk8e5y.jpg
9148,golf club apologizes for calling cops on black women members,8elopt,1,images/8elopt.jpg
9149,presumed innocent a journey to china,78kabr,0,images/78kabr.jpg
9150,the people of north korea mourning the loss of kim jong il,87hzw5,0,images/87hzw5.jpg
9151,how we all need to get pool party mundo,3a31o1,0,images/3a31o1.jpg
9152,guy holding his fishing pole and his kidxfunny,1vi50c,1,images/1vi50c.jpg
9153,we just had a new baby,7vjyxq,0,images/7vjyxq.jpg
9154,aerial footage of crash landing of an era top gear uk aston martin vanquish for the worst,3t16hs,0,images/3t16hs.jpg
9155,new york times income inequality is not rising globally its falling,2b6e6i,1,images/2b6e6i.jpg
9156,this delta airline plane has as the aircraft registration number,9f2rm4,1,images/9f2rm4.jpg
9157,this crystal clear water,dh2bbq,1,images/dh2bbq.jpg
9158,airbus corporate jets becoming a better human being is essential x industrial,2u0i7s,0,images/2u0i7s.jpg
9159,yearold mcdonalds worker praised for helping boy with autism,5t7g27,1,images/5t7g27.jpg
9160,i came in like a cigarette on the train,7fkfua,0,images/7fkfua.jpg
9161,a very large cornflake,cw3q0h,1,images/cw3q0h.jpg
9162,senate democratic leader calls on court nominee kavanaugh to withdraw,9j564z,1,images/9j564z.jpg
9163,french and indian war,df14x6,0,images/df14x6.jpg
9164,chicago man ventures out for pizza during the great freeze,alw08c,0,images/alw08c.jpg
9165,the full moon is gorgeous tonight,2ok8e1,0,images/2ok8e1.jpg
9166,happy year anniversary rupliftingnews a special message from an influential early supporter come join the celebration in the comments,1egoze,1,images/1egoze.jpg
9167,a fisherman on the phone with a hook through his hand,4hvt4f,1,images/4hvt4f.jpg
9168,the complete roster for super smash bros wii u,2kklcj,0,images/2kklcj.jpg
9169,sleeping in shi oh,9gluyi,0,images/9gluyi.jpg
9170,eminem performs a politically motivated freestyle at the bet awards,76fzpx,0,images/76fzpx.jpg
9171,the back of my alarm clock looks shocked to see me,9k451c,0,images/9k451c.jpg
9172,degenerated music nazi brochure for one of the exhibits of the reich music days event,hmee6,0,images/hmee6.jpg
9173,spider frozen inside of ice in a ball,cdd3sp,1,images/cdd3sp.jpg
9174,gordie howes name will be stripped from stanley cup heres why,89r9db,0,images/89r9db.jpg
9175,footage of us presidential election debate,9d6meh,0,images/9d6meh.jpg
9176,this ml carton of water,cmgeoc,1,images/cmgeoc.jpg
9177,theres a guitar in my beer,577cwt,0,images/577cwt.jpg
9178,with sweeping document request democrats launch broad trump corruption inquiry,ax94hb,1,images/ax94hb.jpg
9179,fox,3gym5e,1,images/3gym5e.jpg
9180,bird decomposing underwater,58cune,0,images/58cune.jpg
9181,found this stormtrooper hiding out in my kitchen faucet,83rg9c,0,images/83rg9c.jpg
9182,a man from east berlin attempts to keep in touch with relatives on the other side of the wall,8e8wi1,0,images/8e8wi1.jpg
9183,guy with ponytail holding his dog with unconditional love,36j6gb,1,images/36j6gb.jpg
9184,church of england to consider medical cannabis investments,byt0oy,1,images/byt0oy.jpg
9185,ooo whats that,3030nz,0,images/3030nz.jpg
9186,deathly defender part,cdhvcqs,0,images/cdhvcqs.jpg
9187,my university has a storage rack for skateboards and scooters,d2to8o,1,images/d2to8o.jpg
9188,dude on the far left,20oszu,1,images/20oszu.jpg
9189,happy little bobbin,79avpq,0,images/79avpq.jpg
9190,restaurants pay selfless act forward in honor of late boy,47dn9p,1,images/47dn9p.jpg
9191,adolf hitler speaks to princess olga of greece the wife of the king of yugoslavia,62rja0,0,images/62rja0.jpg
9192,great grey owl,1b651e,1,images/1b651e.jpg
9193,if you get a diagnosis keep moving alan alda shares parkinsons diagnosis so that others are aware of things they can do if they find out they have the disease,93q6la,1,images/93q6la.jpg
9194,oakland elementary students not very impressed with time capsule,857vzn,1,images/857vzn.jpg
9195,mass execution during the holocaust circa,8fi00t,0,images/8fi00t.jpg
9196,john wilkes booth enters fords theatre th,b7ktkm,0,images/b7ktkm.jpg
9197,this pipe cover thing looks like those devo hats,99hgr2,0,images/99hgr2.jpg
9198,bendy arms,8n0ehj,0,images/8n0ehj.jpg
9199,unknown legacy systems,5eqjjm,0,images/5eqjjm.jpg
9200,these towels are folded to look like a shirt and tie,d8i283,1,images/d8i283.jpg
9201,man loses leg shooting automatic weapon at lawn mower packed with explosives,4c77cm,1,images/4c77cm.jpg
9202,startled wall clock by justeaurele meissonnier,cqxxaf,0,images/cqxxaf.jpg
9203,operation smile rescues missing children from slavery abuse,3lmuy3,1,images/3lmuy3.jpg
9204,jim carrey holding a bunny,65rwzt,1,images/65rwzt.jpg
9205,westerns lifelong learning program ending,1pmc6i,1,images/1pmc6i.jpg
9206,carla jullea birth of a hero,7yxyvc,0,images/7yxyvc.jpg
9207,angry duck rearview mirror and lights,1hf5l8,0,images/1hf5l8.jpg
9208,two guys reaction after finishing a very large beer,2w2ztv,1,images/2w2ztv.jpg
9209,roadface,7v4xax,0,images/7v4xax.jpg
9210,found this happy little guy hiding under some potatoes skin,472rko,0,images/472rko.jpg
9211,accidental penguin,8bxidi,0,images/8bxidi.jpg
9212,the dining hall at christ church college oxford,4a022z,1,images/4a022z.jpg
9213,raid the arcade ready player one,70j8n8,0,images/70j8n8.jpg
9214,i love my new penguin costume,2qtv5i,0,images/2qtv5i.jpg
9215,oh shit,55m3iv,0,images/55m3iv.jpg
9216,ghost lady in this attic window,b79g2c,0,images/b79g2c.jpg
9217,soccer player kicking an abusive fan in the face,7ajpyb,1,images/7ajpyb.jpg
9218,the intricate internals of a x rubiks cube,c6eqbf,1,images/c6eqbf.jpg
9219,this shadow looks little bit like adidas logo,cv9fot,1,images/cv9fot.jpg
9220,how to turn everyday items into improvised weapons,5yj753,0,images/5yj753.jpg
9221,fort allahabad india,57l9l7,0,images/57l9l7.jpg
9222,this nickel i found,c80u5c,1,images/c80u5c.jpg
9223,google books has a photocopy if someones hand in the enchiridion of epictetus,cesyi4,1,images/cesyi4.jpg
9224,president of france is abolishing homework,11g2dk,1,images/11g2dk.jpg
9225,this giant lego shark made from lego bricks,crnwh6,1,images/crnwh6.jpg
9226,driftwood cove dwellers,8xlsmt,0,images/8xlsmt.jpg
9227,elvis presley tops billboard with all shook up return to sender,9hinzf,0,images/9hinzf.jpg
9228,this mini floor tile,chj2mx,1,images/chj2mx.jpg
9229,my university uses wine to help fund scholarships,ccfjc2,1,images/ccfjc2.jpg
9230,this intact yolk,cfzxs9,1,images/cfzxs9.jpg
9231,protester holding a jar with a teddy bear inside,16jjrh,1,images/16jjrh.jpg
9232,jiong,z3t4h,0,images/z3t4h.jpg
9233,ireland win the nations but more importantly england didnt,85hudm,0,images/85hudm.jpg
9234,i found an old block buster disk shield disk,crg15p,1,images/crg15p.jpg
9235,king of saxony but they never break,2sgnk3,0,images/2sgnk3.jpg
9236,its the little victories not a single person shot stabbed or killed in nyc monday,13y25w,1,images/13y25w.jpg
9237,kurt cobain signs record deal,5ja5d1,0,images/5ja5d1.jpg
9238,mohammed delivers first message to muslims ad,9gdvws,0,images/9gdvws.jpg
9239,architect directionless,738bmf,0,images/738bmf.jpg
9240,what a story to tell,ew350ab,0,images/ew350ab.jpg
9241,found this ad on the top of your big moods,bxjsmw,0,images/bxjsmw.jpg
9242,ever so gently,9g1yf9,0,images/9g1yf9.jpg
9243,fire breathing doggo,5qi1jz,0,images/5qi1jz.jpg
9244,were going to mock things you love because we need ad revenue to survive,8w9t9m,0,images/8w9t9m.jpg
9245,photo down into my coin jar,b74d7i,1,images/b74d7i.jpg
9246,bieber just making musical history,1wnk7e,0,images/1wnk7e.jpg
9247,this light is off all the glass in this coworking space reflects anothers light perfectly,cicnc8,0,images/cicnc8.jpg
9248,when bae is horny but your trying to invade poland circa,95zfox,0,images/95zfox.jpg
9249,my google cloud instance earns me cents every month for running a linux vm tsu,d66yj9,1,images/d66yj9.jpg
9250,monitors office noise,8l89mr,0,images/8l89mr.jpg
9251,my brother works on power lines and sent me this high voltage line meets shoulder n s f l,5hpwch,0,images/5hpwch.jpg
9252,canadian couple reunited with lost m lotto ticket,27e765,1,images/27e765.jpg
9253,wow puts most men to shame,cu5k89,0,images/cu5k89.jpg
9254,i see you there,7lpxi6,0,images/7lpxi6.jpg
9255,pictured secession of texas circa,6uw4y2,0,images/6uw4y2.jpg
9256,son of mugger tries to make amends with victim,1m3una,1,images/1m3una.jpg
9257,its a duck,4xw8ub,0,images/4xw8ub.jpg
9258,my eyes somebody help me,5jwxuu,0,images/5jwxuu.jpg
9259,a race of men sudden death,86qwk3,0,images/86qwk3.jpg
9260,this scene was super serious but i couldnt take it seriously with that giant smiley face looking at me,2qb03t,0,images/2qb03t.jpg
9261,llanfairpwllgwyngyllgogerychwyrndrobwllllantysiliogogogoch is the name of a town in wales,9c1mj4,1,images/9c1mj4.jpg
9262,vladimir weisberg shadow hearts,59uc3k,0,images/59uc3k.jpg
9263,face to face,pajwd,0,images/pajwd.jpg
9264,a couple fake albums i made,39vzwp,0,images/39vzwp.jpg
9265,incredibly long root on a newly sprouted australian pine tree,dgqjo0,1,images/dgqjo0.jpg
9266,larping superheros superman robin batman filming good and bad spiderman,11irqp,1,images/11irqp.jpg
9267,absolute unit,9i2pvw,0,images/9i2pvw.jpg
9268,this public bathrooms floor has a layer of pennies,d7dkcp,1,images/d7dkcp.jpg
9269,piece of wood or a good boy,c2k54b,0,images/c2k54b.jpg
9270,excited cheerleader,2l2pig,1,images/2l2pig.jpg
9271,the enemy is crafty be on guard soviet union,5eg1fx,0,images/5eg1fx.jpg
9272,dallas teacher cusses at students brags about penis in profanitylaced rant video,2y383u,1,images/2y383u.jpg
9273,frnt center not as dumb as i appear to be,74ng6m,0,images/74ng6m.jpg
9274,german parliament approves samesex marriage,6kkd4a,1,images/6kkd4a.jpg
9275,chicago pregnant woman among fatally shot in one day,5w56le,1,images/5w56le.jpg
9276,instruction card for how to use a toilet from a japanese hotel,ddvanr,1,images/ddvanr.jpg
9277,mars rat spied by nasas curiosity rover,1fc2le,0,images/1fc2le.jpg
9278,this yawning cat,c8s1q6,1,images/c8s1q6.jpg
9279,til that french president felix faure died while posing for a painting that turned out that the inventor of roller skates joseph merlin wore his invention to break them out,4yqjug,0,images/4yqjug.jpg
9280,faith is an honorary dog in the us army,29qi75,1,images/29qi75.jpg
9281,an austrian jagdkommando dropping from ft with an explosives sniffing dog,2ia1vd,1,images/2ia1vd.jpg
9282,dude thinks hes so cool just because he has an exotic bird,9ej78h,0,images/9ej78h.jpg
9283,why hello there,35syfr,0,images/35syfr.jpg
9284,a tree that grows in a jar,cmtf79,1,images/cmtf79.jpg
9285,this old deck of cards where trump is a joker,ci5y6o,1,images/ci5y6o.jpg
9286,life this visionary dessert chef surgically implants mochi ice cream into your stomach without your knowledge or permission,67p3p7,0,images/67p3p7.jpg
9287,hola,bxmztm,0,images/bxmztm.jpg
9288,italian anti soviet poster with a train which is going to siberia guarded by a skeleton c x,6zxwbq,0,images/6zxwbq.jpg
9289,neighbors send anonymous letter demanding milton family dump their autistic sons toys boston news weather sports,c4y1kc,1,images/c4y1kc.jpg
9290,happy sleeping man in a scrunched up towel,8ljmlq,0,images/8ljmlq.jpg
9291,jeb reacts to the decline of the republican party,cqamm9,0,images/cqamm9.jpg
9292,my sweater comes with an extra sewing thread for repairs,crbdsa,1,images/crbdsa.jpg
9293,disney under fire for fairytale film based on true story of american dad who claimed african land to make daughter a princess,362bd1,1,images/362bd1.jpg
9294,the chicken has a thing that lets you see how much longer you can keep it stored in your fridge,bdxpj4,1,images/bdxpj4.jpg
9295,andre sagittarius le spectacle de cote,cgg66w,0,images/cgg66w.jpg
9296,theres only one type of email signoff thats worse than sent from my iphone,5z4bt1,0,images/5z4bt1.jpg
9297,this chain choking a tree since the s,bvjtwy,1,images/bvjtwy.jpg
9298,a remixed version of the mona lisa,9barwu,1,images/9barwu.jpg
9299,mali reports no guinea worm cases disease remains in just three countries carter center says,5ne5rf,1,images/5ne5rf.jpg
9300,ice cavern,435fru,1,images/435fru.jpg
9301,is donald trump a traitor his path to the white house suggests a pattern of profound disloyalty,5jrb2w,1,images/5jrb2w.jpg
9302,this tall radiator,babf70,1,images/babf70.jpg
9303,last time this happened was over years ago the skies looked like a really nice and respectful version of rbonehurtingjuice,82b1ph,0,images/82b1ph.jpg
9304,great rug i found at the thrift store,2rrvnx,0,images/2rrvnx.jpg
9305,stephen miller is an immigration hypocrite i know because im his uncle,bc7qdu,1,images/bc7qdu.jpg
9306,minnesota carbonfree bill joins flurry of state level clean energy action,axmb1b,1,images/axmb1b.jpg
9307,my car key looks like a winking robot,cmgbj8,1,images/cmgbj8.jpg
9308,colorado bill would allow doctors to recommend medical marijuana instead of prescription painkillers,bqb9wh,1,images/bqb9wh.jpg
9309,osteoporosis drug tied bone fractures,13ldre,1,images/13ldre.jpg
9310,half life ravenholm,avyghd,0,images/avyghd.jpg
9311,something i made for my album of burned john mayer instagram jams john mayer live on instagram,bltua1,0,images/bltua1.jpg
9312,trump administration preparing to hold immigrant children on military bases,8jv9zo,1,images/8jv9zo.jpg
9313,keylor navas and sergio ramos,8fn2xl,1,images/8fn2xl.jpg
9314,youtuber stevemreinfo opening a rare surviving tin of canned koala from an australian emu war era ration,9ihw30,0,images/9ihw30.jpg
9315,he looks a bit bored,7ndou0,0,images/7ndou0.jpg
9316,wo it is soft,5mu2qt,0,images/5mu2qt.jpg
9317,creative skeletons change poses every day in preparation for halloween,2k26fp,1,images/2k26fp.jpg
9318,a soviet tank makes lenin weep czechoslovakia communism,1o073y,0,images/1o073y.jpg
9319,this yawning schoolhouse,8l31q7,0,images/8l31q7.jpg
9320,nations top pseudoscientists harness highenergy quartz crystal capable of reversing effects of being gemini,ddhojq,0,images/ddhojq.jpg
9321,mountain range,bk9mhf,0,images/bk9mhf.jpg
9322,farmers in india are using ai to increase crop yields higher yields microsoft news center,7br9zc,1,images/7br9zc.jpg
9323,police round up actual spotted cows at the home of spotted cow beer,d8fzrn,1,images/d8fzrn.jpg
9324,circuit board city the aerials,clrmej,0,images/clrmej.jpg
9325,introducing thesubmissives,8fbs88,0,images/8fbs88.jpg
9326,this selfdriving truck is not selfdriving,9ba6hi,1,images/9ba6hi.jpg
9327,alex jones pushes tornado truther theory theres weather weapon stuff going on,1evoma,1,images/1evoma.jpg
9328,americas getting trillion in tax cuts and go the richest,8y779z,1,images/8y779z.jpg
9329,this fourarmed woman seems to have a nosebleed,b21yqh,0,images/b21yqh.jpg
9330,police searching for person who left dog to die in miami beach garage,667qct,1,images/667qct.jpg
9331,no shoes in las vegas off the grass god is watching,83ll8a,0,images/83ll8a.jpg
9332,i can bend my hand in a way that makes it looks like its gone,bueqjs,1,images/bueqjs.jpg
9333,vs,b44g2h,0,images/b44g2h.jpg
9334,eli what is the nd anniversary of american revolution,66im6a,0,images/66im6a.jpg
9335,giant nasa spider robots could d print lunar base,19n8s5,1,images/19n8s5.jpg
9336,my parking garage tickets lists car companies that dont even exist anymore,bqbr94,1,images/bqbr94.jpg
9337,pot smokers can now find the perfect date with tinderlike app high there,2uzgec,1,images/2uzgec.jpg
9338,my friend wanted to see how many nerf attachments he could fit on one gun,16yjbf,1,images/16yjbf.jpg
9339,dog surprised while playing,bbbp01,1,images/bbbp01.jpg
9340,when did people start questioning the shape of the terrorist attack in egypt its time to develop,64iod5,0,images/64iod5.jpg
9341,nonviolence rally marred by multiple fights,2c4e2o,1,images/2c4e2o.jpg
9342,young putin picking up his cat,64o791,0,images/64o791.jpg
9343,polaris life in technicolor,74rf2b,0,images/74rf2b.jpg
9344,cheetoh,52p0wf,0,images/52p0wf.jpg
9345,fashionable ladies,6rp2er,1,images/6rp2er.jpg
9346,this jeep looking rather grumpy,760umx,0,images/760umx.jpg
9347,d printed zoetrope,beyjav,1,images/beyjav.jpg
9348,sad looking dog,4adfi3,1,images/4adfi3.jpg
9349,voyeur self titled,86e1i4,0,images/86e1i4.jpg
9350,this product states nowhere on the package what it actually is label says vegetal source of omega ingredients just say fat,cg1u93,1,images/cg1u93.jpg
9351,quick response to smoke detectors saves family of from house fire,6iv8n1,1,images/6iv8n1.jpg
9352,life expectancy in one us county is less than sudans,6cjo0q,0,images/6cjo0q.jpg
9353,dent or reflection,cg08w2,0,images/cg08w2.jpg
9354,tiny sausage dog and book about space,6rlpnn,1,images/6rlpnn.jpg
9355,this playground park has fake traffic lights so you can teach your children the safe way to navigate in the city,cddu15,1,images/cddu15.jpg
9356,woman falling off a skateboard,971bnl,1,images/971bnl.jpg
9357,sad little tower,1eng4p,0,images/1eng4p.jpg
9358,creepy mustachioed curtains,coc5wz,0,images/coc5wz.jpg
9359,marijuana floaty guy outside a medical marijuana doctor,da645w,1,images/da645w.jpg
9360,a family friendly picture with a dog,7owkuz,0,images/7owkuz.jpg
9361,my coworkers hat looking just horrified,8zlb2a,0,images/8zlb2a.jpg
9362,neil degrasse tyson holding this sword,99i3en,1,images/99i3en.jpg
9363,the clerical point of origin,86h67y,0,images/86h67y.jpg
9364,the henry doorly zoo aquarium and zipline brewing co are partnering on a new series of animalthemed beer the sale of which will support conservation efforts for four zoo species,8h8ngd,1,images/8h8ngd.jpg
9365,sad batman,6csemz,1,images/6csemz.jpg
9366,an egg we found in our coop with a normal sized egg and a sharpie for reference,cxnunu,1,images/cxnunu.jpg
9367,gays tattooed people minorities dont fit in in suburbs calgary developers,1s85yb,1,images/1s85yb.jpg
9368,what happened when luis suarez asked lionel messi to take a freekick v bilbao,79xcyj,0,images/79xcyj.jpg
9369,available here,cz8sqxl,0,images/cz8sqxl.jpg
9370,british anti german poster,c63i8i,0,images/c63i8i.jpg
9371,only a strike can help teachers strike slovakia,42cmdl,0,images/42cmdl.jpg
9372,this captcha cracked me up,51rfgg,0,images/51rfgg.jpg
9373,elon musks company just smashed through a major milestone,616dbj,0,images/616dbj.jpg
9374,dont trust the flattering tunes vote german austrian poster for the vote on the status of odenburg,d55vyi,0,images/d55vyi.jpg
9375,ogrefaced potato fresh from the garden,ckhnz6,0,images/ckhnz6.jpg
9376,egg shaped eggplants,cgiuhf,1,images/cgiuhf.jpg
9377,bearded dragon resting on thors hammer,3qmiwh,1,images/3qmiwh.jpg
9378,frozen truck,1ak8l4,1,images/1ak8l4.jpg
9379,my beer bubble buddy is drowning,1vpzhh,0,images/1vpzhh.jpg
9380,are you nimble enough to play the zelda u demo at the end really makes it,4nqu3p,0,images/4nqu3p.jpg
9381,singapore wants you to make babies mentos does too,xvddu,0,images/xvddu.jpg
9382,generous town sewer workers fish local residents year old ring out of manhole days after daughter accidentally flushes it down the toilet,2k215c,1,images/2k215c.jpg
9383,messi trying to escape his defenders,avs5cz,1,images/avs5cz.jpg
9384,eric chisholm the metaverse evolves,2sn2fw,0,images/2sn2fw.jpg
9385,isis tweets call for assassination of twitter employees,2fuhjh,1,images/2fuhjh.jpg
9386,korean leaders meet in surprise summit,8makpa,1,images/8makpa.jpg
9387,mrw im trump and placed in the uk,5ydf2y,0,images/5ydf2y.jpg
9388,this sculpture in my dentists waiting room,b6nnxg,1,images/b6nnxg.jpg
9389,disapproving gatepost,6w1247,0,images/6w1247.jpg
9390,australian treasurer trumps tax cuts place australias jobs investments and wages in the crosshairs,7lr5n6,1,images/7lr5n6.jpg
9391,fcc netneutrality meeting interrupted on advice of security,7jtfxc,1,images/7jtfxc.jpg
9392,baby iguana and its mom,dbijpe,1,images/dbijpe.jpg
9393,evil christmas kitten,2pmswa,1,images/2pmswa.jpg
9394,comey said to stop short of saying whether trump obstructed justice bloomberg,6foy33,1,images/6foy33.jpg
9395,a workingclass man looks down the barrel of his rifle contemplating suicide as the great depression worsens in the midst of increasing turmoil in europe,6e4sxg,0,images/6e4sxg.jpg
9396,this cats eyes,b4yabm,1,images/b4yabm.jpg
9397,the saddest sign at the vet,b8bkta,1,images/b8bkta.jpg
9398,this reversed clock,9gnhsw,1,images/9gnhsw.jpg
9399,firefighter learning water survival skills,94vue5,1,images/94vue5.jpg
9400,natural gas lines beneath the furnaces of the nippon steelworks in kimitsu japan,7k0gwj,0,images/7k0gwj.jpg
9401,tryin to make a change this is the best martial arts movie fights ever,3ep9w3,0,images/3ep9w3.jpg
9402,whats on her head,1hbna1,1,images/1hbna1.jpg
9403,nixon easy to kill north vietnam,86qywj,0,images/86qywj.jpg
9404,this can of plain blue ribbon,b54jft,1,images/b54jft.jpg
9405,maine police officer to cows dont run from me im the police,4wbehh,1,images/4wbehh.jpg
9406,bus driver,3n1cvi,1,images/3n1cvi.jpg
9407,college rules according to book i found published in,cd9uow,1,images/cd9uow.jpg
9408,never built new york the city a kind of death,6u8ago,0,images/6u8ago.jpg
9409,there is a physical pong game at my local arcade,cn1p49,1,images/cn1p49.jpg
9410,cobblestone street,1v1ut9,0,images/1v1ut9.jpg
9411,police hunt for thief that stole shoes from drivethru passenger,3iuthh,1,images/3iuthh.jpg
9412,boys wear skirts to class in protest after school fines trans girl for wearing skirt,2h0yki,1,images/2h0yki.jpg
9413,this knee dragging minivan driver,21tq2d,1,images/21tq2d.jpg
9414,people in alaska frozen,33o2uv,1,images/33o2uv.jpg
9415,vibble kill his pet goat,6xbxia,0,images/6xbxia.jpg
9416,nazi supporter salutes to adolf hitler berlin,6v8fze,0,images/6v8fze.jpg
9417,mummified thomas the tank engine,4hag59,0,images/4hag59.jpg
9418,this label that is printed on the kiwis skin instead of wasting plastic on stickers,bex8t6,1,images/bex8t6.jpg
9419,how north korea got itself hooked on meth,1kuhzb,1,images/1kuhzb.jpg
9420,this cvs in boca raton has a blue logo,bz01v5,1,images/bz01v5.jpg
9421,iran stoning writer rearrested as revolutionary guards commander another fighter killed in clash with security officials approved winnipeg police efforts to secure a foothold in region envoy,8ioe3p,0,images/8ioe3p.jpg
9422,the strange thing about the johnsons film is released ac,c1v8sq,0,images/c1v8sq.jpg
9423,she makes you less selfish life lessons learned from a rescue dog,51xhq7,1,images/51xhq7.jpg
9424,weird santa,9bdiyy,0,images/9bdiyy.jpg
9425,king hunted,6lt9qe,0,images/6lt9qe.jpg
9426,curb your enthusiasm,zmvcu,1,images/zmvcu.jpg
9427,spanish civil war today more than ever,2ybcj6,0,images/2ybcj6.jpg
9428,this stack of plates,cts49a,1,images/cts49a.jpg
9429,the reichstag deciding whi gets to be next chancellor in,balswd,0,images/balswd.jpg
9430,re gangster kangaroo without the bars,14vyhq,1,images/14vyhq.jpg
9431,baby jumping,271ipq,1,images/271ipq.jpg
9432,russian companies could be fined for foreignsounding names in ads,2ksugj,1,images/2ksugj.jpg
9433,old wwii submarine discovered at the bottom of the ocean,97p3p6,0,images/97p3p6.jpg
9434,thanks to umn for the idea the reports a colorful sided lie,d377jx,0,images/d377jx.jpg
9435,the herman glair experience fuck space i need drugs,6w2veb,0,images/6w2veb.jpg
9436,books a million has a bob section featuring bobs burgers and bob ross,b18d22,1,images/b18d22.jpg
9437,nsfw look at the size of those oh,84naq0,0,images/84naq0.jpg
9438,brighton resident thankful for gift of kidney from teenager,1cu3mq,1,images/1cu3mq.jpg
9439,sydney council loses court case over lack of sex,2yf9uz,1,images/2yf9uz.jpg
9440,russian soldier watches his comrades get burnt to death,8xy1gy,0,images/8xy1gy.jpg
9441,prototype vw van testing,d183eg,1,images/d183eg.jpg
9442,seth explains teen slang scaramucci super mario,6sjeq9,0,images/6sjeq9.jpg
9443,amazing waterfall in the black sea,64cpkp,0,images/64cpkp.jpg
9444,scots resort to hiding under rocks to escape the bombing of their city,5syvu0,0,images/5syvu0.jpg
9445,dude with knit hat at party calls beer libations,6as985,0,images/6as985.jpg
9446,lawmakers seal deal on t plan governmentwide funding bill,68jk6m,1,images/68jk6m.jpg
9447,headed swan,ccqc8s,0,images/ccqc8s.jpg
9448,this bat we just found in our backyard,bqhzwz,1,images/bqhzwz.jpg
9449,cherry blossoms scraping the sky,82zg9f,0,images/82zg9f.jpg
9450,morocco to give mosques a green makeover,53kqpo,1,images/53kqpo.jpg
9451,man playing with a cat on the floor,6f5yjj,1,images/6f5yjj.jpg
9452,an alpaca looks out from a car on a busy street in china,23dqga,1,images/23dqga.jpg
9453,model of the flat earth,9cpef1,0,images/9cpef1.jpg
9454,pregnant american woman watching and crying as her husband leaves to fight in vietnam ca colorised,8bpp3i,0,images/8bpp3i.jpg
9455,the text on the car is flipped so you can read it with your rear view mirror,9hktmy,1,images/9hktmy.jpg
9456,taking a turn,7r30wj,0,images/7r30wj.jpg
9457,spragg blue,6mu7kt,0,images/6mu7kt.jpg
9458,a strawberry shaped strawberry pancake,dbtdxl,1,images/dbtdxl.jpg
9459,vancouver cancer patients diagnosis have doctors scratching their heads,4f3ml9,1,images/4f3ml9.jpg
9460,end of my m bayonet looks like a koala,c1rham,1,images/c1rham.jpg
9461,peter mayhew and his tiny friends harrison ford and mark hamill at star wars celebration,65c4m0,1,images/65c4m0.jpg
9462,badass dutch fighter plane,19v05e,1,images/19v05e.jpg
9463,mother frog defends its child from gay chemicals,bd6ih6,0,images/bd6ih6.jpg
9464,print in bezbozhnik the soviet magazine showing a black american being lynched hanging from the statue of liberty,7nv8tp,0,images/7nv8tp.jpg
9465,eva,2c0mnd,0,images/2c0mnd.jpg
9466,the water stain on this tablecloth was disappointed to be left empty handed,d1gf4m,1,images/d1gf4m.jpg
9467,you can see the shadow cast by this contrail,bs9eme,1,images/bs9eme.jpg
9468,the wall art of this mens bathroom points to a certain fetish,cg2jvm,1,images/cg2jvm.jpg
9469,i do not like sex with old obese men the perils of being a stockshot model,1q0ldc,1,images/1q0ldc.jpg
9470,rare recolorized image of hideki tojos wwii plans c,83lvbf,0,images/83lvbf.jpg
9471,protester and police,5d603q,1,images/5d603q.jpg
9472,god i swear this the last surviving direct participant in the primary,4brnc6,0,images/4brnc6.jpg
9473,this chickfila sauce sending us love,cun7no,1,images/cun7no.jpg
9474,dead in tour helicopter crash at grand canyon,7wwtan,1,images/7wwtan.jpg
9475,sitting on top of a rock,1sngc8,1,images/1sngc8.jpg
9476,two squirrels,4s6ird,1,images/4s6ird.jpg
9477,some people just watched the puerto ricans suffer these crew member decided to do something about it,75hd1q,1,images/75hd1q.jpg
9478,the beatles jumping,1rjb9j,1,images/1rjb9j.jpg
9479,my orange grew another tiny orange inside,b0elky,1,images/b0elky.jpg
9480,child on a shire horse,4pz1oa,1,images/4pz1oa.jpg
9481,hes watching me i dont mind him thou,btg2ww,0,images/btg2ww.jpg
9482,at easter my grandpa used his cellphone to prop up his slide projector,bi3dzq,1,images/bi3dzq.jpg
9483,fibonacci creator of the fibonacci number sequence ad,cyx836,0,images/cyx836.jpg
9484,hmmm,87yj4s,0,images/87yj4s.jpg
9485,new destiny shaders,77hee7,0,images/77hee7.jpg
9486,herman goering joins the nazi party,c11ihc,0,images/c11ihc.jpg
9487,the martrys of the paris commune were resurrected under the red banner of the soviets,r580p,0,images/r580p.jpg
9488,pole dancing talent,1ckfxp,1,images/1ckfxp.jpg
9489,medical breakthrough cure found for affluenza,4droq4,0,images/4droq4.jpg
9490,barrack obama throwing a bowling ball,86187a,1,images/86187a.jpg
9491,flaming waffle,5midp0,0,images/5midp0.jpg
9492,couple becomes rich overnight after winning the lottery then the unexpected happens,73ihvt,0,images/73ihvt.jpg
9493,my liquid bandage starting peeling and now kind of looks like the cool graffiti s,davwhy,1,images/davwhy.jpg
9494,suddenly our life changed antiukrainian,2aialq,0,images/2aialq.jpg
9495,i found a fossil on the isle of wight uk and you can see the suture marks where the bones fused together,bvqe2b,1,images/bvqe2b.jpg
9496,footage of an american student getting captured by north korean soldiers after suspecting him of being a spy this is the last time he was seen,cfhxrm,0,images/cfhxrm.jpg
9497,american forces prepare to load the atomic weapon onto the enola gay preparing to drop it on the innocent city of hiroshima,d8opwc,0,images/d8opwc.jpg
9498,pet deer named after bambi character shot dead in front of us family in their driveway,5mr96m,1,images/5mr96m.jpg
9499,injured by gunfire in domestic assault reportedly shoots deputies officer in controversial arrest video suspended days,7xdv5d,0,images/7xdv5d.jpg
9500,your horoscopes week of,5u0wr4,0,images/5u0wr4.jpg
9501,chennai super kings approaching a precipice,2sgcp2,0,images/2sgcp2.jpg
9502,see through dress of s playmate,855250,0,images/855250.jpg
9503,insanity rages flight,aw2pwy,0,images/aw2pwy.jpg
9504,this shot from the leafshurricanes game by mark blinch,796s0m,1,images/796s0m.jpg
9505,ladies on the stage,asmfbu,1,images/asmfbu.jpg
9506,a teacher from north london has been announced as winner of a competition to find the worlds best teacher,85dfut,1,images/85dfut.jpg
9507,nazi germany,6z0l2b,0,images/6z0l2b.jpg
9508,this near perfect right angled stick i found on my walk today,b6de1a,1,images/b6de1a.jpg
9509,sloth yelling at woman,1hyay4,1,images/1hyay4.jpg
9510,this sculpture of kids swinging from a tree that is no longer there,bjz5dk,1,images/bjz5dk.jpg
9511,opened up a laptop and found this happy guy,1c8m5s,0,images/1c8m5s.jpg
9512,poster equating jews with communism united states,bucl51,0,images/bucl51.jpg
9513,a legs spider on my room,c7w6ox,1,images/c7w6ox.jpg
9514,debate over fireworks brings unlikely groups together,3d7shj,1,images/3d7shj.jpg
9515,should you leave your laptop plugged in all the time,529e19,0,images/529e19.jpg
9516,my dogs ear looks like his own face,9d7gnz,1,images/9d7gnz.jpg
9517,complete with mustache and eyebrows,4nrrm2,0,images/4nrrm2.jpg
9518,when an elderly woman went missing these four junior detectives sprang into action and saved the day,de375l,1,images/de375l.jpg
9519,flying rats natural development,8e3vls,0,images/8e3vls.jpg
9520,my kids diaper has a happy bunny,b212hw,1,images/b212hw.jpg
9521,this car matches the trash,cutohg,1,images/cutohg.jpg
9522,i fell asleep on the beach with one part of my leg in the sand yes it hurts a lot,bvzuai,1,images/bvzuai.jpg
9523,cloud hovering above stone henge,1zc3gb,1,images/1zc3gb.jpg
9524,gay man gets unexpected apology from one of his junior high school bullies years later,35axtd,1,images/35axtd.jpg
9525,o,53whfh,0,images/53whfh.jpg
9526,dya like my noo hat derp,52d32v,0,images/52d32v.jpg
9527,danny trejo as princess leia,5lzujy,1,images/5lzujy.jpg
9528,its been so hot that this flat tire melted into the tar on the asphalt,9idb2i,1,images/9idb2i.jpg
9529,months vs years of using the same kind of hammer,ce9bdp,1,images/ce9bdp.jpg
9530,realized today that we have a little max in our house its been grounded as well,b96kye,1,images/b96kye.jpg
9531,a man in an anechoic chamber x,3d3lln,1,images/3d3lln.jpg
9532,take that drumpf lovers a research team at mit has conclusively proved that trump voldemort,8g9xli,0,images/8g9xli.jpg
9533,amped up hockey fan,3o9jff,1,images/3o9jff.jpg
9534,i got a cut off mini package of taco sauce,celndf,1,images/celndf.jpg
9535,soderica a poetical drug,6ojsxu,0,images/6ojsxu.jpg
9536,this is the outline of a leader fish the robotic fish and placed it in a code no one can decipher,3j1vi8,0,images/3j1vi8.jpg
9537,plant a tree for every time you violate a traffic rule at least violators have planted saplings across the district and the police are aiming at planting million saplings in police stations residential quarters and office buildings,4ty4nd,1,images/4ty4nd.jpg
9538,veteran has helped clean thousands of military headstones in honor of memorial day,8n7xc2,1,images/8n7xc2.jpg
9539,warning signs in your relationship,5cyp3g,0,images/5cyp3g.jpg
9540,xtc skylarking,br5gws,0,images/br5gws.jpg
9541,facebook gives users ebola button to donate money,2lthsw,1,images/2lthsw.jpg
9542,this rabbit foot i found in the ashtray of my new car,cgdye4,1,images/cgdye4.jpg
9543,found him the troll under the baggage claim carousel rides again,b97ksg,0,images/b97ksg.jpg
9544,a fish photo taken at night time,cftcd1,0,images/cftcd1.jpg
9545,old grumpy tree branch missing an eye,6dw10v,0,images/6dw10v.jpg
9546,cat kissing his sister,8l3bkx,1,images/8l3bkx.jpg
9547,great tits still murderous rapacious fleshrending predators,181zss,1,images/181zss.jpg
9548,three who helped saved life of girl injured in crash are honored by douglas county sheriffs office,5yz3ye,1,images/5yz3ye.jpg
9549,other discussions,cf8qs1m,0,images/cf8qs1m.jpg
9550,bbq,tqo2y,0,images/tqo2y.jpg
9551,big happy helicopter,2crxdt,0,images/2crxdt.jpg
9552,mike pence and donald trump welcome paul ryan into their meeting room to have a chat,7r2q2i,0,images/7r2q2i.jpg
9553,a north florida mailman spends his sundays cleaning veterans headstones at rundown cemeteries,bvcc7z,1,images/bvcc7z.jpg
9554,martin luther king jr delivers his famous i have a dream speech,bgw6fc,0,images/bgw6fc.jpg
9555,a big skid slider carrying a little skid slider,cikty9,1,images/cikty9.jpg
9556,boy named wayne rooney not allowed personalised easter egg over copyright issues,2302ka,1,images/2302ka.jpg
9557,rare color photo from wwiis eastern front,64nxcy,0,images/64nxcy.jpg
9558,subway hero rescues woman being sexually assaulted,3ic1bq,1,images/3ic1bq.jpg
9559,the most boring article youll read today,1r80iv,1,images/1r80iv.jpg
9560,caught an amazing blood red moon from my balcony on southend sea front in essex,bzpq54,1,images/bzpq54.jpg
9561,fistral bay cornwall oc,3sbgwf,1,images/3sbgwf.jpg
9562,what is the right side of the garden while digging,4xwlz4,0,images/4xwlz4.jpg
9563,captain of titanic moments before the disaster,9eejnz,0,images/9eejnz.jpg
9564,church vandal caught on surveillance cam arrested,7fzpiq,1,images/7fzpiq.jpg
9565,this cucumber i found in my salad,c2wno2,1,images/c2wno2.jpg
9566,notre dame being rebuilt after the devastating fire,brq0c6,0,images/brq0c6.jpg
9567,this thirsty possum,bzko02,1,images/bzko02.jpg
9568,shane dawson accidentally admits to sexually assaulting cat,bcj5lf,0,images/bcj5lf.jpg
9569,doom eternal release date and what we know so far,95rqj4,0,images/95rqj4.jpg
9570,my eyes,57cw3g,0,images/57cw3g.jpg
9571,cyclocross racer dramatically jumping the barriers,2iicio,1,images/2iicio.jpg
9572,rygel from farscape,d79tft9,0,images/d79tft9.jpg
9573,us bway rolling fortress fighting in norway artists conception,7q6vjl,0,images/7q6vjl.jpg
9574,philadelphia fifth grader searched by school officials after bringing paper gun to class,174pm8,1,images/174pm8.jpg
9575,african farm production has increased drastically,4cd9k9,1,images/4cd9k9.jpg
9576,babies playing risk,9jaxs1,1,images/9jaxs1.jpg
9577,north korea says denuclearization pledge not result of usled sanctions,8hfsrv,1,images/8hfsrv.jpg
9578,then and now how this s tower block looks today,c4piou,0,images/c4piou.jpg
9579,this ripe ground cherry still contained in a partially eroded husk,cn8s2y,1,images/cn8s2y.jpg
9580,a japanese phenomenon where due to officiate at the refs like a mini planet,8pcyxk,0,images/8pcyxk.jpg
9581,happy little fella,74qfxk,0,images/74qfxk.jpg
9582,lifes priorities,ay3xrf,1,images/ay3xrf.jpg
9583,houston powers ahead on bike lanes you start changing the culture when people start experiencing that highquality safe bike infrastructure says mohite,bjrqwz,1,images/bjrqwz.jpg
9584,this cucumber is pissed,3dvqm1,0,images/3dvqm1.jpg
9585,our kitchen lights had the courtesy to burn out in a pattern,bsolr8,1,images/bsolr8.jpg
9586,lawsuit claims hamilton county deputy strips to underwear baptized drug suspect,dbzbyg,1,images/dbzbyg.jpg
9587,this black giraffe,9918dl,1,images/9918dl.jpg
9588,praying for ginger,8m6nq2,0,images/8m6nq2.jpg
9589,penny vs penny,dcke3r,1,images/dcke3r.jpg
9590,this access panel for a street lamp,bvgv2t,0,images/bvgv2t.jpg
9591,my gfs kid riding a park wheeler,29zw15,1,images/29zw15.jpg
9592,other discussions,cbjdrfa,0,images/cbjdrfa.jpg
9593,my dog sat on my lap so long she left her footprint,9f6z27,1,images/9f6z27.jpg
9594,joseph stalin suffers a cerebral hemorrhage in the bedroom of his personal residence but doctors are too scared to treat him for fear of being executed,awj3et,0,images/awj3et.jpg
9595,one of my bottles of club soda is kosher and one is not,bxw4rd,1,images/bxw4rd.jpg
9596,this airplane contrail cast a shadow at the beach,cm1bs1,1,images/cm1bs1.jpg
9597,the upc label on a bag of whole wheat flour,dgkjvh,1,images/dgkjvh.jpg
9598,our towns rotary club created this outdoor fitness area,9cv8vs,1,images/9cv8vs.jpg
9599,anonymous donor leaves million to independent radio station kexp one of the largest bequests in public radio history,8crtea,1,images/8crtea.jpg
9600,girl with parrot on her shoulder,d1xjdr,1,images/d1xjdr.jpg
9601,this fella is looking forward to the next ride,6m6s1n,0,images/6m6s1n.jpg
9602,is this the worlds most powerful person,6zukxr,0,images/6zukxr.jpg
9603,who dare ascend my staircase,5b2trt,0,images/5b2trt.jpg
9604,jeffrey epsteins address to the us congress,dbz3jd,0,images/dbz3jd.jpg
9605,life pictures of the liberty bell that will hopefully help you feel inspired about america in some broad sense,5ln0o9,0,images/5ln0o9.jpg
9606,safari park odd couple get even closer as big cat tries to train his unlikely friend how to catch prey,3vs8xz,1,images/3vs8xz.jpg
9607,pissed off black and white eagle,3791d2,1,images/3791d2.jpg
9608,big pussy,8tqmqq,0,images/8tqmqq.jpg
9609,i scared my wire chase,1h6hqo,0,images/1h6hqo.jpg
9610,theres only one person in this photo,39rpqm,0,images/39rpqm.jpg
9611,this dead chinese lantern plant,9dv2j9,1,images/9dv2j9.jpg
9612,singing sound system from rmachineporn,164lvk,0,images/164lvk.jpg
9613,woman dressed as gorilla cop helps police catch sex pest,arfcuh,1,images/arfcuh.jpg
9614,demonstrators circle philly ice office during ninjastyle protest,cy35xo,1,images/cy35xo.jpg
9615,a really cool dog,2v1rf0,0,images/2v1rf0.jpg
9616,baby plant growing in jade plant,ba7pnb,1,images/ba7pnb.jpg
9617,happy socket from copenhagen,7lxzdr,0,images/7lxzdr.jpg
9618,what breed of horse are they so loud,bi3j2b,0,images/bi3j2b.jpg
9619,scary halloween mask,6u1cq8,0,images/6u1cq8.jpg
9620,messalina the right stuff,65jhq3,0,images/65jhq3.jpg
9621,cosplayer which lost part of a costume and making funny faces,biljdt,1,images/biljdt.jpg
9622,poachers tying up a dead turtle for transport,6p5c2y,0,images/6p5c2y.jpg
9623,the way these bubbles formed,bw99e0,1,images/bw99e0.jpg
9624,my girlfriends cousin paints her charging bricks so nobody will take them,cjw6x9,1,images/cjw6x9.jpg
9625,doctors office no less,culfvd,1,images/culfvd.jpg
9626,laughing airplanes,6l76ip,0,images/6l76ip.jpg
9627,weeds ouroboros,9fbpyc,0,images/9fbpyc.jpg
9628,seal beach national wildlife rescue some battle to wage,3bztjr,0,images/3bztjr.jpg
9629,morning commute in philadelphia th,7vcwln,0,images/7vcwln.jpg
9630,a young teenager finds out he is adopted he is not surprised wildwood nj,72w1m4,0,images/72w1m4.jpg
9631,dime from the s,b4sfaa,1,images/b4sfaa.jpg
9632,a ripe banana,9brlph,0,images/9brlph.jpg
9633,they mock me,1idw4c,0,images/1idw4c.jpg
9634,this cat,1wvxlk,1,images/1wvxlk.jpg
9635,i just noticed that you can see the craters inside of the craters on the moon,crt2hx,1,images/crt2hx.jpg
9636,you can perfectly tell where the sun shined on the grass which melted the snow,ayj0an,1,images/ayj0an.jpg
9637,cat staring intensely,60nozv,1,images/60nozv.jpg
9638,my view of saturn from my backyard in dekalb illinois,cuojgc,1,images/cuojgc.jpg
9639,major security crisis the rooster thats loose in the white house is no longer afraid of the jackolantern president trump put outside the oval office to scare it away,d61u6j,0,images/d61u6j.jpg
9640,my friends hunting guide has a caracal as a pet,bao4zb,1,images/bao4zb.jpg
9641,african gray parrot with with a bud light can,2xg4ti,1,images/2xg4ti.jpg
9642,an undercover police officer apprehends a mugger on the new york city subway,1hvgv2,1,images/1hvgv2.jpg
9643,missing dog returned home after five years,3sl2en,1,images/3sl2en.jpg
9644,yawning dog,2lr4qo,0,images/2lr4qo.jpg
9645,if you think this looks dangerous try doing it without a condom pi kappa phi fraternity s public health,2hc859,0,images/2hc859.jpg
9646,this wrinkly egg one of our chickens laid,bwsml2,1,images/bwsml2.jpg
9647,river otter holding a plastic bottle,4gip5j,1,images/4gip5j.jpg
9648,franco harris moments after barely receiving the pass from quarterback terry bradshaw he would go on to score and win the game forever immortalizing this moment as the immaculate reception,6g3t83,0,images/6g3t83.jpg
9649,stranger things cast caught in emmys scandal after handing out peanut butter sandwiches to nominees,53zqps,1,images/53zqps.jpg
9650,acer ceo were going to stop selling cheap unprofitable crap,n5jv4,1,images/n5jv4.jpg
9651,line angry but really proud x,2sgpha,0,images/2sgpha.jpg
9652,the cat in this picture,b9c58o,1,images/b9c58o.jpg
9653,does anyone else remember cool tools its a toy from the s thats actually really well made this little guy has come in handy a few times in some tight spaces as a stubby wrench,c9a7ij,1,images/c9a7ij.jpg
9654,someone tried to shame her body with graffiti but this teen took an awesome photo instead,2a6xgb,1,images/2a6xgb.jpg
9655,interesting perspective,biamo2,1,images/biamo2.jpg
9656,can you go by social democratic party of japan antiwar modern,3xgj9n,0,images/3xgj9n.jpg
9657,source trump indicates to associates he is preparing to oust va secretary shulkin,87a4a4,1,images/87a4a4.jpg
9658,cell tower disguised as a tree,9huomj,1,images/9huomj.jpg
9659,life get acquired by paypal and other plans for a perfect day in san francisco,621d68,0,images/621d68.jpg
9660,the proportions on this design,czoe7h,1,images/czoe7h.jpg
9661,this pillow with pockets,ai0dyo,1,images/ai0dyo.jpg
9662,we design our own restaurant themed trading cards for the local anime convention every year,b0h452,1,images/b0h452.jpg
9663,the way this leek grew created a really cool looking cross cut,bmcewj,1,images/bmcewj.jpg
9664,rabid bat attacks bites oregon man jamming on guitar,2gavle,1,images/2gavle.jpg
9665,baby eating beets,7zusgq,1,images/7zusgq.jpg
9666,beautiful girl takes selfies in a tight green dress,33d2ts,0,images/33d2ts.jpg
9667,rick wiles points to game of thrones tweet to prove obama is the antichrist,25er52,1,images/25er52.jpg
9668,these massive lemons my mum got off of out lemon tree i was convinced that the round ones are grapefruits,d83alq,1,images/d83alq.jpg
9669,a malaysian cent coin was mistaken for an australian cent coin,d4uy9m,1,images/d4uy9m.jpg
9670,haunted house,z0uxw,0,images/z0uxw.jpg
9671,big man vs in the way kid,47emig,1,images/47emig.jpg
9672,fiveyearold thanked by microsoft for discovering flaw in xbox login,227gj6,1,images/227gj6.jpg
9673,this pug horrified that its getting its nails cut,64hfxb,1,images/64hfxb.jpg
9674,the horizon looked like a forest fire today,betru0,1,images/betru0.jpg
9675,us border patrol stopping illegal mexican recolorized,cdasj3,0,images/cdasj3.jpg
9676,i just renewed my cars registration at a kiosk in a grocery store,cft96t,1,images/cft96t.jpg
9677,hosmerim one long regret x,4cynn2,0,images/4cynn2.jpg
9678,love me two times the man with a double penis speaks out,2r3w9q,1,images/2r3w9q.jpg
9679,slow cooker is feeling a little under the weather,5f8puh,0,images/5f8puh.jpg
9680,hey man i also feel like sht sometimes,1kjqx2,0,images/1kjqx2.jpg
9681,alex jones discovers the lake responsible for turning frogs gay,96fvpf,0,images/96fvpf.jpg
9682,cat sleeping on couch,5feir6,1,images/5feir6.jpg
9683,sad ben affleck,4c02md,1,images/4c02md.jpg
9684,its sad but it smiles anyway,cnom5u,0,images/cnom5u.jpg
9685,the us national security team gathered in the white house situation room to monitor the progress of operation neptune spear osama bin ladens capture,7iorsg,1,images/7iorsg.jpg
9686,congratulations you played yourself,94mnsb,0,images/94mnsb.jpg
9687,typical tuesday pool party,bwnn19,0,images/bwnn19.jpg
9688,dad unfit parent for refusing son mcdonalds,1q4rxd,1,images/1q4rxd.jpg
9689,sick guitar pedalboard,4qc0o7,0,images/4qc0o7.jpg
9690,how well this box i just shampooed my carpets the other one while i was bored at work,5y54ec,0,images/5y54ec.jpg
9691,this happy little usb fella,auzvyl,0,images/auzvyl.jpg
9692,enemy ears are listening us wwii poster planning stage c x,34i5rz,0,images/34i5rz.jpg
9693,available here,eyuzf8s,0,images/eyuzf8s.jpg
9694,american colonel after seeing his soldiers getting shot at by vietnamese trees and shrubs,b2fp30,0,images/b2fp30.jpg
9695,pair jailed for edinburghs central mosque bacon attack,28pgak,1,images/28pgak.jpg
9696,puppy driving,1za0hi,1,images/1za0hi.jpg
9697,this bread looks angry,13mqmz,0,images/13mqmz.jpg
9698,this bathroom sign at a hospital,c2o5yf,1,images/c2o5yf.jpg
9699,a block of turbo flamas seasoning i found in a box while restocking the concession stand,d3agid,1,images/d3agid.jpg
9700,my klondike bar told me to grow a mullet,cj3nxy,1,images/cj3nxy.jpg
9701,beef jerky looks like seahorseswan,72y6of,0,images/72y6of.jpg
9702,dj khaled destroying a horse,6msga9,1,images/6msga9.jpg
9703,lemur hopping through forest,6rngzq,1,images/6rngzq.jpg
9704,university of missouri offers class on jay z and kanye wests relationship,1w1dx1,1,images/1w1dx1.jpg
9705,please put dog poop in my ear,xm0ol,0,images/xm0ol.jpg
9706,wasp caught in apartment water line staring dead at us,cdd2mv,1,images/cdd2mv.jpg
9707,spanish blue macaw is born in paraguay and saves its species from extinction,ayk5lh,1,images/ayk5lh.jpg
9708,my stop watch has reached months,b6x72d,1,images/b6x72d.jpg
9709,our president sends serious threats to north korea colour,9c90vo,0,images/9c90vo.jpg
9710,unsure and uneasy,kjqkh,0,images/kjqkh.jpg
9711,this coaster got henry david thoreaus name mixed it,bo3l91,1,images/bo3l91.jpg
9712,why italys parmesan makers are threatening to sue pornhub,3gxnmn,1,images/3gxnmn.jpg
9713,happy corn zipper,1k1h7y,0,images/1k1h7y.jpg
9714,the last blockbuster video store during peak business hours,cpgu42,0,images/cpgu42.jpg
9715,immigration pays migrant advocacy flyer turin intro translation,18yoit,0,images/18yoit.jpg
9716,do you know how many eggs your child should eat in a week,69665o,0,images/69665o.jpg
9717,a standing cougar,4zb45p,1,images/4zb45p.jpg
9718,i had a happy friend at my air bnb,cqlc3l,0,images/cqlc3l.jpg
9719,flint residents betrayed by water crisis jesse jackson,41nnvm,1,images/41nnvm.jpg
9720,push my nose up again and ill cut choo,34ktnh,0,images/34ktnh.jpg
9721,teddy roosevelt,57h9sq,0,images/57h9sq.jpg
9722,company offers fake vacation photos for your social media accounts,bhhrr9,1,images/bhhrr9.jpg
9723,these leaping lemurs,6vavw0,1,images/6vavw0.jpg
9724,a single giant sunflower in the backyard,9bwk2w,1,images/9bwk2w.jpg
9725,this hotel has a shade where there is no window,djp7ri,1,images/djp7ri.jpg
9726,hook scifi fantasy horror,6sr7qt,0,images/6sr7qt.jpg
9727,youre with cristina or you are with the yankees seen on argentina streets,2g9qbi,0,images/2g9qbi.jpg
9728,if you see a coin in your car door handle run and call the police,8n6ox8,0,images/8n6ox8.jpg
9729,orson wells was right about the space aliens landing in grovers mill nj the aliens were just super racist and so to save face the broadcasters at cbs came up with the cover story now known as war of the worlds,ai3rwx,0,images/ai3rwx.jpg
9730,suspect with ar was part of leaked pipeline south dakota man accused of racial profiling,b8s3ef,0,images/b8s3ef.jpg
9731,culture voids welcome home,5h3q9w,0,images/5h3q9w.jpg
9732,viral photo sends message of hope from a ravaged baltimore,34bfj5,1,images/34bfj5.jpg
9733,why samsung still doesnt know whats causing galaxy note explosions,5alxdp,0,images/5alxdp.jpg
9734,an opened japanese fan,2uynxk,0,images/2uynxk.jpg
9735,abraham lincoln pleading for his life,9bj3a7,0,images/9bj3a7.jpg
9736,that bag is really pleased,1j78gj,0,images/1j78gj.jpg
9737,korean mastiff,255vm1,1,images/255vm1.jpg
9738,sometimes i just like blowing bubbles in the office,1vmzti,1,images/1vmzti.jpg
9739,what a happy gang,6koj29,0,images/6koj29.jpg
9740,broken hearted trash box,5n0vvj,0,images/5n0vvj.jpg
9741,cumberbatch conan,29xyfp,1,images/29xyfp.jpg
9742,nice view better trunks,1569b1,1,images/1569b1.jpg
9743,macklemore,1kt49g,1,images/1kt49g.jpg
9744,mod of rfakehistoryporn designing part of the banner making absolutely sure no one will ever be able to read the text at the top ohama beach partially,82r1nt,0,images/82r1nt.jpg
9745,med students take to the streets to treat underserved people in buffalo,5fwei4,1,images/5fwei4.jpg
9746,hmc while i set up a place for us to hand out free tickets to the white house visit,8p6291,0,images/8p6291.jpg
9747,us department of justice demands facebook account details of antitrump activists,738ap4,1,images/738ap4.jpg
9748,this brand new tv box has a photo of an nba k ad,dfmb20,1,images/dfmb20.jpg
9749,white nationalists advised sun will only turn black temporarily and not to shoot at it,6v2n6z,0,images/6v2n6z.jpg
9750,this very happy coffee roaster,7nk9n8,0,images/7nk9n8.jpg
9751,batman trying to fit in with pixies at gencon,6v2yoz,1,images/6v2yoz.jpg
9752,the buzz is true martha stewart partners with canadian cannabis company,ax11jd,1,images/ax11jd.jpg
9753,strippers arrested by undercover cops in san antonio for allegedly showing butt cracks,2vh5zx,1,images/2vh5zx.jpg
9754,dead bird on the snow,c9yb6w,0,images/c9yb6w.jpg
9755,click to edit now you are here,bioi2z,0,images/bioi2z.jpg
9756,chinese passenger chucks coins into planes engine for luck,6jsd53,1,images/6jsd53.jpg
9757,snow drop resurrection,54h7gs,0,images/54h7gs.jpg
9758,gasp,6s8xt0,0,images/6s8xt0.jpg
9759,hey guys wanna come hang over here,1tjnoz,0,images/1tjnoz.jpg
9760,a seattle banker helps a mother lead her day old ducklings to water,18dteq,1,images/18dteq.jpg
9761,sheldon adelson receives a george w bush original painting,35y7nx,1,images/35y7nx.jpg
9762,ice loading babies onto their special prison bus for babies,d53pw1,0,images/d53pw1.jpg
9763,this shiny brick,8flgj2,0,images/8flgj2.jpg
9764,this bottle of cinnamon is older than the country i live in,aty2z7,1,images/aty2z7.jpg
9765,what do we have here azraelan illegal orange smurf,5vgqe9,0,images/5vgqe9.jpg
9766,picture i took from my cab while it rained outside,cjqu76,1,images/cjqu76.jpg
9767,this terrified door lock backplate,7l6g9k,0,images/7l6g9k.jpg
9768,mexicos leftist presidentelect wants to sell the jetliner that comes with the job calling it a wasteful luxury,99z1tq,1,images/99z1tq.jpg
9769,cardboard box challenge encourages kids to get back to basics at playtime,5p4qoa,1,images/5p4qoa.jpg
9770,dog after a jog with owner,2uvnh2,1,images/2uvnh2.jpg
9771,jacklyn jiu shi wo only me remaster,9cffjb,0,images/9cffjb.jpg
9772,monkey chilling on a railing in gibraltar,bejupj,1,images/bejupj.jpg
9773,democrats are taking reparations seriously and thats a big deal,b3yl9a,1,images/b3yl9a.jpg
9774,victoria crowned pigeon goura victoria,38nxig,1,images/38nxig.jpg
9775,heres a better name for the nintendo switchs silly joycon controllers,58rgf0,0,images/58rgf0.jpg
9776,the french attempt to fool the germans circa,8q7j2r,0,images/8q7j2r.jpg
9777,unhappy hockey game,16huqd,0,images/16huqd.jpg
9778,perfect bandaid outline due to my wifes allergic reaction to the adhesive,avf51n,1,images/avf51n.jpg
9779,colombia kidnappings down since police say,5kqm8a,1,images/5kqm8a.jpg
9780,i found an mm with two peanuts,dbog7y,1,images/dbog7y.jpg
9781,trianglefree graph blow it,5vub2s,0,images/5vub2s.jpg
9782,maximilien robespierre begins the reign of terror in france,83imln,0,images/83imln.jpg
9783,slurping spaghetti,3z69wi,0,images/3z69wi.jpg
9784,welcome to the other side,b1t9vi,0,images/b1t9vi.jpg
9785,nations historians warn the past is expanding at alarming rate,2tka1p,0,images/2tka1p.jpg
9786,disappointed orange cat on couch,4iylqy,1,images/4iylqy.jpg
9787,zepplin giving a yawn,83yeuy,1,images/83yeuy.jpg
9788,can a man have more than one wife and be free from aids through sex uganda,9e9eot,0,images/9e9eot.jpg
9789,yr old canadian girl will sing anthems in countries in different languages to raise money for sos villages,3hg8fh,1,images/3hg8fh.jpg
9790,manual circumcision,6uwvha,0,images/6uwvha.jpg
9791,other discussions,cdu0i8b,0,images/cdu0i8b.jpg
9792,my odometer reading miles,cm60gx,1,images/cm60gx.jpg
9793,the ignominy of the th century antinazi german,5o2ves,0,images/5o2ves.jpg
9794,girl in an oversized jacket,3g9v03,1,images/3g9v03.jpg
9795,my chicken laid a nipple,8kfofh,0,images/8kfofh.jpg
9796,roy moore arrives at singles mixer,820rj1,0,images/820rj1.jpg
9797,pork chop looks like a goldfish,ca6z0a,1,images/ca6z0a.jpg
9798,rain triggers surge in los angeles county freeway crashes,5e5qsq,1,images/5e5qsq.jpg
9799,four different urinals,cqg4md,1,images/cqg4md.jpg
9800,frank ocean in the wee small hours,cq0ik5,0,images/cq0ik5.jpg
9801,crazy bloodhound,6ladyi,1,images/6ladyi.jpg
9802,this tombstone for a william barr at the local cemetery,cfzdac,1,images/cfzdac.jpg
9803,this is the result of a gold rush for the war of words heading,7gy0m0,0,images/7gy0m0.jpg
9804,hot air balloons,7v2yal,0,images/7v2yal.jpg
9805,black man beaten in charlottesville found not guilty of assaulting white supremacist,84y8y0,1,images/84y8y0.jpg
9806,thinker,6upykl,0,images/6upykl.jpg
9807,radiologists attempt to decrease claustrophobia during ct scan by removing machines outer coverings,9ff6gv,0,images/9ff6gv.jpg
9808,three german pows lined up for execution at a soviet gulag,5r2qi1,0,images/5r2qi1.jpg
9809,this squirrel holding a gun sort of,243ovb,1,images/243ovb.jpg
9810,ahhh,59u8zo,0,images/59u8zo.jpg
9811,muammar gaddafi circa at his home gym,8md2sq,0,images/8md2sq.jpg
9812,mushrooms started growing in our house plants,cd5ror,1,images/cd5ror.jpg
9813,area man joins organization where nothing much ever happens,16kj2x,1,images/16kj2x.jpg
9814,this dog underwater,7l3p8s,1,images/7l3p8s.jpg
9815,eddie woo holding an open briefcase full of cash,8w12up,1,images/8w12up.jpg
9816,the assassination of archduke franz ferdinand of austria,77zngq,0,images/77zngq.jpg
9817,chihuahua protects sick german shepherd to be adopted together,75z9ak,1,images/75z9ak.jpg
9818,the american people draw the line on trumps behavior,dcwtfl,0,images/dcwtfl.jpg
9819,my moms pin collection of bands and singers from the s dug up for her th birthday party,c3kgpz,1,images/c3kgpz.jpg
9820,andy serkis performing motion capture for the lord of the rings,7v1abp,0,images/7v1abp.jpg
9821,jeffrey epstein in his cell at the metropolitan correctional center on aug closed circuit film,cv72hh,0,images/cv72hh.jpg
9822,roomneoderm clinic hong kong,38ymtx,1,images/38ymtx.jpg
9823,tree shadow from a street light looks like a spooky ghost,55j07d,0,images/55j07d.jpg
9824,the pattern the broken glass makes on the metal hold in a spesific time in the morning,c1r12d,1,images/c1r12d.jpg
9825,flying over the north pole,9cyjo8,1,images/9cyjo8.jpg
9826,reich party congress postcard third reich germany,54sirm,0,images/54sirm.jpg
9827,the button on this fan is giving me a strange look,3fbwhq,0,images/3fbwhq.jpg
9828,when these lions found an injured fox you wont believe what happened next,5muv91,0,images/5muv91.jpg
9829,netherlands institute for sound and vision,3ng43q,1,images/3ng43q.jpg
9830,my liquid foundations formed a snail when pumped onto my hand,9hfyjf,1,images/9hfyjf.jpg
9831,soviet air force prepares to take back the skies over the eastern front,92yqvj,0,images/92yqvj.jpg
9832,russian invasion of ukraine,89bxch,0,images/89bxch.jpg
9833,the logo on the sole of my shoe wore off and turned into a smiley face,c8soh9,1,images/c8soh9.jpg
9834,mrw my friends start pawing at each other and they say yeah there is actually taking a shit,452cz2,0,images/452cz2.jpg
9835,chernobyl nuclear power plant th radiation damaged,616k0a,0,images/616k0a.jpg
9836,white house paper corporate tax cut would boost wages,76qkdz,1,images/76qkdz.jpg
9837,moss is growing on only one of my roof slates,btq3bz,1,images/btq3bz.jpg
9838,quite possibly the best of all ears,5asuy3,0,images/5asuy3.jpg
9839,hiroshima residents coming back to their city now reduced to ashes colourized,cgp4eq,0,images/cgp4eq.jpg
9840,someone left a banana on their bumper,dlo6v6,1,images/dlo6v6.jpg
9841,modern artwork sold at auction for record m,95vxtg,0,images/95vxtg.jpg
9842,help me im getting sucked in,2s1om8,0,images/2s1om8.jpg
9843,life whoa morgan doodled a really realisticlooking eye,7rjg90,0,images/7rjg90.jpg
9844,hiding behind the grass,ct99le,0,images/ct99le.jpg
9845,this big kitty,c2y7f4,1,images/c2y7f4.jpg
9846,the martial art fighter with downs syndrome battling for the right to fight,3ogwg0,1,images/3ogwg0.jpg
9847,my dog looks like he did of his eye liner,bl1j06,1,images/bl1j06.jpg
9848,man caught yellow handed,5uhv1g,1,images/5uhv1g.jpg
9849,desperate germans digging trenches on ohama beach during the normandy invasion,cycke0,0,images/cycke0.jpg
9850,russian servicemen stretch before a rehearsal,4qs5mn,1,images/4qs5mn.jpg
9851,homeless man handed in wallet gets rewarded with job and flat in thailand,4zp0wu,1,images/4zp0wu.jpg
9852,theres a chance my landlord might be the fastest just dont be the year for scary stories to tell in the s,5jg2gj,0,images/5jg2gj.jpg
9853,miracle boy expected to make full recovery after crash with wheeler traveling at full speed,256ci9,1,images/256ci9.jpg
9854,lawsuit over twoword tweetactually yescan move ahead judge finds,3h4tyn,1,images/3h4tyn.jpg
9855,down with the scum vote for communists election poster by the communist party of germany kpd for the elections in,axyqsr,0,images/axyqsr.jpg
9856,aggression from video games linked to incompetence,22hdi9,1,images/22hdi9.jpg
9857,you can see the island of maui from the big island of hawaii mountain towards the left,bflgx2,1,images/bflgx2.jpg
9858,voldemar chimney sweep from estonia,3jgwxq,1,images/3jgwxq.jpg
9859,soviet hitman taking aim,5tmfoc,0,images/5tmfoc.jpg
9860,four presidents pose in front of their likenesses,8s4tvi,0,images/8s4tvi.jpg
9861,s poster warning german immigrants to america about widespread trafficking of women and children,d7dg1v,0,images/d7dg1v.jpg
9862,guys making xmas card photo,14jdgr,1,images/14jdgr.jpg
9863,these underwater statues with a fish looking at them,5a036q,1,images/5a036q.jpg
9864,president trump threatens iran via an allcaps tirade on twitter,91489f,0,images/91489f.jpg
9865,i hope so,dhtp4s,0,images/dhtp4s.jpg
9866,my classmate is visiting japan after graduation,25550g,1,images/25550g.jpg
9867,new scented oil on sale in japan the smell of a boys anus,12qic1,1,images/12qic1.jpg
9868,getting all googlyeyed,3ij8yy,0,images/3ij8yy.jpg
9869,the pros and cons of a twoparty system,5r2bky,0,images/5r2bky.jpg
9870,the holes on this sign post werent punched in,by0ill,1,images/by0ill.jpg
9871,pan am games link to our website without permission and well sue,3cynug,1,images/3cynug.jpg
9872,you wont believe henry cejudos new nickname debuting at ufc,bptpgl,0,images/bptpgl.jpg
9873,making sour beers a pellicle forms from the bacteria,bgiepq,1,images/bgiepq.jpg
9874,cat yawning in front of a sunset,5qili1,1,images/5qili1.jpg
9875,lazy sunday yes no maybe,6bskbg,0,images/6bskbg.jpg
9876,prince charles of wales on a chinampa in mexico city,2la3mb,1,images/2la3mb.jpg
9877,trumps poll numbers up on news that he shot somebody,42gifl,0,images/42gifl.jpg
9878,kate middleton duchess of cambridge playing cricket,2cd083,1,images/2cd083.jpg
9879,kid playing with slime foam,9jbgds,1,images/9jbgds.jpg
9880,time to crack down on islamophobia turkeys erdogan tells eu,2rnbyg,1,images/2rnbyg.jpg
9881,this cat that escaped from its travelcage,87hifv,1,images/87hifv.jpg
9882,the paint cracking in this painting,dffg3z,1,images/dffg3z.jpg
9883,this store selling new age beverages,csgwc8,1,images/csgwc8.jpg
9884,ops tiny stress cabin,8ugy3d,1,images/8ugy3d.jpg
9885,our hotel housekeeper folded our handtowels into a little lady holding a flower,b87j8u,1,images/b87j8u.jpg
9886,coffee and fire,26o2rd,1,images/26o2rd.jpg
9887,bbc trust tells parents unhappy at cbbcs late finish there is an off button,3ue3zk,1,images/3ue3zk.jpg
9888,my eggs shaped like an ear,c9org6,1,images/c9org6.jpg
9889,penn state football wants jerry sandusky to renew his season tickets,2o80wr,1,images/2o80wr.jpg
9890,wwii american,5mu5tj,0,images/5mu5tj.jpg
9891,pesident trump taking his stress to the golf course circa,b6r0xs,0,images/b6r0xs.jpg
9892,ottoman troops locate and sink a privateers ship hired by arab merchants to drive up prices by sabotage somewhere off the coast of hatay ad,8omf7p,0,images/8omf7p.jpg
9893,mummified buddhist monk comes back to life after years,5ck4mu,0,images/5ck4mu.jpg
9894,great father glory days,5ryln9,0,images/5ryln9.jpg
9895,lowkey thought hes a circus performer with real horns,bejh1d,0,images/bejh1d.jpg
9896,holy mother mary,6icb91,0,images/6icb91.jpg
9897,three guys on a moped,30n1wf,1,images/30n1wf.jpg
9898,pokemon usa threatens to sue cancer researchers,21plhg,1,images/21plhg.jpg
9899,run back to me my earthling son,4cohg1,0,images/4cohg1.jpg
9900,this piece of plastic look surprised from the rain,5kjl3o,0,images/5kjl3o.jpg
9901,new electric car parked in my driveway,5lpkg9,0,images/5lpkg9.jpg
9902,college admissions office shreds incriminating documents,b10yc1,0,images/b10yc1.jpg
9903,steph curry midjump against lebron james,4okr1l,1,images/4okr1l.jpg
9904,this bench defines its seats using curves,dg0q15,1,images/dg0q15.jpg
9905,apples ios imessage is a huge mess first there was porn now there are nazi gifs,537qfe,1,images/537qfe.jpg
9906,read the ny attorney generals corruption lawsuit against trump and his charitable trump foundation,99j2j6,1,images/99j2j6.jpg
9907,down but very far from out an unflinching look at violence in chicago mass shootings get plenty of attention but ordinary violence causes far more damage to the most vulnerable people review of an american summer love and death in chicago by alex kotlowitz,azw2q0,1,images/azw2q0.jpg
9908,monkey playing in the span of a good boy,3pzf69,0,images/3pzf69.jpg
9909,ive never had a milkshake so happy to be consumed,8guw7n,0,images/8guw7n.jpg
9910,wheelchairbound woman with muscular dystrophy applies for modeling job as a joke gets hired by the fashion brand diesel,1w1rl6,1,images/1w1rl6.jpg
9911,shopvac is angry at your transgressions,6x90ku,0,images/6x90ku.jpg
9912,abraham lincoln,94shgb,0,images/94shgb.jpg
9913,bake rolls were first made on the pacific islands circa ad,8rqti0,0,images/8rqti0.jpg
9914,preview the last of us part ii will explore ellies character growth as she focuses on selfcare by hiking and taking a pottery class after realizing she cant control the infected around her,d8tqfg,0,images/d8tqfg.jpg
9915,our campsite matched our meal cover art,9go96z,1,images/9go96z.jpg
9916,guy laying on the ground after breaking a swing,1g8pbb,1,images/1g8pbb.jpg
9917,i think ive offended them,7doj70,0,images/7doj70.jpg
9918,my starbucks has big bags of used coffee grounds for free,cxnxft,1,images/cxnxft.jpg
9919,africa is leading the world in plastic bag bans,bqvbs5,1,images/bqvbs5.jpg
9920,anyone know what to do with the community tell me this was a bebeh,4u5zfz,0,images/4u5zfz.jpg
9921,lethal injection least effective drugs man took while in prison,as9utt,0,images/as9utt.jpg
9922,man greasing light pole in preparation for the eagles game,7rysfl,1,images/7rysfl.jpg
9923,us is no longer a full democracy eiu warns,5q50u2,1,images/5q50u2.jpg
9924,the violent clashes in berkeley werent protrump versus antitrump,65rekn,1,images/65rekn.jpg
9925,robot at supermarket near me,ciyk9x,1,images/ciyk9x.jpg
9926,the popes new comedic advisor is a rabbi,3o6spn,1,images/3o6spn.jpg
9927,spontaneous bernie sanders rally breaks out at comiccon,3d5k1a,1,images/3d5k1a.jpg
9928,upliftingnews in review thmay th,69vown,1,images/69vown.jpg
9929,this cardboard pope,8jajhu,1,images/8jajhu.jpg
9930,untreatable prostate cancer halted in some men by new immunotherapy drug trial finds one in men have astonishing benefits from personalised treatment which jumpstarts the immune system to tackle tumours,8o3qwc,1,images/8o3qwc.jpg
9931,noticed this sad and terrified little guy on the floor at work today,245g4m,0,images/245g4m.jpg
9932,this mossy rock looks like a tropical island,53197w,0,images/53197w.jpg
9933,he is everywhere,22ip86,0,images/22ip86.jpg
9934,irgun poster of greater israel from the nile to the euphrates mandatory palestine,6xkm3r,0,images/6xkm3r.jpg
9935,evander hollyfield laying in the ring knocked out after having his ear bitten out by mike tyson circa,84kku3,0,images/84kku3.jpg
9936,this truck for transporting equipment has both a pa and a nj license plate,aviduz,1,images/aviduz.jpg
9937,i had exactly steps at am,ddogqe,1,images/ddogqe.jpg
9938,one direction management upset over one erection condoms,24twp0,1,images/24twp0.jpg
9939,this is a grease stalagmite that formed from drippings off of the grill at my work,9bc2mo,1,images/9bc2mo.jpg
9940,customers eagerly lining up to buy the highly anticipated iphone x,7atogp,0,images/7atogp.jpg
9941,parents in tears as boys let classmate with down syndrome win school sports day race,4p9bmd,1,images/4p9bmd.jpg
9942,the aftermath of th digitalrecolourization,5sa612,0,images/5sa612.jpg
9943,illegal immigrant jumping over the mexican border cir,7973d6,0,images/7973d6.jpg
9944,stone cold stuns hitler to become the ww heavyweight champion,c4md81,0,images/c4md81.jpg
9945,the united states of america develops a weather manipulation machine,czswkh,0,images/czswkh.jpg
9946,this year old sundial in my home town,dlnv6o,1,images/dlnv6o.jpg
9947,this little guy looks a bit shocked,82dxfm,0,images/82dxfm.jpg
9948,this guy winning a school contest,1z1fot,1,images/1z1fot.jpg
9949,streets in milan after years of motorcycle parking,caz7b2,1,images/caz7b2.jpg
9950,the white dove of the peace movement comes to korea cartoon by dr fitzpatrick,71cqjo,0,images/71cqjo.jpg
9951,alan alda and his future wife falling in love over rum cake at a mutual friends dinner party,7rjvi1,0,images/7rjvi1.jpg
9952,ummm well it looks like a uhhh yeah,1wpn7h,0,images/1wpn7h.jpg
9953,watch now as i start groovin on you fred didnt understand the concept of red light district roleplay,4unch3,0,images/4unch3.jpg
9954,iphone derp face,4pv4bg,0,images/4pv4bg.jpg
9955,this rubber band that fell into the shape of a treble clef,dhznk8,1,images/dhznk8.jpg
9956,post box in ireland closed because of nesting birds,6evkhu,1,images/6evkhu.jpg
9957,russia scraps plans to build the eye of sauron in moscow,2ovpwp,1,images/2ovpwp.jpg
9958,was doing prep at work today when my red pepper smiled back at me,22x4ej,0,images/22x4ej.jpg
9959,single green tomato in a box of red ones,bxauq0,1,images/bxauq0.jpg
9960,an icy sunset at great sand dunes national park is the most beautiful countries in the mojave desert seen from mount bierstadt colorado,8xouec,0,images/8xouec.jpg
9961,driftwood swing oregon coast,9bcsvs,1,images/9bcsvs.jpg
9962,phoenix bus dump truck wreck gives flasher captive audience,2rfyvc,1,images/2rfyvc.jpg
9963,a french notary manuscript from found in the archives at my office,ctr36f,1,images/ctr36f.jpg
9964,a pack of rare land dolphins,ayupqz,0,images/ayupqz.jpg
9965,we have unisex bathrooms and my daughter who cleans the bathrooms puts these toilet roll characters up to convince the guys to keep the bathrooms clean the guys think theyre hilarious and have really worked to help her out,c5jreg,1,images/c5jreg.jpg
9966,the spread of the black plague,bvn7in,0,images/bvn7in.jpg
9967,my uber has an actual outlet in the car,cbvje1,1,images/cbvje1.jpg
9968,sir bagles the super dog,2ngdzu,1,images/2ngdzu.jpg
9969,this wall blowing out smoke,2pqxp6,0,images/2pqxp6.jpg
9970,bought a nokia phone today such an old phone,b29l7k,1,images/b29l7k.jpg
9971,teenagers values more materialistic less interested in work than ever,1dlr4t,1,images/1dlr4t.jpg
9972,this butterfly looks like a newspaper cutout,al402n,1,images/al402n.jpg
9973,owl and a dog,7prl5v,1,images/7prl5v.jpg
9974,det galler oss swedish wwii poster,bzhbho,0,images/bzhbho.jpg
9975,circa,dcpxkb,0,images/dcpxkb.jpg
9976,this guy tshirt is just surprising,croyts,1,images/croyts.jpg
9977,the search for toiler paper fineprint,8ev4hf,0,images/8ev4hf.jpg
9978,minecraft birthday party for the first ever photo of a chance as any other set of numbers,6v2fcs,0,images/6v2fcs.jpg
9979,guy uses sweater to turn it into a second rate nationality,4419qd,0,images/4419qd.jpg
9980,to make the world a decent place to live in rd liberty loan,8cyoyx,0,images/8cyoyx.jpg
9981,when two become one,arpua7,0,images/arpua7.jpg
9982,tuxedo cat,77hyj7,1,images/77hyj7.jpg
9983,this smirky ruler thinks its cool and shit,9ejvki,0,images/9ejvki.jpg
9984,somehow poetic,8ft5dn,0,images/8ft5dn.jpg
9985,cheeky grin,69mlly,0,images/69mlly.jpg
9986,us prisons ration expensive hepatitis c drugs,5384r4,1,images/5384r4.jpg
9987,italian mob captures defector and tortures him for answers circa,cy3uw4,0,images/cy3uw4.jpg
9988,woof,cuneqv,0,images/cuneqv.jpg
9989,happy to be up for sale,2mhjee,0,images/2mhjee.jpg
9990,the word newsfeed can be found in this box what was in this thread because i saw today,3w3og5,0,images/3w3og5.jpg
9991,the statue of liberty made out of hershey chocolate,d8s1gm,1,images/d8s1gm.jpg
9992,my uncle in vietnam,9bp109,0,images/9bp109.jpg
9993,cute smiling box,4836zk,0,images/4836zk.jpg
9994,operation paperclip colorised,cqracu,0,images/cqracu.jpg
9995,rebelling colonies of british empire in europe circa,b7zr4j,0,images/b7zr4j.jpg
9996,german dessert includes a whole kinder egg,d7uemr,1,images/d7uemr.jpg
9997,report germanys tornado recon jets cant fly at night,41q5k3,1,images/41q5k3.jpg
9998,teen with down syndrome scores td for cancerstricken mom,53rm3z,1,images/53rm3z.jpg
9999,almost stepped on a toad,985kc4,0,images/985kc4.jpg
10000,first person is killed by uber self driving car tempe,86dpbd,0,images/86dpbd.jpg
10001,on a post about a homophobic woman in rtrashy,cjuvdt,1,images/cjuvdt.jpg
10002,ultimate frisbee diving catch,5ux6mg,1,images/5ux6mg.jpg
10003,all of the glorious rrated movies i have seen in my brief years on this spinning orb,8qb53w,0,images/8qb53w.jpg
10004,smallest penis contest in brooklyn new york bar to honor the small things,1elw2c,1,images/1elw2c.jpg
10005,found a candy corn that is entirely orange,d1iper,1,images/d1iper.jpg
10006,polar bear posing in front of camera,3jqmwl,1,images/3jqmwl.jpg
10007,this crow photobombing a snap,cnzq8a,1,images/cnzq8a.jpg
10008,the calfs two tone eye lashes,bz3812,1,images/bz3812.jpg
10009,have the cia been killing rockstars at age,56ww0d,0,images/56ww0d.jpg
10010,this screaming car seat,8t5l04,0,images/8t5l04.jpg
10011,these free boxes on craigslist were really happy to be getting picked up,9h7tby,0,images/9h7tby.jpg
10012,homemade pork chops with homemade tomato basil soup with kimchi,8kmwd2,0,images/8kmwd2.jpg
10013,this evil rock i found while on a hike,88efbj,0,images/88efbj.jpg
10014,policeman accidentally shoots colleague while discussing accidental shootings,4apmjq,1,images/4apmjq.jpg
10015,religious leaders push for muslim alternative to peppa pig,5h3lvl,1,images/5h3lvl.jpg
10016,disappointing prince vaults found to contain hours of billy joel covers,4hmtst,0,images/4hmtst.jpg
10017,this spot right here needs rain everywhere else is good,bzvhfz,1,images/bzvhfz.jpg
10018,s t a r m i t,72rrp0,0,images/72rrp0.jpg
10019,study the great path of the party of lenin and stalin,xye07,0,images/xye07.jpg
10020,my daughters hard boiled egg had two mini egg yolks,b44mck,1,images/b44mck.jpg
10021,the watchmen mars,8hazf3,0,images/8hazf3.jpg
10022,coke vs pepsi,1ux7l9,1,images/1ux7l9.jpg
10023,bat yam bus bombing a feeling of loneliness and isolation,2vnd1h,0,images/2vnd1h.jpg
10024,space station crew finally gets their isspresso machine,32svsz,1,images/32svsz.jpg
10025,soldier spraying ddt,67p961,1,images/67p961.jpg
10026,oxygen is disappearing from the worlds oceans at an alarmingly rapid pace,7oly7o,1,images/7oly7o.jpg
10027,syrup smile this guy was hiding under a doughnut,dgn5fz,0,images/dgn5fz.jpg
10028,altered plea hirsch in der kirche,8qv6je,0,images/8qv6je.jpg
10029,the red raiders monuments,7bfs8g,0,images/7bfs8g.jpg
10030,this giant albino asian carp caught out my local parks small and shallow lagoon usually home to tiny blue gill at best who knows who dumped it in but from the looks of it he thrived for a long time,bvs103,1,images/bvs103.jpg
10031,this bicycle shaped pizza cutter,by8r2o,1,images/by8r2o.jpg
10032,substitute meat ww era,axq2vh,0,images/axq2vh.jpg
10033,the marble thats all inside a spray paint can the thing that rattles,d4c3vi,1,images/d4c3vi.jpg
10034,emojis are the perfect guide how about a year late with a meme as a millennial i can deeply relate to these keeeeds,7a3pzv,0,images/7a3pzv.jpg
10035,such a happy little box,aye2az,0,images/aye2az.jpg
10036,dacian gold and silver drinking vessel th century bc,30c82o,1,images/30c82o.jpg
10037,i found a koala face on the coach,9bda51,0,images/9bda51.jpg
10038,when a memorial to emmett till was vandalized these high school students stepped up,6kgzb9,1,images/6kgzb9.jpg
10039,chairman of california affordable housing board is mass evicting his own apartment buildings,38m4tf,1,images/38m4tf.jpg
10040,halo top chocolate covered banana ice cream flavor different caloric values,9iafw5,1,images/9iafw5.jpg
10041,easy to see circles,1zbq8o,0,images/1zbq8o.jpg
10042,years ago today jackie kennedy reaches out of the car to grab pieces of her husbands brain moments after he was shot in dallas texas,7et1v9,0,images/7et1v9.jpg
10043,water chestnuts are demons from hell,54u9tb,0,images/54u9tb.jpg
10044,lonely tree after a heavy snow storm,7yb7r5,0,images/7yb7r5.jpg
10045,six bullets and thus fell the god of the west,7ihmix,0,images/7ihmix.jpg
10046,overload bloody rails,87dohf,0,images/87dohf.jpg
10047,america dropping two atom bombs on japan,c5f3sm,0,images/c5f3sm.jpg
10048,this sink which holds no water,c1ekg4,1,images/c1ekg4.jpg
10049,snapping sunset cthulhu turned up in my garden,zgnra,0,images/zgnra.jpg
10050,can anyone else do this,9d9u8q,1,images/9d9u8q.jpg
10051,boris johnson celebrates with his friend after becoming the uks new prime minister,cgydaz,0,images/cgydaz.jpg
10052,gop senator suggests hormones could be behind military sexual assaults,1foyrs,1,images/1foyrs.jpg
10053,the way radio shack used to write out their prices,athcuy,1,images/athcuy.jpg
10054,poll machine installed in my office building how was your coffee today,bb7b1i,1,images/bb7b1i.jpg
10055,this barf bag on a plane,dcuta9,1,images/dcuta9.jpg
10056,dancing with peruvian children,3y4p12,1,images/3y4p12.jpg
10057,quadratus ascensia,6tl9pz,0,images/6tl9pz.jpg
10058,south african sunrise,35gg9z,1,images/35gg9z.jpg
10059,the outsiders lost and forgotten,7x81oq,0,images/7x81oq.jpg
10060,still love this photo of my neighbours outdoor christmas tree in the snow,c883t7,0,images/c883t7.jpg
10061,excellent,5n1i7f,0,images/5n1i7f.jpg
10062,an aerial view of a united states air force b stratofortress heavy bomber and the great pyramids in el giza egypt photographed on,50eqkt,1,images/50eqkt.jpg
10063,this cafes use of an on this sign,deb007,1,images/deb007.jpg
10064,so this happend when i made eggs this morning,bl30m5,1,images/bl30m5.jpg
10065,owners save dog from the clutches of large python,2mombb,1,images/2mombb.jpg
10066,have it three ways,p851b,1,images/p851b.jpg
10067,the way my camera broke produced this interesting photo,bqk1lq,1,images/bqk1lq.jpg
10068,bridesmaid saves drowning baby goose during wedding photo shot,4kzljg,1,images/4kzljg.jpg
10069,the cupholder on my bus is happy to be of service,6nahxv,0,images/6nahxv.jpg
10070,just the tips are red lol,dgwry0,1,images/dgwry0.jpg
10071,outdoor company burton announced that it changed all female athletic contracts to include language that protects women during and after pregnancy,bphf9z,1,images/bphf9z.jpg
10072,rain drop chilling on my windshield,ircdr,0,images/ircdr.jpg
10073,lost waves relaxation simulator,cbgmr4,0,images/cbgmr4.jpg
10074,poll support for another crusade at highest level since th century,4bv9op,0,images/4bv9op.jpg
10075,semi truck hauling a single smart car,b4lrf5,1,images/b4lrf5.jpg
10076,dr david nott receiving a special recognition award for his work in the worlds most dangerous places thanked by carol vorderman award host for saving her life years before,5aql0k,1,images/5aql0k.jpg
10077,lenin standing in front of a fallen statue of boy circa,7l78fl,0,images/7l78fl.jpg
10078,first attempt at clean energy solo spaceflight,6hqs3x,0,images/6hqs3x.jpg
10079,come on boys join the irish canadian rangers overseas battalion canadaunited kingdom,4rnqvr,0,images/4rnqvr.jpg
10080,this really long barcode,bqcea2,1,images/bqcea2.jpg
10081,man winning ironman race,4of7qf,1,images/4of7qf.jpg
10082,surprised sausage,8qe5o0,1,images/8qe5o0.jpg
10083,cthulhu kalimba,uj2yk,0,images/uj2yk.jpg
10084,this tired squirrel,2u05z1,1,images/2u05z1.jpg
10085,german s election poster we women choose list national socialists,10tg6s,0,images/10tg6s.jpg
10086,the way these trees are changing colors for fall,diunl7,1,images/diunl7.jpg
10087,uk students union passes policy banning gay white men from acting like black women,30hv43,1,images/30hv43.jpg
10088,this guy pushing a stroller with a unicycle,c978c6,1,images/c978c6.jpg
10089,a science teacher from rural kenya who donates most of his salary to help poorer students has been crowned the worlds best teacher and awarded a m prize beating nominations from countries,b522rx,1,images/b522rx.jpg
10090,standing in long lines suck,1cztko,0,images/1cztko.jpg
10091,spokane man claims ageism after being banned from starbucks for hitting on teen barista,5lcuep,1,images/5lcuep.jpg
10092,a very well camouflaged caterpillar,db11if,1,images/db11if.jpg
10093,this man with a flaming sword,7893me,1,images/7893me.jpg
10094,found this lego tyler durdin at a model train museum display,cvrt4z,1,images/cvrt4z.jpg
10095,a lil bird chipped into the paint of this wood stove,bwpy20,0,images/bwpy20.jpg
10096,iowa city police man smoked meth because he was bored,3ir8i2,1,images/3ir8i2.jpg
10097,two dogs ones in a lobster costume,2g1hsz,1,images/2g1hsz.jpg
10098,turn off the lights off go hd and turn the lights off and a neodymium magnet,3vupcs,0,images/3vupcs.jpg
10099,the typo in this streets sidewalk stamp,cbn2v0,1,images/cbn2v0.jpg
10100,my hotel shower has fullsized bottles but theyre locked in a rack to prevent theft,d1hhqu,1,images/d1hhqu.jpg
10101,what is vrangel dreaming of soviet poster of the civil war ukrainian ssr,94pkvl,0,images/94pkvl.jpg
10102,leaflet warning of nazi threat to slovenia translation slovenes unite and defend,bi33ux,0,images/bi33ux.jpg
10103,this mutant poppy i grew,cmu06w,1,images/cmu06w.jpg
10104,kim jong un musing over which country he is going to nuke,72oj54,0,images/72oj54.jpg
10105,german scientist richard fiedler testing the prototype of flammenwerfer,8uerk9,0,images/8uerk9.jpg
10106,british victory medal depicting blas de lezos surrender to edward vernon made before britain learned that lezo had won,7pzouw,0,images/7pzouw.jpg
10107,they left me alone outside,284vj7,0,images/284vj7.jpg
10108,sonic animators being sent back into the animation room for redesigns,bkh82k,0,images/bkh82k.jpg
10109,went for a new toilet roll and discovered some large raisins or old grapes not sure nb i have small kids,cdvv0l,1,images/cdvv0l.jpg
10110,easter sunday bomb blasts kill more than in sri lanka,bfwmo7,1,images/bfwmo7.jpg
10111,formerly homeless foster youth graduates college,4rau5w,1,images/4rau5w.jpg
10112,nearly raised for muslim immigrantowned limo torched by protesters,5qynne,1,images/5qynne.jpg
10113,my dog has a cat on the back of her head,9e4e17,1,images/9e4e17.jpg
10114,condor main street,85l5ck,0,images/85l5ck.jpg
10115,florida woman is criticized after posting picture of her year old hitting a bong for her th birthday,bt36eg,0,images/bt36eg.jpg
10116,leo getting a cookie,8itbbm,1,images/8itbbm.jpg
10117,teen troll rolled joints with bridge tolls police say,zs330,1,images/zs330.jpg
10118,a lone pallet is nonplused about his predicament,6b6n0q,0,images/6b6n0q.jpg
10119,more louisiana gopers blame obama for katrina than bush,1kvchf,1,images/1kvchf.jpg
10120,pussy riot attacked with whips by cossack militia at sochi olympics,1ydgjq,1,images/1ydgjq.jpg
10121,the woman who adopts dead babies,340w1a,1,images/340w1a.jpg
10122,abandoned cars in the woods,498ji0,1,images/498ji0.jpg
10123,autocharis the power of the force stopped you you hosers,4kiye9,0,images/4kiye9.jpg
10124,the dawn didnt mix with the palmolive im guessing its due to density,cximas,1,images/cximas.jpg
10125,german military blames loss of the first world war on the criminals colorised,asn6h9,0,images/asn6h9.jpg
10126,out with the patina on this car had them,b6rk3k,0,images/b6rk3k.jpg
10127,aggressive turkey terrorizes downtown davis residents,5awnnd,1,images/5awnnd.jpg
10128,why is his foot backwards,d08z8b,0,images/d08z8b.jpg
10129,internet celebrity ninja after winning a match in popular video game fortnite circa,8jh2z3,0,images/8jh2z3.jpg
10130,taliban demands unbiased coverage of its attempted murder of a yearold girl,11lkib,1,images/11lkib.jpg
10131,i painted my graphics card to match my favourite van gogh painting,5ultdr,0,images/5ultdr.jpg
10132,this dog is chewbacca,7krn4r,1,images/7krn4r.jpg
10133,this little man is happy to see me,ddgiw0,0,images/ddgiw0.jpg
10134,found on the inside of the bathroom door at the strater hotel durango co,9ccaac,1,images/9ccaac.jpg
10135,a screaming mans head as part of a balcony support,c0zyne,1,images/c0zyne.jpg
10136,there is an alien lifeform growing in my lavalamp,dikyyz,1,images/dikyyz.jpg
10137,my chairs look like one,borr4r,0,images/borr4r.jpg
10138,a bust of christopher walken,cvryb7,1,images/cvryb7.jpg
10139,its really took me a second to understand can you,cko5mw,0,images/cko5mw.jpg
10140,this moth is giving me the finger,bmh9mh,1,images/bmh9mh.jpg
10141,these mini peppers i think growing inside my yellow pepper,awne1d,1,images/awne1d.jpg
10142,a wildfire in bitterroot national forest usa on the elk sought refuge and safety in the river bottom,4hmhve,1,images/4hmhve.jpg
10143,houston police searching for serial defecator,259k9d,1,images/259k9d.jpg
10144,snoop dogg dlc coming to call of duty ghosts,234wu8,1,images/234wu8.jpg
10145,photo taken at the albert dock in liverpool england yesterday theres miles of chains with thousands of locks,atnkyo,1,images/atnkyo.jpg
10146,wink,18ap35,0,images/18ap35.jpg
10147,jumping off a tree,6ctjnd,1,images/6ctjnd.jpg
10148,us house panel slams snowden for causing tremendous damage to us national security lying about his background and feuding with coworkers now with less inflammatory title,532gvk,1,images/532gvk.jpg
10149,these happy little guys around the inside of my colander,dc3cvi,0,images/dc3cvi.jpg
10150,jurassic bark wet bitches,bvlmmr,0,images/bvlmmr.jpg
10151,i just told these pig halves what they are,bleh6r,0,images/bleh6r.jpg
10152,houstonians being awesome man jumps off of an overpass to rescue sinking trucker with a hammer and a rope,d6pfoh,1,images/d6pfoh.jpg
10153,nun showing a little cleavage nsfw,5yphgk,0,images/5yphgk.jpg
10154,giant tortoises believed to have been extinct for more than years are found alive and well in the galapagos islands,aspt77,1,images/aspt77.jpg
10155,cat with different color eyes has different color reflections from flash,c4fvwr,1,images/c4fvwr.jpg
10156,little puppies all lined up,cs2k2c,0,images/cs2k2c.jpg
10157,group makes hundreds of quilts for needy,7q8qnp,1,images/7q8qnp.jpg
10158,don pablo aka el patron circa,7qbz4i,0,images/7qbz4i.jpg
10159,heres a new clue about where the simpsons actually takes place,54wzm4,0,images/54wzm4.jpg
10160,gunna drip or drown,as2l6f,0,images/as2l6f.jpg
10161,can th of,3domy6,0,images/3domy6.jpg
10162,this family photo,954jfz,0,images/954jfz.jpg
10163,bc mountie helps woman with osteoporosis get home with groceries,4h56ws,1,images/4h56ws.jpg
10164,americas war on mosquitoes patriotic racist and goofy antimalaria from world war iifeaturing a guest appearance by the young dr seuss,vad2f,0,images/vad2f.jpg
10165,the hound from game of thrones and i cant bomb my way back to the personal we can too,4p2qn3,0,images/4p2qn3.jpg
10166,last picture of nazi officer before death,8f5nym,0,images/8f5nym.jpg
10167,having a great time at disneyland,1esaco,1,images/1esaco.jpg
10168,this piano book came with an audio cassette tape,cqw7yz,1,images/cqw7yz.jpg
10169,sad puppy,2beqmr,0,images/2beqmr.jpg
10170,this cat with paws in the air,9fj04a,1,images/9fj04a.jpg
10171,i have had this twinky since i was told they had a shelf life of years more years to go,bancfj,1,images/bancfj.jpg
10172,opiumeating wallabies get high make crop circles,1jd96s,1,images/1jd96s.jpg
10173,parents of children who were killed in sandy hook are suing alex jones over his conspiracy theories,8d0u2m,1,images/8d0u2m.jpg
10174,d,bhocbn,0,images/bhocbn.jpg
10175,neat profile on the guy in the wheelchair that stormed the court and the future nba star that saved him,175ob7,1,images/175ob7.jpg
10176,best man getting a mouthful,2tcuvv,1,images/2tcuvv.jpg
10177,dog standing in the water,50k81r,1,images/50k81r.jpg
10178,it was the scariest moment of the cold war,5h0g4y,0,images/5h0g4y.jpg
10179,boy standing in front of a mirror that says can you improve this image,197nrc,1,images/197nrc.jpg
10180,photo taken moments before james charles turns someone gay,bowrls,0,images/bowrls.jpg
10181,this man on a couch,b5oo6n,1,images/b5oo6n.jpg
10182,people protesting the war in vietnam circa,boyup1,0,images/boyup1.jpg
10183,space aliens a reason for israels prisonerrelease deal,1jnbqx,1,images/1jnbqx.jpg
10184,my dog i adopted today has clear nails,dd1p6o,1,images/dd1p6o.jpg
10185,d i r t y b o n g self titled,5scqxd,0,images/5scqxd.jpg
10186,jozef pilsudski head of state supreme commander and first marshal of poland polish nationalist poster,7k70jt,0,images/7k70jt.jpg
10187,the sunlight in this spot is making a thumbs up,dkphkh,1,images/dkphkh.jpg
10188,my wireless extender is supremely happy to be boosting my signal,6ncqyj,0,images/6ncqyj.jpg
10189,jungfrau,3uuajk,1,images/3uuajk.jpg
10190,cambodias endangered river dolphins at highest population in years,bavhv7,1,images/bavhv7.jpg
10191,birds eye,c13ezv,1,images/c13ezv.jpg
10192,real nigga tha mixtape,baxre6,0,images/baxre6.jpg
10193,xhtlaxfm zorla guzellik olmaz turkish house music,4clpdi,0,images/4clpdi.jpg
10194,reddit users dad on a table taken from rwoodworking,1kcs6w,1,images/1kcs6w.jpg
10195,the world according to ronald reagan usa,4ywex5,0,images/4ywex5.jpg
10196,them crooked vultures death from above,7lbkvy,0,images/7lbkvy.jpg
10197,we were sent to get away from the s,7kgpvo,0,images/7kgpvo.jpg
10198,an post the irish postal service is introducing a completely free service called address point fixed addresses for homeless people so they can avail of postal services such as job applications and medical post it is the first of its kind in europe,b9onx7,1,images/b9onx7.jpg
10199,jean olsen pissed,9kao4f,0,images/9kao4f.jpg
10200,a hot melty grilled cheese ready to be flipped,cpnllj,0,images/cpnllj.jpg
10201,tsar nikolas meeting rasputin c,d6mixo,0,images/d6mixo.jpg
10202,dad abandons girl on dirt road then looks in the rearview mirror and sees her transform,5xcxws,0,images/5xcxws.jpg
10203,jerusalem live at the apollo theatre,7dfn5y,0,images/7dfn5y.jpg
10204,movement to stop manspreading on public transit reaches san francisco,2ro58k,1,images/2ro58k.jpg
10205,just one of his mech in the uk to mock him,8yk6wd,0,images/8yk6wd.jpg
10206,long jump athlete,8x8nnd,1,images/8x8nnd.jpg
10207,an al qaeda terrorist miraculously manages to sneak forbidden items past tsa and onto a plane,98jkot,0,images/98jkot.jpg
10208,chewbacca and prince harry,8kruok,1,images/8kruok.jpg
10209,it would be a shame if this picture of billy joel from a previous star wars movie would you find on planets with different atmospheric composition,5ihxo2,0,images/5ihxo2.jpg
10210,my keyboard backlight makes the keys harder to see,cbqqks,1,images/cbqqks.jpg
10211,a rock has been discovered showing ancient prehistoric artwork,5d73fc,0,images/5d73fc.jpg
10212,this icecream lid,bjwgn3,0,images/bjwgn3.jpg
10213,hugging puppies at the dog park from raww,22wb2m,1,images/22wb2m.jpg
10214,baby talk to him and now my cat clearly wants me to shut thfuq up,cgd5a5,1,images/cgd5a5.jpg
10215,i think my tissue box is having a very bad day,88aljq,0,images/88aljq.jpg
10216,my local restaurants christmas tree,a2fhjq,1,images/a2fhjq.jpg
10217,cat exam,2nae1p,1,images/2nae1p.jpg
10218,this sleeping kitten,9a7mt2,1,images/9a7mt2.jpg
10219,this stump is a bit unsure how to feel about the whole situation,1wjll0,0,images/1wjll0.jpg
10220,there was a full house episode about how to fast track college admission process,b0n4ry,1,images/b0n4ry.jpg
10221,antivaxxers banned from raising money on gofundme,bdkai4,1,images/bdkai4.jpg
10222,animal rights ftw peta has launched a new ad campaign encouraging people to use nonleather belts for autoerotic asphyxiation,8n0qwz,0,images/8n0qwz.jpg
10223,i was eating chips and salsa some of it fell off the chip and was very happy about it,2yzdlu,0,images/2yzdlu.jpg
10224,uber australia will deliver a kitten to your door today,2uuz43,1,images/2uuz43.jpg
10225,this fan during brazilmexico match,28eivd,1,images/28eivd.jpg
10226,pitbull on the couch,5dbxb4,1,images/5dbxb4.jpg
10227,this thing exists,dfn3h8,1,images/dfn3h8.jpg
10228,maddow people disappointed by trump administration on plans for permitting discrimination against women children is over if the tax reform package,80vuce,0,images/80vuce.jpg
10229,helping a crashed rider,c9g1g4,0,images/c9g1g4.jpg
10230,please dont eat me,3fygss,0,images/3fygss.jpg
10231,there is a be curious sticker under the sink at my job,d8cmql,1,images/d8cmql.jpg
10232,bookstores and libraries are the most popular ways to get books,6rhshz,1,images/6rhshz.jpg
10233,this ice cube froze with a heart in it,au2b0z,1,images/au2b0z.jpg
10234,ann margaret and elvis in uniform wwi unknown location,52rs4m,0,images/52rs4m.jpg
10235,i spilled tea on my carpet and result was a gothic doctor of past era,d1lzyy,1,images/d1lzyy.jpg
10236,jefferson davis describes some of his political stances,7xe4xy,0,images/7xe4xy.jpg
10237,london bans housing developments from segregating leisure areas it is disgraceful that children who live in the same development would ever be prevented from playing together,cficrt,1,images/cficrt.jpg
10238,hello,8f65qd,0,images/8f65qd.jpg
10239,wyke dangerous encounters,9jw27y,0,images/9jw27y.jpg
10240,whoopsie the queen of england accidentally hacks off another mans ear while knighting him,b13ato,0,images/b13ato.jpg
10241,my tea has little inspirational sayings,d6mh0r,1,images/d6mh0r.jpg
10242,banana dad,6k7nyo,1,images/6k7nyo.jpg
10243,this sharps container i saw in a gas station rest room in ticonderoga ny,cvervi,1,images/cvervi.jpg
10244,judge berates murderer of ann arbor teen for smiling nearly laughing,6pckyx,1,images/6pckyx.jpg
10245,smells like team spirit squatter protest turin flyer,1mtwom,0,images/1mtwom.jpg
10246,my friend took this shot of the moon w my telescope was worth the drive and cold,19lwm1,1,images/19lwm1.jpg
10247,invention of the fidget spinner,6kc3p2,0,images/6kc3p2.jpg
10248,the champ th,b2q074,0,images/b2q074.jpg
10249,equifax revealed to be elaborate prank by troupe of whimsical clowns,71l3q7,0,images/71l3q7.jpg
10250,this ice crystal found on the beach,9ixie8,1,images/9ixie8.jpg
10251,record town the noise dies at record town,8aci5m,0,images/8aci5m.jpg
10252,netizens unsure about cgv cinemas new cup noodles,bwzp4v,1,images/bwzp4v.jpg
10253,melania trump during the visit of the czech prime minister to the white house,bhnk9l,1,images/bhnk9l.jpg
10254,the stomachchurning reason you should never ask for lemon in your gin and tonic,52f43b,0,images/52f43b.jpg
10255,trump stands by remarks on charlottesville george washington was a slave owner,6u2jcc,1,images/6u2jcc.jpg
10256,big game hunting in the ussr intourist date unknown,bms0hi,0,images/bms0hi.jpg
10257,my rice is winking at me,8x8zfc,0,images/8x8zfc.jpg
10258,aw poor water,74ths9,0,images/74ths9.jpg
10259,brock seat hamptonrest ginger fantasy brockhampton ginger x car seat headrest twin fantasy,cujrkf,0,images/cujrkf.jpg
10260,kim jongun overcomes dynastic fear of flying,32j1w2,1,images/32j1w2.jpg
10261,as st louis endures another deadly year city enjoys a day without murder,8iqi1z,1,images/8iqi1z.jpg
10262,shower handle is surprised,6knhqt,0,images/6knhqt.jpg
10263,i found a duck in someones white blood cell,2fb2k9,0,images/2fb2k9.jpg
10264,concrete evidence of collusion between trump team and russia handed to official investigation,65f38m,1,images/65f38m.jpg
10265,my friend finally found a friend,27xcia,0,images/27xcia.jpg
10266,president barack obama standing in a fist fighters posture,2phuia,1,images/2phuia.jpg
10267,he floet,ce5ith,0,images/ce5ith.jpg
10268,knight templar charging,c1gols,0,images/c1gols.jpg
10269,just some towels and trump,92vjpn,0,images/92vjpn.jpg
10270,ahhhh hands up,25idpv,0,images/25idpv.jpg
10271,coconut red bull is blue,btizd2,1,images/btizd2.jpg
10272,this sour patch kid is jimmy newtron,btbliz,1,images/btbliz.jpg
10273,was looking for wifi and,arbkig,1,images/arbkig.jpg
10274,i found a sloth in a tree,2rnjz6,0,images/2rnjz6.jpg
10275,woman dies after fall from cables on iconic half dome in yosemite national park,d0jour,1,images/d0jour.jpg
10276,study tennis leads to longer life,5frpku,0,images/5frpku.jpg
10277,the horrors of auschwitz circa,8dqdyl,0,images/8dqdyl.jpg
10278,kendrick lamar untitled unmastered,dilyg7,0,images/dilyg7.jpg
10279,paper airplane based on the f raptor,224lv4,1,images/224lv4.jpg
10280,illinois caterpillar subject of federal probe of its tax strategy,5x7slo,1,images/5x7slo.jpg
10281,young jewish boy hides from nazi soldiers by playing dead in body pile circa,6h3zd0,0,images/6h3zd0.jpg
10282,memes and memetics,auin0y,1,images/auin0y.jpg
10283,portlands congressman kind of thought portlandia was a documentary,1v04x6,1,images/1v04x6.jpg
10284,raise the skill of soviet soccer ussr,53jdj0,0,images/53jdj0.jpg
10285,aberdeen city council apologises after telling woman in letter that she was dead,2fees1,1,images/2fees1.jpg
10286,cat looking into mirror,7czvfb,1,images/7czvfb.jpg
10287,a big pile of produce,2de7tk,0,images/2de7tk.jpg
10288,the growth of the moss in my aquarium,c9n5v5,1,images/c9n5v5.jpg
10289,two killed in louisiana bus crash driver in us illegally cops say,509nxm,1,images/509nxm.jpg
10290,strike in salinas united farm workers us,63e73o,0,images/63e73o.jpg
10291,msnbc becomes mostwatched cable news channel report,6uk6ez,1,images/6uk6ez.jpg
10292,i love that john krasinski is the only st rounder with his ult as old ryze bot would do,4t1vir,0,images/4t1vir.jpg
10293,pablo escobar and his wife maria react to the death of a freind in a police shootout,8pw907,0,images/8pw907.jpg
10294,thai elephant kills keeper runs off with chinese on its back,3imn41,1,images/3imn41.jpg
10295,rosy natsuyasumi,bcguhi,0,images/bcguhi.jpg
10296,the droste effect from my wifes breastpump equipment cleaning bag,cx1loa,1,images/cx1loa.jpg
10297,cesar chavez to be removed from arizona primary ballot,28f56w,1,images/28f56w.jpg
10298,kasparov winning the fide world championship title circa,cxnua9,0,images/cxnua9.jpg
10299,louis ck unzipped uncut,7dnaw4,0,images/7dnaw4.jpg
10300,the start of the civil rights movement,5dit1u,0,images/5dit1u.jpg
10301,heavy rotation oil painting,c65ihw,0,images/c65ihw.jpg
10302,this console plays original nes snes and sega genesis cartridges all in one,c9aff1,1,images/c9aff1.jpg
10303,mushroom,c4bqpj,0,images/c4bqpj.jpg
10304,the way this sand dollar is perched,d1s6hp,1,images/d1s6hp.jpg
10305,friday night bbq,cia4ej,0,images/cia4ej.jpg
10306,my ice cream seemed happy to see me today,676vm4,0,images/676vm4.jpg
10307,russia launches the first space station,c41em4,0,images/c41em4.jpg
10308,penguin laying on his stomach,bchtu4,1,images/bchtu4.jpg
10309,inflated by an outpouring of love friends give a dying virginia balloon artist a last wonderland fifty balloon twisters from around the world gathered in a richmond shopping mall to create a balloon masterpiece honoring a dying master of the craft,81qaal,1,images/81qaal.jpg
10310,my right foot is noticably wider than my left the right shoe is actually a little tighter on my foot than the left which looks smaller,co77dz,1,images/co77dz.jpg
10311,i was about to sit on this poor guy,9do7df,0,images/9do7df.jpg
10312,i have a limited edition banana,b7od77,1,images/b7od77.jpg
10313,my friend,1g9dms,0,images/1g9dms.jpg
10314,i went on a plane and brought some potato chips with me and then they just puffed up idk why this happens can someone tell me,cxe0sy,1,images/cxe0sy.jpg
10315,my new chip clip,c0bhyc,1,images/c0bhyc.jpg
10316,found this guy at the bar last night,5gipg7,0,images/5gipg7.jpg
10317,books rearranged to form a smiley face in my university library,cq0hvk,1,images/cq0hvk.jpg
10318,they said what find out what vin scully jillian michaels and emma watson have to say,5vjbgu,0,images/5vjbgu.jpg
10319,this smudge on a shower curtain looks like gru,8ye6vr,0,images/8ye6vr.jpg
10320,surprised dog,1p0atj,1,images/1p0atj.jpg
10321,life play it cool dont scroll down now but david sedaris is in this list of amazing microhomes,5fkvpn,0,images/5fkvpn.jpg
10322,hold my beer while i nail this jump for absolutely no reason,7uybco,0,images/7uybco.jpg
10323,safety first,4mwpt1,0,images/4mwpt1.jpg
10324,the barnes and noble in baltimore has old industrial smokestacks in the middle of it,9cg9d1,1,images/9cg9d1.jpg
10325,french artillerymen attempt to stem the tide of the german offensive near verdun,9k57l1,0,images/9k57l1.jpg
10326,little demon living in my apple,78qb4x,0,images/78qb4x.jpg
10327,old age famous lion dies of old age,5aj18r,1,images/5aj18r.jpg
10328,walmart heir jim walton donates b of his fortune report says,c9fp0e,1,images/c9fp0e.jpg
10329,met a friendly lizard tonight,1wm60b,0,images/1wm60b.jpg
10330,sunset trapped under clouds blanket and mountain looks like a death ray,caxq4f,1,images/caxq4f.jpg
10331,left the zucchini in the garden too long,9ecw8m,1,images/9ecw8m.jpg
10332,starlings made a sky whale,3zk81i,0,images/3zk81i.jpg
10333,new mexico police officer honored for adopting baby from opioid addicted mom,7jdqmv,1,images/7jdqmv.jpg
10334,mississippi state democratic party prospectus presenting the entire ticket and calling to vote for strom thurmond to protect our way of life in the south against the vicious fepc and antipoll tax antilynching and antisegregation proposals mississippi united states,7oq400,0,images/7oq400.jpg
10335,louisiana police officer fired after saying on facebook that ocasiocortez needs a round,cgl6x6,1,images/cgl6x6.jpg
10336,where are they now john sample,bzaonk,0,images/bzaonk.jpg
10337,found this set of drafting curves in my dads computer desk that was made in west germany,cslbzm,1,images/cslbzm.jpg
10338,tempography inner workings,5qlyv2,0,images/5qlyv2.jpg
10339,donald trump is about to face a rude awakening over obamacare,5cmywm,1,images/5cmywm.jpg
10340,the sunset fades so perfectly and thats kind of interesting right,d62m3u,1,images/d62m3u.jpg
10341,all in the family the bailiffs,667pls,0,images/667pls.jpg
10342,competitive tickling documentary prompts controversy threats of lawsuits,4qixvp,1,images/4qixvp.jpg
10343,teachers joining the hong kong protests,crsy24,0,images/crsy24.jpg
10344,rotterdam netherlands,36qx1i,1,images/36qx1i.jpg
10345,oc one of the wall,6nyd9t,0,images/6nyd9t.jpg
10346,vikings owner ziggy wilf and governor dayton shoveling at the groundbreaking for the new vikings stadium,1s0ku7,1,images/1s0ku7.jpg
10347,un security council imposes new sanctions on north korea cnn,6rttyj,1,images/6rttyj.jpg
10348,cracked four double yolk eggs in a row while baking,c4x90v,1,images/c4x90v.jpg
10349,happy proud parents and a shocked baby bird,6air1n,1,images/6air1n.jpg
10350,pence used private email while indiana governor was hacked indianapolis star,5x7cdc,1,images/5x7cdc.jpg
10351,edgy kid in a job in runemployment,8seipt,0,images/8seipt.jpg
10352,polar bear in my daughters mint chip ice cream,8qlgdm,0,images/8qlgdm.jpg
10353,paint color sample cards,2o9h63,0,images/2o9h63.jpg
10354,art nemesis far,b2jevz,0,images/b2jevz.jpg
10355,rainbow on the left storm on the right,c79kna,1,images/c79kna.jpg
10356,this scared dog,59ewx8,1,images/59ewx8.jpg
10357,asteroid named after year old with terminal cancer who collected over million euros for charity,5tzr36,1,images/5tzr36.jpg
10358,einsteins uncovered notes c,8ohtr0,0,images/8ohtr0.jpg
10359,dems ask fbi to investigate massage parlor owner who was selling access to trump,b2ls6t,1,images/b2ls6t.jpg
10360,the bon bons white tiger,84orer,0,images/84orer.jpg
10361,this cat begging for belly rubs,c665xb,1,images/c665xb.jpg
10362,climate change will lead to battles for food says head of world bank,226dhk,1,images/226dhk.jpg
10363,this fork has uneven prongs,c5rm2b,1,images/c5rm2b.jpg
10364,baby bunny with paralyzed hind legs zips around on miniskateboard wheelchair,47i3mo,1,images/47i3mo.jpg
10365,lady bonding with yawning wolf dog,1pznmr,1,images/1pznmr.jpg
10366,nonverbal yearold boy and deaf dog are a match made in heaven,5mb10d,1,images/5mb10d.jpg
10367,man spending weekends in jail for eluding police arrested again after police pursuit,3i0026,1,images/3i0026.jpg
10368,police im an owl says drunken driver hiding in tree,1uw1ie,1,images/1uw1ie.jpg
10369,mrw i am not into it,4x18ih,0,images/4x18ih.jpg
10370,my little brain had trouble figuring out this one,8eczj3,0,images/8eczj3.jpg
10371,my cute little pickles when i tell them that they will never make front page,cl1sme,0,images/cl1sme.jpg
10372,my kids swing set,23m0ns,0,images/23m0ns.jpg
10373,the state of todays gop,3ynv93,0,images/3ynv93.jpg
10374,inverness northern frontier,6dbrc1,0,images/6dbrc1.jpg
10375,the berlin wall teared down berlin,84m7ff,0,images/84m7ff.jpg
10376,sexually explicit movie shows instead of disney film,1rxn6n,1,images/1rxn6n.jpg
10377,poorly circumcised penis,4wujpc,0,images/4wujpc.jpg
10378,saturday night live and stephen colbert be further dividing americans,6dotsw,1,images/6dotsw.jpg
10379,waves on a green sea,62qhmh,0,images/62qhmh.jpg
10380,the battle of stalingrad after the encirclement of the german th army,cii9fc,0,images/cii9fc.jpg
10381,sad thermometer,4ty765,0,images/4ty765.jpg
10382,malware dev who used spam botnet to pay for college gets no prison time,7ajd6w,1,images/7ajd6w.jpg
10383,mike pence meets trans guy,ay4v65,0,images/ay4v65.jpg
10384,montreal wants to ban use of herbicide glyphosate calling it a public health issue,d1z1tu,1,images/d1z1tu.jpg
10385,tiny arm,c3yswx,0,images/c3yswx.jpg
10386,pope endorses contraception after seeing what resulted from trumps parents not using any,6ehzul,0,images/6ehzul.jpg
10387,the way this tiny head lines up with the body,au39ea,0,images/au39ea.jpg
10388,child pushing a stroller full of cheezits,8abhqt,1,images/8abhqt.jpg
10389,portrait of peter freuchen explorer of the arctic who famously cut his way out of a blizzard shelter with a knife made of his own frozen feces circa,7vtl7k,0,images/7vtl7k.jpg
10390,train passenger tried to have sex with onboard drinks trolley,1umk8o,1,images/1umk8o.jpg
10391,man tossing a beer keg at a highland games,b8mqep,1,images/b8mqep.jpg
10392,first set images of anthony mackie as falcon from captain america the winter soldier,1di4sz,1,images/1di4sz.jpg
10393,they said what find out what pope francis hayao miyazaki and gwyneth paltrow have to say,8az42b,0,images/8az42b.jpg
10394,after years of marriage a celebration of love,48ih51,1,images/48ih51.jpg
10395,i think that house is smiling for me,d3y1kx,0,images/d3y1kx.jpg
10396,a rare image of neil armstrong moments before boarding appolo to set foot on the moon,bet295,0,images/bet295.jpg
10397,police investigating hugging incident at university of michigan hospital,2bv9e7,1,images/2bv9e7.jpg
10398,getting ready to do an autopsy on a trex with a chainsaw,38od68,1,images/38od68.jpg
10399,it was too bright for gaming on our road trip according to my year oldproblem solved by them,cj4cuv,1,images/cj4cuv.jpg
10400,japanese wwii poster,bz2nmw,0,images/bz2nmw.jpg
10401,bhumika an astute observation,6bdnz2,0,images/6bdnz2.jpg
10402,le moon fairy tales,8rccs9,0,images/8rccs9.jpg
10403,horrifying photo from the rape of nanking c,9cn7xu,0,images/9cn7xu.jpg
10404,red robins hot box gives you instructions on how to reheat fries,c49vq1,1,images/c49vq1.jpg
10405,this font on this stop sign is different,ctzpzz,1,images/ctzpzz.jpg
10406,these stacks of cpus,8zi2bs,0,images/8zi2bs.jpg
10407,local high school football coach adopts homeless player as his own gives him a new lease on life,566bho,1,images/566bho.jpg
10408,gop house representative biblical flood proves climate change isnt man made,1c3h33,1,images/1c3h33.jpg
10409,local election posters from the afd antieu germany,24as3m,0,images/24as3m.jpg
10410,this otter using a stick as a cane,7qcyew,1,images/7qcyew.jpg
10411,sessions announces religious liberty task force,935uod,1,images/935uod.jpg
10412,a kitten in a sock,2j9ar3,1,images/2j9ar3.jpg
10413,yellow wollywog,3l1r9t,0,images/3l1r9t.jpg
10414,friendship paradox the last days of you,2tx07m,0,images/2tx07m.jpg
10415,ringo starr shows off the uniforms for his new sideventure after the beatles,8ahwxq,0,images/8ahwxq.jpg
10416,where to get the best microwaved food,1kp057,1,images/1kp057.jpg
10417,the deluded god exists,88ucn1,0,images/88ucn1.jpg
10418,nsfw the grand chandelier in the back of the undead,9fmqto,0,images/9fmqto.jpg
10419,in california will consider splitting into three states,8qt2mw,1,images/8qt2mw.jpg
10420,man standing on water,cl5zpd,0,images/cl5zpd.jpg
10421,if we can find a way to photoshop the right half of a palestinian boys face with the left half of an israeli childs face so that it kind of looks like one face why cant israel and palestine find peace,2ebn08,0,images/2ebn08.jpg
10422,found these watermelons in the shape of cubes for two hundred dollars,b17spn,1,images/b17spn.jpg
10423,fight in empathy tent at uc berkeley leads to arrests,72rnxo,1,images/72rnxo.jpg
10424,karen young the resounding loom of time,3hg1xn,0,images/3hg1xn.jpg
10425,my university library has bubble wrap that you can pop when stressed simple instructions too,c04qlo,1,images/c04qlo.jpg
10426,keep these colors in mind when picking avocados,5sg1yo,0,images/5sg1yo.jpg
10427,ninety hits from the nineties compilation,8o2n8w,0,images/8o2n8w.jpg
10428,why so sad,844u41,0,images/844u41.jpg
10429,indian official sacked for pulling year sick leave,2rtrbl,1,images/2rtrbl.jpg
10430,this tiny flytrap that sprouted up next to my pitcher plants,cajipg,1,images/cajipg.jpg
10431,a mustache sticker,d0awp2,0,images/d0awp2.jpg
10432,what genre do you think theyre playing in this picture,1f5n43,1,images/1f5n43.jpg
10433,generous sponsor to give giftcards for school supplies to reddits teachers,1mt61v,1,images/1mt61v.jpg
10434,getting some alice in wonderland vibes from my back door,8qo89v,0,images/8qo89v.jpg
10435,nation dreading next months of watching candidates trying to relate to it,4kawmw,0,images/4kawmw.jpg
10436,peace of mind,8w4gur,0,images/8w4gur.jpg
10437,this box of sour patch kids cereal first its sour then its sweet,bxlu3r,1,images/bxlu3r.jpg
10438,death rates drop at bc hospitals due to machine that can sterilize a whole room at a time,2oe5f7,1,images/2oe5f7.jpg
10439,those are some very large wait what,8oisz2,0,images/8oisz2.jpg
10440,theresa after the brexit vote,astka0,0,images/astka0.jpg
10441,if you invested in microsoft in heres how much youd have now,bhrrdf,0,images/bhrrdf.jpg
10442,hong kong protests,cwt0kp,0,images/cwt0kp.jpg
10443,a tiny strawberry with an penny for scale,cd9c1i,1,images/cd9c1i.jpg
10444,this,c4threl,0,images/c4threl.jpg
10445,my fresno had a baby pepper inside,cs1qxd,1,images/cs1qxd.jpg
10446,border officers find accordion full of meth in nogales,297jxn,1,images/297jxn.jpg
10447,local movie theater has fortnite on one of the screens outside the bathroom,clcuv5,1,images/clcuv5.jpg
10448,grumpy cookie,2noy1l,0,images/2noy1l.jpg
10449,i looked on the block marley ran upstairs and lays on him,3oenkt,0,images/3oenkt.jpg
10450,colorado elects obama exorcist who wants to spank transgender children,2lhoa5,1,images/2lhoa5.jpg
10451,these two lions fighting,btobxu,1,images/btobxu.jpg
10452,norwegian muslims volunteer to protect synagogue,2wb3yz,1,images/2wb3yz.jpg
10453,my daughters pupils dilating asymmetrically at the eye doctor,daigpi,1,images/daigpi.jpg
10454,coat hook fell off wall was ok with it,1mu2hj,0,images/1mu2hj.jpg
10455,kim jong un celebrates a successfull rocket launch in fortnite,8wkf12,0,images/8wkf12.jpg
10456,winter in andermatt switzerland,bfbw22,1,images/bfbw22.jpg
10457,bmx trick,6xvawk,0,images/6xvawk.jpg
10458,caught while fishing in the front means,8g3qby,0,images/8g3qby.jpg
10459,red earth perihelion,cqz9sq,0,images/cqz9sq.jpg
10460,this child with a lot of hair,93filc,1,images/93filc.jpg
10461,soviet sniper vasilij kvachantiradze blends in with the forest environment at the height of winter,702xen,0,images/702xen.jpg
10462,brazilian sanitation strike,6qmoe4,1,images/6qmoe4.jpg
10463,the united states government lecturing mark zuckerberg on invading privacy,8cegw8,0,images/8cegw8.jpg
10464,las vegas shooting multiple casualties near mandalay bay casino,73r891,1,images/73r891.jpg
10465,madison bumgarner once dated a girl named madison bumgarner,2ornve,1,images/2ornve.jpg
10466,ram with horrible burns,2go6yv,0,images/2go6yv.jpg
10467,ten year old boy with terminal cancer is granted his last wish made police commissioner for a day,2jbgft,1,images/2jbgft.jpg
10468,death grips bottomless pit full album,5r2blq,0,images/5r2blq.jpg
10469,human chain rescues family at florida beach,6mm4y2,1,images/6mm4y2.jpg
10470,canada enacts drug price crackdown in blow to pharmaceutical industry,coa3gq,1,images/coa3gq.jpg
10471,grand jury indicted the man who filmed eric garners killing,2of3nu,1,images/2of3nu.jpg
10472,this creepy guy watched me shower at the super,4wiiqa,0,images/4wiiqa.jpg
10473,the grand canyon lit only by lightning,3hbd9u,1,images/3hbd9u.jpg
10474,pokemon cards that came with tickets to detective pikachu,bnupcm,1,images/bnupcm.jpg
10475,an indifferent mutant squid has a headache,2wrlxt,0,images/2wrlxt.jpg
10476,an angry rabbit,5xvb9y,0,images/5xvb9y.jpg
10477,the creation of religion bce,95u7cb,0,images/95u7cb.jpg
10478,deputy fired for stealing scotch tape from victims house,48j8ot,1,images/48j8ot.jpg
10479,i think this submersible saw some shit traveling in the deep sea,atq43j,0,images/atq43j.jpg
10480,i didnt think it was the onion at first it seems realistic new facebook feature scans profile to pinpoint exactly when things went wrong,89bg6w,0,images/89bg6w.jpg
10481,banana slug,9coov0,0,images/9coov0.jpg
10482,hillbilly,1lyvxa,0,images/1lyvxa.jpg
10483,this old cute shib in a modified baby stroller,ctug2h,1,images/ctug2h.jpg
10484,eating pizza,75sbrf,0,images/75sbrf.jpg
10485,this is the enemy,2ftps1,0,images/2ftps1.jpg
10486,members of the community having a squirtgun fight,3ede1z,1,images/3ede1z.jpg
10487,my hermit crabs coming for dinner,9g4ncn,1,images/9g4ncn.jpg
10488,b o s s m a n yang getaji haming desu,8gdg74,0,images/8gdg74.jpg
10489,man with gas mask faces officer during riot,4goprk,1,images/4goprk.jpg
10490,a person sitting in front of many magazines in mexico,43949v,1,images/43949v.jpg
10491,this dog with a water bottle,d2qrwc,1,images/d2qrwc.jpg
10492,curious ruber man,7hu3qb,0,images/7hu3qb.jpg
10493,steak getting preserved in salt,5hp08q,0,images/5hp08q.jpg
10494,teacup chihuahua deemed danger to society,11rzj6,1,images/11rzj6.jpg
10495,this chair is hungry for your change,5rh0x6,0,images/5rh0x6.jpg
10496,vegan women fight to protect endangered animals in africa,7png29,1,images/7png29.jpg
10497,this cheeky sander,6s6hei,0,images/6s6hei.jpg
10498,in custody dead in shooting at fort lauderdalehollywood intl airport,5mfffb,1,images/5mfffb.jpg
10499,help do i need a solution for cleaning up my lights,69wrg3,0,images/69wrg3.jpg
10500,my hat,23816n,0,images/23816n.jpg
10501,local man against accepting refugees while canada still has so many unsolved rubix cubes,3w2xna,0,images/3w2xna.jpg
10502,restaurant gives oshawa boy a chance to sell his lemonade,1j8cal,1,images/1j8cal.jpg
10503,the tide rolling in at the beach,1uuz3u,0,images/1uuz3u.jpg
10504,yami kiski,7tw9e9,0,images/7tw9e9.jpg
10505,i dont trust this bit of gum,5xmynf,0,images/5xmynf.jpg
10506,th circa,axoh2g,0,images/axoh2g.jpg
10507,new climate change study just pages of scientists telling americans to read previous climate change studies,bhltmk,0,images/bhltmk.jpg
10508,soviet train soviet power is a sower of true knowledge build schools open courses and universities written on the last railway carriage,c8od93,0,images/c8od93.jpg
10509,this dog jumping,7kzb0v,1,images/7kzb0v.jpg
10510,these siamise blackberries,cqn1h9,1,images/cqn1h9.jpg
10511,these door hinges have cool designs all i know is this house is from the early s and this is one of the original rooms,cnegto,1,images/cnegto.jpg
10512,update letters supporting homosexual lifestyles shut down oklahoma capitol,2uu2pn,1,images/2uu2pn.jpg
10513,because i must germany,8wmszp,0,images/8wmszp.jpg
10514,these tick boxes in the next elections is not a democrat,69chjy,0,images/69chjy.jpg
10515,nabisco baffled after trump administration gives it million contract to rebuild puerto ricos roads,78y5tz,0,images/78y5tz.jpg
10516,bakery thief eats bread cakes for hours before taking money publicity from the robbery lead to increased sales and owner says if you turn yourself in to police ill forgive you and give you cakes,bzdwd9,1,images/bzdwd9.jpg
10517,a young elvis presley in memphis tn,5dkiiv,0,images/5dkiiv.jpg
10518,the flying dutchman,845mgd,0,images/845mgd.jpg
10519,this looks like a face with its mouth open,99qg7r,0,images/99qg7r.jpg
10520,this bottle of coke i found at my grandparents house from,b31elp,1,images/b31elp.jpg
10521,jaden smith syre,bhu2ok,0,images/bhu2ok.jpg
10522,prostitute calls cops after irate man demands refund,dbtcoa,1,images/dbtcoa.jpg
10523,my crisp is vaguely heartshaped,dhchsx,1,images/dhchsx.jpg
10524,a rampaging rhino charging at the camera,1if2pp,1,images/1if2pp.jpg
10525,moher cliffs in ireland,2zcagw,1,images/2zcagw.jpg
10526,us court of appeals for the th circuit rules against obamas immigration plan includes link to slip opinion,3sa8u0,1,images/3sa8u0.jpg
10527,googles perks are so amazing that employees have found ways to secretly live on campus and avoid paying rent,2g1bj0,1,images/2g1bj0.jpg
10528,palmer luckey dressed as quiet from metal gear solid,69deld,1,images/69deld.jpg
10529,this street name is all lowercase,cu6q6b,1,images/cu6q6b.jpg
10530,obama flipflops declares war on marriage,tf8yd,1,images/tf8yd.jpg
10531,funeral,c0oycf,0,images/c0oycf.jpg
10532,the way these bananas split open,atoodj,1,images/atoodj.jpg
10533,this car doughnut cover looks like a simpsons doughnut,9hvztf,1,images/9hvztf.jpg
10534,sepp blatter hailed as combination of jesus christ nelson mandela moses,332yfa,1,images/332yfa.jpg
10535,i remember reading every single person in the eu,b9ktvq,0,images/b9ktvq.jpg
10536,looked out the window to see this hummingbird chilling on my lamp,d7pdzm,0,images/d7pdzm.jpg
10537,frog riding a bug,1uzv12,1,images/1uzv12.jpg
10538,men with their opah fish,2fwuhr,1,images/2fwuhr.jpg
10539,the way the frost formed on my car roof,buko4e,1,images/buko4e.jpg
10540,expelled student sues iu for gender discrimination,5lq70v,1,images/5lq70v.jpg
10541,conan and felix famous handshake rd,80hxhn,0,images/80hxhn.jpg
10542,burgers and grill flame look like a happy face,aylbfn,1,images/aylbfn.jpg
10543,bo porter attempts to argue a call with cb bucknor,1isiph,1,images/1isiph.jpg
10544,a garfield float mounted on a schoolbus,beip1x,0,images/beip1x.jpg
10545,i freaking love ironing,36lgzc,0,images/36lgzc.jpg
10546,this bagel bite had the toppings on the wrong side,araa25,1,images/araa25.jpg
10547,kurt cobain lead singer of nirvana moments before his suicide,81zb53,0,images/81zb53.jpg
10548,the place i just moved into has three gates between the two houses,arhvp2,1,images/arhvp2.jpg
10549,ben carson not claiming your farts is exactly like slavery,3qbtho,0,images/3qbtho.jpg
10550,dancing fat cat,2nyih9,1,images/2nyih9.jpg
10551,but does it have hdmi,c2ouvb,1,images/c2ouvb.jpg
10552,this piece of ice,8fl3x2,1,images/8fl3x2.jpg
10553,youll never have thais much fun,1kz8v6,1,images/1kz8v6.jpg
10554,available here,dy6pzmz,0,images/dy6pzmz.jpg
10555,ronald mcdonald in bangkok posed in traditional thai greeting,c73qhh,1,images/c73qhh.jpg
10556,til pegi europes video game in only to turn to writing and produced taylor swifts entire album,5sc05y,0,images/5sc05y.jpg
10557,vine monster breaks through the ground,94l8vp,0,images/94l8vp.jpg
10558,these roots look like a hand with fingers,b8cdq0,1,images/b8cdq0.jpg
10559,the landlocked country of austria tests the newest addition to its navy,9bycak,0,images/9bycak.jpg
10560,this remote has different buttons for on and off,b4c0fw,1,images/b4c0fw.jpg
10561,this pattern the sun reflected from a car rear headlight and through our front door,b2zfn8,1,images/b2zfn8.jpg
10562,double banana i got at work,degrdn,1,images/degrdn.jpg
10563,aaaah my eye,5k9p2x,0,images/5k9p2x.jpg
10564,us congress assesses threat cryptocurrencies pose to dollars dominance,90c718,1,images/90c718.jpg
10565,humans of pyongyang the glorious version of humans of new york oc,2b1o7l,0,images/2b1o7l.jpg
10566,this stoplight is shaped as a heart,arl5rk,1,images/arl5rk.jpg
10567,found this at work,dcd1de,1,images/dcd1de.jpg
10568,i just ate a pokemons sandwich and hes pissed,1q8ynp,0,images/1q8ynp.jpg
10569,cop rescuing a dog from sweltering car gets an infuriating explanation from the owner,9arfec,0,images/9arfec.jpg
10570,teen receives free heart surgery thanks to this doctor,3d2lmp,1,images/3d2lmp.jpg
10571,the clowns are taking their son to a homeless mans rescue,5dgj9a,0,images/5dgj9a.jpg
10572,the gummy bear dealer,66i4bh,1,images/66i4bh.jpg
10573,elderly mother at that age where even just one fall over niagara could be fatal,birtkn,0,images/birtkn.jpg
10574,king george iii about to end the atlantic slave trade,d7v00w,0,images/d7v00w.jpg
10575,next action hero mountaintop orchestra,67pou5,0,images/67pou5.jpg
10576,the moment i realized my afro was getting out of hand,1np03c,1,images/1np03c.jpg
10577,had pozole at a traditional swedish dish with uni at papilles la,65mjy4,0,images/65mjy4.jpg
10578,suitcase full of donated playboys circa,cuiiig,1,images/cuiiig.jpg
10579,this godzilla chip old dutch salt and vinegar,9c0ycj,1,images/9c0ycj.jpg
10580,hes a rather unamused at his unfortunate mustache choice,5370hx,0,images/5370hx.jpg
10581,bacon rock,47nhng,0,images/47nhng.jpg
10582,scottie dogs at commonwealth games ceremony were disrespectful to muslims,2c4tk8,1,images/2c4tk8.jpg
10583,john lennon during a photo shoot for the white album,8790z4,0,images/8790z4.jpg
10584,buddha oil burner has a secret surprise in the rear,6je5md,0,images/6je5md.jpg
10585,supreme court nixes california law regulating antiabortion clinics,8u1cmg,1,images/8u1cmg.jpg
10586,outlets look like shocked faces,cexsla,0,images/cexsla.jpg
10587,bicycle race ends in super close photo finish,515zdc,0,images/515zdc.jpg
10588,poll of chimpanzees say they believe in evolution,7z72j6,0,images/7z72j6.jpg
10589,qantas pilot uses intercom to propose to unsuspecting girlfriend,5aeiqu,1,images/5aeiqu.jpg
10590,bridgestone donates almost k acres for land conservation,8f22lb,1,images/8f22lb.jpg
10591,tiny little guy watching everybody poop,chdnpm,0,images/chdnpm.jpg
10592,a chubby cat laying down,ayubli,1,images/ayubli.jpg
10593,this sloth monster is said to roam the amazon rainforest heres what the evidence says,8qputf,0,images/8qputf.jpg
10594,tossing,dfgxa5p,0,images/dfgxa5p.jpg
10595,he always sinks that shot,965uc9,0,images/965uc9.jpg
10596,this hinge on this bus is shocked by the amount of people on the bus,17n8bb,0,images/17n8bb.jpg
10597,this detailed stop button,9ewcaz,1,images/9ewcaz.jpg
10598,a bee pollinating a flower,dkszae,1,images/dkszae.jpg
10599,a person leaning way back x,28yd6p,1,images/28yd6p.jpg
10600,looking for the best teacher in the world head to northern quebec,5yzcxt,1,images/5yzcxt.jpg
10601,man taking picture from a mountain,2upewi,1,images/2upewi.jpg
10602,confusion in adamawa as governor appoints man to head women affairs ministry,3kkczc,1,images/3kkczc.jpg
10603,these alice in wonderland statues in the hamilton gardens new zealand,9jx8ux,1,images/9jx8ux.jpg
10604,this energy drink has a full blown warning label,dbt3ds,1,images/dbt3ds.jpg
10605,cueboyd vegas anxiety,9eqiu7,0,images/9eqiu7.jpg
10606,nazi graffiti still carved into the side of the french castle chateau dangers,b6kzi9,1,images/b6kzi9.jpg
10607,my bag is dying,7viccp,0,images/7viccp.jpg
10608,guy with a lot of girlscout cookies,18prmo,1,images/18prmo.jpg
10609,public transit in plain sight,794i2n,0,images/794i2n.jpg
10610,i have startled him,1vly7v,0,images/1vly7v.jpg
10611,a new tremors movie,81vvzw,0,images/81vvzw.jpg
10612,guuuueh,7p1jh2,0,images/7p1jh2.jpg
10613,year old kidpreneur brings the bowtie back,24tctp,1,images/24tctp.jpg
10614,snarling woman found at burger king pulls syringes from body cavity,bnf9cl,1,images/bnf9cl.jpg
10615,this egg broke the wrong way,9f7yz3,1,images/9f7yz3.jpg
10616,secret millionaire vermont janitor bequeaths fortune to hospital library,3x8y41,1,images/3x8y41.jpg
10617,if finally fucking worked,cvez9y,1,images/cvez9y.jpg
10618,this gum pack has braille on the back,cbg8az,1,images/cbg8az.jpg
10619,my hotel room has two rolls of toilet paper on the holder one over the roll and one under,cezt6u,1,images/cezt6u.jpg
10620,the earths magnetic poles,96v2gh,0,images/96v2gh.jpg
10621,happiest hoover on the planet,cjtq76,0,images/cjtq76.jpg
10622,my brother ted was featured on our local news station today so proud of him,3sckrj,1,images/3sckrj.jpg
10623,the yeti lid looks like mrmoon from sing,8lf6am,0,images/8lf6am.jpg
10624,vantablack passing through,7bjtt8,0,images/7bjtt8.jpg
10625,raikoke volcano eruption seen from international space station,cbnt9q,1,images/cbnt9q.jpg
10626,this measuring cup has a margin of error printed on it,azjful,1,images/azjful.jpg
10627,soon youll be able to make one for the fourth,9cs7h9,0,images/9cs7h9.jpg
10628,the danger lineinfinite,d94s09,0,images/d94s09.jpg
10629,parkland students find themselves targets of lies and personal attacks,87mfo9,1,images/87mfo9.jpg
10630,woman shocked after phone recycled at rogers store sold on ebay,345909,1,images/345909.jpg
10631,this weird cucumber,8dmg53,0,images/8dmg53.jpg
10632,obama and chris christie play a game of frog bog on the boardwalk at the jersey shore,1f8n4j,1,images/1f8n4j.jpg
10633,soldier blowing bubbles,2y6d5h,1,images/2y6d5h.jpg
10634,the distribution of scratches in the bottom of my coffee mug from stirring,ct9j9c,1,images/ct9j9c.jpg
10635,trump administration moving quickly to build up nationwide deportation force,6505b6,1,images/6505b6.jpg
10636,erta ale volcano ethiopia,3h2sy6,1,images/3h2sy6.jpg
10637,giant dog standing on earth,4f8mgg,0,images/4f8mgg.jpg
10638,nsfw hifw a latina woman and a group of women flying to that slow slow road to becoming an adult,62662o,0,images/62662o.jpg
10639,this man who was in my hotel room,c2wrxp,1,images/c2wrxp.jpg
10640,this elephant seems to be grieving,2sikvd,0,images/2sikvd.jpg
10641,this kissy bread,8djceq,0,images/8djceq.jpg
10642,woman riding a seahorse pool noodle,2f3m2w,1,images/2f3m2w.jpg
10643,yemen conflict deadly strike hits funeral party,5uem4r,1,images/5uem4r.jpg
10644,father of identical quintuplets with his family,8nk4cd,0,images/8nk4cd.jpg
10645,people say they want compromise but not really,36txrw,1,images/36txrw.jpg
10646,lime slices sink but lemon slices float,arq0sm,1,images/arq0sm.jpg
10647,where am i,1w1vcy,0,images/1w1vcy.jpg
10648,take it easy mate i dont any trouble,50rdsz,0,images/50rdsz.jpg
10649,check out all the kief i collected,3azusp,0,images/3azusp.jpg
10650,these two are best friends and i found her in my dresser,5xj42k,0,images/5xj42k.jpg
10651,saudi women over could drive until pm but without makeup council proposes,2lmyoy,1,images/2lmyoy.jpg
10652,top republicans now openly admit to never caring about the deficit,73gllz,1,images/73gllz.jpg
10653,my gobstopper didnt quite finish mitosis,clpljs,1,images/clpljs.jpg
10654,westjet finds pet gecko named nom chompsky lost for days in airplane cargo,4uzcew,1,images/4uzcew.jpg
10655,mmm i love morel mushrooms,4fsq5u,0,images/4fsq5u.jpg
10656,our sushi was served on a boat,b7k9j7,1,images/b7k9j7.jpg
10657,trump adviser hails new political order,5vwga3,1,images/5vwga3.jpg
10658,man unsurprisingly fails to win back estranged wife by throwing into crowd,1s0fgy,1,images/1s0fgy.jpg
10659,trump nominates democrat rosenworcel to serve again as fcc commissioner,6h9x76,1,images/6h9x76.jpg
10660,wisconsin teens are changing the mental health conversation from illness to wellness to lessen stigma,767avp,1,images/767avp.jpg
10661,k pension awaits new orleans water board chief after flood,6suk96,1,images/6suk96.jpg
10662,this rainbow oil puddle at work,ctbug2,1,images/ctbug2.jpg
10663,the satanic unicorns human,cuqrh3,0,images/cuqrh3.jpg
10664,emeralds does it look like im here,b0xplh,0,images/b0xplh.jpg
10665,portugal death to the traitors out with the euro we want a new escudo old currency farleft legislative elections ad,42t55b,0,images/42t55b.jpg
10666,surrogate offered to abort baby,19p6m8,1,images/19p6m8.jpg
10667,happy little truck,5sleew,0,images/5sleew.jpg
10668,company hiring homeless people to help them get on their feet,91dhfj,1,images/91dhfj.jpg
10669,jay leno after being bitten by a radioactive tv guest,8e91l9,0,images/8e91l9.jpg
10670,this fried chicken,8ad7m9,0,images/8ad7m9.jpg
10671,one of the pizzas i ordered came in a bag instead of a box,c75lut,1,images/c75lut.jpg
10672,two purple ducklings take off in flight,6ksut2,0,images/6ksut2.jpg
10673,hummingbird back at feeder again grandmother reports,ccjop4,0,images/ccjop4.jpg
10674,golf ball hit by lawn mower,c2z4yq,1,images/c2z4yq.jpg
10675,a painting made of gold,bhcbq4,1,images/bhcbq4.jpg
10676,death comes as an unrelenting tide of destruction study shows,9695o3,1,images/9695o3.jpg
10677,this german matchstick wishbone,b95bam,1,images/b95bam.jpg
10678,area article nauseous from constant scrolling,77gss8,0,images/77gss8.jpg
10679,grrr,914e9s,0,images/914e9s.jpg
10680,this plugged in wireless router is terrified and under arrest,1ohrwl,0,images/1ohrwl.jpg
10681,worker falls out of tree,81h4eh,0,images/81h4eh.jpg
10682,us womens curler erika brown,1y1ojl,1,images/1y1ojl.jpg
10683,cat with a coat hanger going through its body,86kh5c,0,images/86kh5c.jpg
10684,this chalk street art in upstate ny,dga24l,1,images/dga24l.jpg
10685,face you make after a happy ending,5pcliv,0,images/5pcliv.jpg
10686,this guy drifted km on a homemade raft just to prove a point,7ymkje,0,images/7ymkje.jpg
10687,blowing clouds,7khhrn,0,images/7khhrn.jpg
10688,why the iphone battery replacement is apples best move of the year,7mwvi5,0,images/7mwvi5.jpg
10689,just some smiley strep,7uf2cm,0,images/7uf2cm.jpg
10690,atlanta installing urine detectors in train station elevators,1ukm45,1,images/1ukm45.jpg
10691,ingenious richard saykally tells us why water is wet,3aea7z,1,images/3aea7z.jpg
10692,a building made with ovet pieces of driftwood in skagway alaska,cbrukg,1,images/cbrukg.jpg
10693,starbucks ethos water comes from droughtridden california,34hvrz,1,images/34hvrz.jpg
10694,kid the ugly truth,byo38s,0,images/byo38s.jpg
10695,youre just jealous of my eyebrows trudeau tells crying baby,dij7x9,1,images/dij7x9.jpg
10696,the indian one rupee coin has a thumbsup on it,awmsr0,1,images/awmsr0.jpg
10697,sheriffs department saves christmas for a little girl and her family after a breakin on christmas eve will county illinois,3yslp5,1,images/3yslp5.jpg
10698,finally noticed sunglasses che on a brick ive passed every weekday for two years,13dr2s,0,images/13dr2s.jpg
10699,my plasma ball night light,azzyr2,1,images/azzyr2.jpg
10700,the eye on this jenga blocks,82a7fw,0,images/82a7fw.jpg
10701,bill murray in a suit stealing a giant pretzel,3w9zzd,1,images/3w9zzd.jpg
10702,color film of raf air crew surveying the sahara desert around them after crashing landing oct,5a4pu9,0,images/5a4pu9.jpg
10703,chinese girl about to throw the first pitch,1okjsx,1,images/1okjsx.jpg
10704,dogs cant eat bones,cy9gjs,1,images/cy9gjs.jpg
10705,senate moves forward with bill that would overturn vermonts gmo labeling law,4rrf7o,1,images/4rrf7o.jpg
10706,happy toaster twins,7xr0b7,0,images/7xr0b7.jpg
10707,this waffle was burnt to a crisp,asy2y8,1,images/asy2y8.jpg
10708,michael vick begins a fight to the death between of his prized dogs,7tzt59,0,images/7tzt59.jpg
10709,this clown stares at me every morning,2n3k71,0,images/2n3k71.jpg
10710,judas receiving his reward for betraying jesus to the romans circa ad,7jdh98,0,images/7jdh98.jpg
10711,batman has a new ride morristownbatman on instagram full album in comments,bqlyb5,1,images/bqlyb5.jpg
10712,ron swanson,9b3uwq,0,images/9b3uwq.jpg
10713,police florida teen left court docs about auto theft in stolen car,3o41tv,1,images/3o41tv.jpg
10714,the th of parade in piedmont ca today had a sarcastic trillionaires for trump procession they gave everyone eviction notices and hid trump in russian nesting dolls,6la6gt,0,images/6la6gt.jpg
10715,firefighters save mountain lion cubs,2f8gqc,1,images/2f8gqc.jpg
10716,for freedom and christianity christian democratic union of germany,az48jv,0,images/az48jv.jpg
10717,amir oflannery celestial bodies,662jnr,0,images/662jnr.jpg
10718,single tree growing on a small mountain peak,bqq3gi,0,images/bqq3gi.jpg
10719,nazi germany unleashes its plans to reproduce soldiers,73afms,0,images/73afms.jpg
10720,happy little onion slice,81l3vz,0,images/81l3vz.jpg
10721,tucsons plunging temperatures might require a light sweater,1woqx3,1,images/1woqx3.jpg
10722,kouebokkeveld mountains sunny little dream,53xx4k,0,images/53xx4k.jpg
10723,victims skulls found strung together in serial killers lair,bc2ptj,0,images/bc2ptj.jpg
10724,al pacino with a thump slightly raised,1lukuz,1,images/1lukuz.jpg
10725,dog sweat pants,5pd49p,0,images/5pd49p.jpg
10726,my oldest favorite i searched and couldnt find it so here it is,rn7ac,0,images/rn7ac.jpg
10727,this is going to be the biggest halloween costume of,55amgl,0,images/55amgl.jpg
10728,mrw i call customer service and they ask if i wanted to tell you where your second sock is,6dr4wn,0,images/6dr4wn.jpg
10729,al capone moments before being convicted for income tax evasion,96xkr6,0,images/96xkr6.jpg
10730,snake eating another snake,8ewgwn,1,images/8ewgwn.jpg
10731,germany japan and italy become wwii axis,d4y69n,0,images/d4y69n.jpg
10732,i found a tape measure without its shell today poor little fella,bh2n0i,1,images/bh2n0i.jpg
10733,situation in nigeria seems pretty complex,67nihx,0,images/67nihx.jpg
10734,s serbian poster about the downing of a us fa,7zrn9b,0,images/7zrn9b.jpg
10735,us voters heading to caucus primary sites saturday,46oskj,1,images/46oskj.jpg
10736,this water pipe,czcg39,1,images/czcg39.jpg
10737,terrified radiology cart,453rb0,0,images/453rb0.jpg
10738,father ordered to pay for upkeep of his yearold son in italy,4gwgg6,1,images/4gwgg6.jpg
10739,xt ian cast out thy demons,8g2hgz,0,images/8g2hgz.jpg
10740,simplify the grate,7ps52i,0,images/7ps52i.jpg
10741,toddler lifting corn,568ohg,1,images/568ohg.jpg
10742,upaybunnys cats,6htfpf,1,images/6htfpf.jpg
10743,a corn kernel escaped during sealing,di0fbi,1,images/di0fbi.jpg
10744,this guy takes light to the darkest places,6ttgtq,1,images/6ttgtq.jpg
10745,these seed that stated to sprout in a tomato on my counter,bpaqo2,1,images/bpaqo2.jpg
10746,oklahoma asks residents to pray for the oil industry,56bk4y,1,images/56bk4y.jpg
10747,nebula photographed from space,1vsgbl,0,images/1vsgbl.jpg
10748,provincial conference of madrid communist party of spain,5wex6d,0,images/5wex6d.jpg
10749,troops return from the great war c,b9eg1j,0,images/b9eg1j.jpg
10750,this girls leg,8f7m0t,0,images/8f7m0t.jpg
10751,a wild hammer head flamingo,3treje,0,images/3treje.jpg
10752,plastic surgery addict left with permanent erection after botched nose job,6yt8nu,1,images/6yt8nu.jpg
10753,eyes of hate,5hjdfs,0,images/5hjdfs.jpg
10754,jewish prisoner of labor escapes from auschwitz colourized,9f4vpv,0,images/9f4vpv.jpg
10755,chesterjesters hawk,1bafx4,1,images/1bafx4.jpg
10756,wavy bench at my university,d7if8o,1,images/d7if8o.jpg
10757,brazilian soccer fan killed by toilet bowl thrown from stadium stands,24y6kp,1,images/24y6kp.jpg
10758,constant playing of university of iowa fight song leaves people confused annoyed,455sd5,1,images/455sd5.jpg
10759,the yellow hearts you only,84x6k3,0,images/84x6k3.jpg
10760,amur leopard population triples to,8f06x9,1,images/8f06x9.jpg
10761,female samurai,18brrr,1,images/18brrr.jpg
10762,trump handling northsouth korean peace talks,8fek1p,0,images/8fek1p.jpg
10763,this is a dead tree that should have fallen long ago held up by another living tree,cp6k80,1,images/cp6k80.jpg
10764,giant tortoise in worlds slowest police chase,cllsti,1,images/cllsti.jpg
10765,how one woman made villages in rajasthan fertile using traditional water harvesting methods,7bhikt,0,images/7bhikt.jpg
10766,my brother many years ago surprised on the toilet,1kb4w0,1,images/1kb4w0.jpg
10767,couple sleeping during behemoth,c3qz7l,0,images/c3qz7l.jpg
10768,dog spelled backwards ragamuffin,6wammv,0,images/6wammv.jpg
10769,this kid in a trex costume,4krjz1,1,images/4krjz1.jpg
10770,boy scout trying to earn knot tying badge dies in accidental hanging,2ja053,1,images/2ja053.jpg
10771,i roasted my own coffee and made this spectrum of roasted beans,bdp77b,1,images/bdp77b.jpg
10772,this is why rupliftingnews exists,1qfxss,1,images/1qfxss.jpg
10773,the president richard nixon reelection campaign,7w4r7w,0,images/7w4r7w.jpg
10774,hitler youth salutes bombs being loaded onto a nazi uboat,6duj6h,0,images/6duj6h.jpg
10775,jack gleesons face always felt a little familiar i only realised why when i was rewatching batman begins after so many years,ddiyv7,1,images/ddiyv7.jpg
10776,frost pattern on our grass,dkm3bp,1,images/dkm3bp.jpg
10777,boy with a gopro helps solve decadesold missing persons case,d0k2rb,1,images/d0k2rb.jpg
10778,picture of kim jong un using binoculars to look toward south korea during an inspection of a frontline army unit,1a34v4,1,images/1a34v4.jpg
10779,halt ze german advance vote leave brexit,4llhv7,0,images/4llhv7.jpg
10780,have a happy period,6k4ji6,0,images/6k4ji6.jpg
10781,missing plane lost malaysia says,218boq,1,images/218boq.jpg
10782,the rise of hitler,br67q3,0,images/br67q3.jpg
10783,mrw im peter pan getting frustrated over people constantly asking me is freaking,66m0f5,0,images/66m0f5.jpg
10784,trump and netanyahu standing in trump tower,5rs8s0,1,images/5rs8s0.jpg
10785,taylor swift being proudly held up by a fan at a postshow meetgreet,3rkf0m,1,images/3rkf0m.jpg
10786,the paper clamp is freaking the hell out,3t1281,0,images/3t1281.jpg
10787,a shooter is on the run after killing people on a houston freeway,co2yev,1,images/co2yev.jpg
10788,the dead can vote in nyc,1u3yhh,1,images/1u3yhh.jpg
10789,church of england suggests numerous biblical figures including jesus have been mentally ill,yz9y0,1,images/yz9y0.jpg
10790,russia renovates crimean infrastructure after annexation,b2d2gd,0,images/b2d2gd.jpg
10791,the difference of the inside and outside of a year old closet door knob,c3080s,1,images/c3080s.jpg
10792,redblue heelers are born white with black spots as they grow up they turn red or blue and those with the recessive trait stay white dotty is a year old lady dalmatian and looking fresh as fuck,c6s1u3,1,images/c6s1u3.jpg
10793,the milky way in ultrahigh definition as seen from philmont in new zealand looks like a view to wake up to,8ypfvv,0,images/8ypfvv.jpg
10794,learner driver took practical tests in a year dvsa data shows,cfiflt,1,images/cfiflt.jpg
10795,stateless thai cave boys and coach granted citizenship,95mhem,1,images/95mhem.jpg
10796,the headless gymnast,3gekrg,1,images/3gekrg.jpg
10797,organ donor saves one womans life with a new heart,6bu3co,1,images/6bu3co.jpg
10798,this painting of carl spackler caddying for the dalai lama by artist david okeefe,cue2cy,1,images/cue2cy.jpg
10799,this is rather expensive package of watermelon,ayyohz,1,images/ayyohz.jpg
10800,raw chicken,35mugs,0,images/35mugs.jpg
10801,pizza hut delivered pizzas by kayak free of charge to harvey flood victims who were trapped in their homes and running out of food,6x4piu,1,images/6x4piu.jpg
10802,moving a canalhouse in amsterdam,cefmjt,1,images/cefmjt.jpg
10803,garbage men bring gift to kid undergoing chemotherapy,871agf,1,images/871agf.jpg
10804,this fabulously fashionable dog,60qal0,1,images/60qal0.jpg
10805,step escape sandwich step world domination,4sv13q,0,images/4sv13q.jpg
10806,ches strawberry deathwish,auxq0l,0,images/auxq0l.jpg
10807,bethalto man dead after cutting himself trying to break into his own home,50hdgk,1,images/50hdgk.jpg
10808,colorado man pleads guilty after poaching elephant in zimbabwe,8gfk8h,1,images/8gfk8h.jpg
10809,kids in front of a smokemaker in science museum,5qagod,1,images/5qagod.jpg
10810,another texas morning sunrise,9hkzex,1,images/9hkzex.jpg
10811,alcatraz inmates survived escape swam to land letter suggests,7sou1d,1,images/7sou1d.jpg
10812,cats dont cause mental illness study finds,5vh9rv,1,images/5vh9rv.jpg
10813,found on the isle of mull lol,cjpbi7,1,images/cjpbi7.jpg
10814,bbc apologizes for erroneous no nudity in game of thrones alert,2937vg,1,images/2937vg.jpg
10815,al ghuraba training camp only people have died x,2sfvf5,0,images/2sfvf5.jpg
10816,boy scout officials we believe all children regardless of gender deserve the opportunity to one day die alone in the woods,8gl7hr,0,images/8gl7hr.jpg
10817,the east end queens dont look back,86fgqo,0,images/86fgqo.jpg
10818,las lajas colombia,3g9s2p,1,images/3g9s2p.jpg
10819,this ctrain what the transit is called in calgary car has a faded sticker from the olympics still on it,blwu6d,1,images/blwu6d.jpg
10820,my cabinets look like they have a pair of eyes,b7otqv,1,images/b7otqv.jpg
10821,left over thawed wedding cake i made for you a burger patty buried under a mountain of mac sauce and more cheese,9c9z00,0,images/9c9z00.jpg
10822,jean paul gaultier bans fur from all its collections,9w75vb,1,images/9w75vb.jpg
10823,i met this happy guy while cycling in germany,2lya45,0,images/2lya45.jpg
10824,grateful dead set soldier field record,3caz2b,1,images/3caz2b.jpg
10825,george w bush umbrella woes,1v6y6u,1,images/1v6y6u.jpg
10826,alligator about to eat fish,1udavs,1,images/1udavs.jpg
10827,the tokyo rugby club keeping elderly players healthy,d21p93,1,images/d21p93.jpg
10828,beautiful friendship,1bxb3f,1,images/1bxb3f.jpg
10829,cockroacheating competition man choked to death,4drfrh,1,images/4drfrh.jpg
10830,a jet breaking the sound barrier,1avis8,1,images/1avis8.jpg
10831,republicans destroying their nike shoes in protest of nikes new ad featuring colin kaepernick,9cxmi3,0,images/9cxmi3.jpg
10832,kanye west actually listens to becks music maybe it was potentially an album of the year video,2wnmak,1,images/2wnmak.jpg
10833,smashing stereotypes through socks,7lde6r,1,images/7lde6r.jpg
10834,nigeria turns the tide on electronic waste,c2sroc,1,images/c2sroc.jpg
10835,why do americans write dates monthdayyear,6qrq89,0,images/6qrq89.jpg
10836,pope gets photobombed by a smiling dog image ap photoandrew medichini,565m02,1,images/565m02.jpg
10837,only had time to do one eyebrow,7z7w2v,0,images/7z7w2v.jpg
10838,a kron gracie training session,3dcx1g,1,images/3dcx1g.jpg
10839,free labor will win american poster from the office of war information x,19uixn,0,images/19uixn.jpg
10840,former gop house majority leader tom delay americans have forgotten that god wrote the constitution,1yihq9,1,images/1yihq9.jpg
10841,a four person seesaw,b7e2ki,1,images/b7e2ki.jpg
10842,oo,38o6lv,0,images/38o6lv.jpg
10843,man gazing backward in front of a treasure room,2w8k70,1,images/2w8k70.jpg
10844,australian farmer revives his sheep dog with mouth to snout resuscitation,6ila48,1,images/6ila48.jpg
10845,the kitchenaid reminds me of the iron giant,7ix08i,0,images/7ix08i.jpg
10846,silent clip of rchapotraphouse lieutenants meeting after a failed coup,bgv466,0,images/bgv466.jpg
10847,this old boat bob villa to the rescue,17qu79,1,images/17qu79.jpg
10848,i do not use crack cocaine mayor rob ford says,1ezz0p,1,images/1ezz0p.jpg
10849,this double cheezit in the bag i purchased,cjgilm,1,images/cjgilm.jpg
10850,pao at a security gate,3bzcrx,1,images/3bzcrx.jpg
10851,a dog being posed by a german soldier,2n22k6,1,images/2n22k6.jpg
10852,im all shook up,5mthp4,0,images/5mthp4.jpg
10853,soldier comforts fellow infantryman struck by artillery vietnam war battle of khe sanh,b5np4r,0,images/b5np4r.jpg
10854,orla gartland and a lemon,24achg,1,images/24achg.jpg
10855,new york womans adopted hound dog rescues her by sniffing out skin cancer and saving her life,8g7vas,1,images/8g7vas.jpg
10856,im the one that saved coal says trump as miner deaths nearly double in first year of office,7tmgup,1,images/7tmgup.jpg
10857,kelloggs winders have these little comic strips that you can see after you peel the winders off there are several different ones,cow538,1,images/cow538.jpg
10858,this store used to be a best buy they decided to keep the sign shape and use it as their own,c2p95h,1,images/c2p95h.jpg
10859,heres all times hillary clinton told the fbi she couldnt remember something,50zj24,1,images/50zj24.jpg
10860,the large binocular telescope has seen some things,744tu2,0,images/744tu2.jpg
10861,encouraging study finds it now easier than ever for american dollars to rise into upper class,3hi2ka,0,images/3hi2ka.jpg
10862,jared a new york star self titled,atp4j7,0,images/atp4j7.jpg
10863,softballsized mushrooms growing in a nearperfect arc and fertilizing the grass between them,9blh2n,1,images/9blh2n.jpg
10864,the new all time top post on instagram needs a great purge happendak,7ag1uz,0,images/7ag1uz.jpg
10865,another alligator photo err crocadile er something a little baby one with a huge grin to be exact,1kddf8,1,images/1kddf8.jpg
10866,saved by the relegated team of the groups is international answer,5ctrks,0,images/5ctrks.jpg
10867,have a migraine headache place a banana peel on your forehead for an incredible effect,67bzwy,0,images/67bzwy.jpg
10868,experts say theyve uncovered something shocking about donald trump,5ux5lg,0,images/5ux5lg.jpg
10869,goldfish,83q7en,0,images/83q7en.jpg
10870,this chalcidid wasp,bkymh8,1,images/bkymh8.jpg
10871,i met some excited little guys,1hon4b,0,images/1hon4b.jpg
10872,antiprc hong kong,ci2ok4,0,images/ci2ok4.jpg
10873,sandcastle drive one man show,b4ne3z,0,images/b4ne3z.jpg
10874,this piece of pine sap,944c1j,1,images/944c1j.jpg
10875,an eye,b4f0u6,0,images/b4f0u6.jpg
10876,snake in terrarium,c3po87,1,images/c3po87.jpg
10877,german engineer demonstrates the plans for the new vk leopard tank january,dgktyo,0,images/dgktyo.jpg
10878,you wont believe what facebook is giving away for free now,4yfxg1,0,images/4yfxg1.jpg
10879,kill me,5f9f81,0,images/5f9f81.jpg
10880,japan invents halloween season,dcpvxg,0,images/dcpvxg.jpg
10881,a flying cheerleader now go,10092l,1,images/10092l.jpg
10882,this tiny door,ayd2v0,1,images/ayd2v0.jpg
10883,barnacles growing on rock,9crsuw,0,images/9crsuw.jpg
10884,help i am being mugged,3p41e4,0,images/3p41e4.jpg
10885,had to look twice,9d3w4s,0,images/9d3w4s.jpg
10886,this car umbrella,ct2dlp,1,images/ct2dlp.jpg
10887,california raspberry coca cola,c8sdsp,1,images/c8sdsp.jpg
10888,and yea the villagers rejoiced because frosty the lsd man had been slain and beheaded,2qpq75,0,images/2qpq75.jpg
10889,jewish citizien sending his last letter to his family before nazis bring him to concentration camp circa,8pq3zs,0,images/8pq3zs.jpg
10890,sorry boy i dont have change a krylov ussr,axcx0n,0,images/axcx0n.jpg
10891,pickle i got out of the jar already posted on mildly interesting,93ukyr,0,images/93ukyr.jpg
10892,extremely overweight orangutan,387fmv,1,images/387fmv.jpg
10893,girl biting into a folded over pizza,1h1a3h,1,images/1h1a3h.jpg
10894,anti imperialist poster c,7bb1ue,0,images/7bb1ue.jpg
10895,the way the snow melted,aunqrs,1,images/aunqrs.jpg
10896,follower of chairman mao defenestrates a capitalist office worker during the great proletarian cultural revolution,6i0wmk,0,images/6i0wmk.jpg
10897,campbells soup is offering to anyone who mentions campbells products in their last words,30vzyh,0,images/30vzyh.jpg
10898,pallet jack faces,8tdyi6,0,images/8tdyi6.jpg
10899,this man is repopulating a butterfly species in his backyard,5uh190,1,images/5uh190.jpg
10900,gop sen collins says shell back resolution to block trumps emergency declaration,at0il5,1,images/at0il5.jpg
10901,the way this condition is spelled in a textbook,b440ih,1,images/b440ih.jpg
10902,but you might have to wait for breakfast,cbsqh91,0,images/cbsqh91.jpg
10903,why weve only gone for seventh time,au7w8h,0,images/au7w8h.jpg
10904,fancy protester assisted breakdance move,4h0fd3,1,images/4h0fd3.jpg
10905,keanu reeves running,509ucq,1,images/509ucq.jpg
10906,beautiful this boy put the basketball under his shirt and now he is pregnant with the basketball,8xqd5z,0,images/8xqd5z.jpg
10907,tilt your head slightly to see the correct picture,b7i82p,0,images/b7i82p.jpg
10908,my response to the hate satire,76eeg8,0,images/76eeg8.jpg
10909,how us tax reform rewards companies that shift profit to tax havens,8s29qw,1,images/8s29qw.jpg
10910,serial killer nannie doss haunted by the ghosts of her murdered husbands circa,bjn9fi,0,images/bjn9fi.jpg
10911,this sign at the end of our elevated table,b3ivf5,1,images/b3ivf5.jpg
10912,this smiling dog,5ber23,1,images/5ber23.jpg
10913,this computer tells bartenders what day and year one had to be born to be,cnvk3q,1,images/cnvk3q.jpg
10914,this guy made off with something of mine yes i know its female lol,c3jqch,1,images/c3jqch.jpg
10915,video game character beer pong table from,d5nl6w,1,images/d5nl6w.jpg
10916,a blond fur seal,arw0tr,1,images/arw0tr.jpg
10917,man sitting on painted window ledge,8635d8,1,images/8635d8.jpg
10918,wow the graphics on the upcoming medal of honor game look great,5x6l7m,0,images/5x6l7m.jpg
10919,this weird slanted cup of orange juice,cydmdh,1,images/cydmdh.jpg
10920,resistanbul international action sticker berlin,ug0hy,0,images/ug0hy.jpg
10921,this surprised fish with added boob nsfw,174wlu,1,images/174wlu.jpg
10922,sound in a vacuum we left a long time ago,8l43rt,0,images/8l43rt.jpg
10923,jk rowling sends note by albus dumbledore to girl who lost family to gun violence,2ctydo,1,images/2ctydo.jpg
10924,christian college professor to step down after saying muslims worship same god,44m0ug,1,images/44m0ug.jpg
10925,walmart sells fat jason masks,diw1rz,1,images/diw1rz.jpg
10926,portugese football players celebrating a goal,4pd5rb,1,images/4pd5rb.jpg
10927,athens woman arrested for assaulting man with jar of olives,17ezog,1,images/17ezog.jpg
10928,shackles of apartheid,9if6lq,0,images/9if6lq.jpg
10929,thought this belonged here,byfurl,0,images/byfurl.jpg
10930,my friend spotted a ron swanson house in her neighbourhood,93s9ah,0,images/93s9ah.jpg
10931,mens adventure,doaex4j,0,images/doaex4j.jpg
10932,saw an amazingly clear bunny in the clouds,cpjw7a,1,images/cpjw7a.jpg
10933,these college friends pledged to stay in touch years later they still do,dbd1hz,1,images/dbd1hz.jpg
10934,german troops marching through poland circa,8vsrws,0,images/8vsrws.jpg
10935,this handball player,94kvda,1,images/94kvda.jpg
10936,american productivity increase worker productivity is increasing in the first three months of employees got so much more work done that they smashed productivity forecasts,blbtrm,1,images/blbtrm.jpg
10937,north carolina lawmaker presses wrong button accidentally legalizes fracking,w2ubk,1,images/w2ubk.jpg
10938,fanfan latulipe gridwork,5x4049,0,images/5x4049.jpg
10939,different kind of restroom graffiti a library had this poster up in their restroom with the word book in different languages people then added additional languages,csal9z,1,images/csal9z.jpg
10940,this sleeping golden retriever,b0fyy7,1,images/b0fyy7.jpg
10941,my label roll forgot it was supposed to be clear for one second,9eo7gw,1,images/9eo7gw.jpg
10942,signs in and around yellowstone instruct asian tourists on the proper way to use american toilets,az43n4,1,images/az43n4.jpg
10943,after losing her dad to suicide woman uses a billboard to spread hope he was the first person who taught me how to make beauty out of hard things,cq8nqj,1,images/cq8nqj.jpg
10944,awkward seating arrangement with seemingly uncomfortable furniture buenos aires high society mansion,183af9,1,images/183af9.jpg
10945,so my grandparents neighbors have this mannequin,9cq2gj,1,images/9cq2gj.jpg
10946,battle cleanroom worker on behalf of previous winner design,64emth,1,images/64emth.jpg
10947,the cleaning crews use a magnetic strip on the front of the vacuums in an office building,besgfy,1,images/besgfy.jpg
10948,house in netherlands,cwxqkr,0,images/cwxqkr.jpg
10949,how could you light me on fire,2bnpr2,0,images/2bnpr2.jpg
10950,sonoran desert,6vh7qv,1,images/6vh7qv.jpg
10951,quirky cork,2y95ro,0,images/2y95ro.jpg
10952,this girl with the worlds longest tongue,4avwaz,1,images/4avwaz.jpg
10953,virginia boy saves wedding guests at bb from fire,4euyxv,1,images/4euyxv.jpg
10954,this guy in my textbook looks like an off brand eminem,diz106,1,images/diz106.jpg
10955,someone was able to take the tissue box without dropping it,bl2f8n,1,images/bl2f8n.jpg
10956,what its like for a yearold kid to learn his parents are undocumented,2onzj6,1,images/2onzj6.jpg
10957,this machine makes fresh orange juice,ceuzyy,1,images/ceuzyy.jpg
10958,pikachu named mascot of the world cup,20iqmy,1,images/20iqmy.jpg
10959,cat getting a bath,2y8hxo,1,images/2y8hxo.jpg
10960,whos the boss star katherine helmond dead at,aw8lbp,1,images/aw8lbp.jpg
10961,ukraines poroshenko at showandtell,2v43rh,1,images/2v43rh.jpg
10962,arriving at the same guy,6mgza5,0,images/6mgza5.jpg
10963,a pepper growing inside another pepper,auyk34,1,images/auyk34.jpg
10964,no mans land western front,clxqhu,0,images/clxqhu.jpg
10965,no one killed in torch skyscraper fire in dubai,2wo7me,1,images/2wo7me.jpg
10966,james comey hoped leak would lead to special counsel on russia cnnpoliticscom,6g1zo3,1,images/6g1zo3.jpg
10967,hungry demented ship,3v6php,0,images/3v6php.jpg
10968,utah faith and community leaders meet for suicide prevention summit wfocus on lgtbq natives and veterans,8my2qn,1,images/8my2qn.jpg
10969,need to reach berlin by new years,chcp1w,0,images/chcp1w.jpg
10970,cute kid in a dino onesie,5ms4bj,1,images/5ms4bj.jpg
10971,a sacrifice,cy1plhb,0,images/cy1plhb.jpg
10972,tron,6jwp9j,0,images/6jwp9j.jpg
10973,a kgb agent spies on west berlin circa,99ajum,0,images/99ajum.jpg
10974,i went to the beach and my dog was very interested,cyckl3,1,images/cyckl3.jpg
10975,mother arrested for buying daughter bags of cocaine for her th birthday,3kkj2i,1,images/3kkj2i.jpg
10976,dreadlocked s guy with cardboard girlfriend,46k3n2,1,images/46k3n2.jpg
10977,palm beach from above,5y8dnm,0,images/5y8dnm.jpg
10978,anyone know what this is,c5psme,1,images/c5psme.jpg
10979,the eu delivers its ultimatum to uk prime minister boris johnson circa,d6e767,0,images/d6e767.jpg
10980,mfw someone throws recyclables in the trash,7780dk,0,images/7780dk.jpg
10981,gorilla pose,7lvnst,1,images/7lvnst.jpg
10982,this vic berger marco rubio video cracks me up,50q6wm,0,images/50q6wm.jpg
10983,european union proposes banning plastic products in attempt to reduce pollution,8niely,1,images/8niely.jpg
10984,a sergeant instructor of the us marine corps correcting an officer candidate,6jftwz,1,images/6jftwz.jpg
10985,what the inside of a hot tub looks like,ckfgj0,1,images/ckfgj0.jpg
10986,robert j oppenheimer witnesses first nuclear test in new mexico colourized,9j4cfp,0,images/9j4cfp.jpg
10987,local scout donates bedding to firefighters,6dyac8,1,images/6dyac8.jpg
10988,us president gettin down on new years,3yzpnt,1,images/3yzpnt.jpg
10989,naked yoga class nsfw,2x9u82,1,images/2x9u82.jpg
10990,ultra orthodox jewish man looks on through binoculars at wedding ceremony attended by thousands while covering traditional hat with plastic bag to protect against the rain,5i1eke,1,images/5i1eke.jpg
10991,trapped soul in a cheap clothes store,8ocflu,0,images/8ocflu.jpg
10992,my cereal is sad,djpb24,1,images/djpb24.jpg
10993,fwd do you think sweetie,6xjejc,0,images/6xjejc.jpg
10994,best sex ever emma mccabe plans to marry a tree named tim,307v3a,1,images/307v3a.jpg
10995,this little guy is startled,6jmmsd,0,images/6jmmsd.jpg
10996,nom nom nom,282b7a,0,images/282b7a.jpg
10997,kim jongnam death two women to face murder charges,5wn7xx,1,images/5wn7xx.jpg
10998,these instructions that came with my kids mcdonalds toy,9cflhp,1,images/9cflhp.jpg
10999,missing edmonton cat reunited with owner after six years thousands of kilometers apart,31kcqq,1,images/31kcqq.jpg
11000,at least somebody is happy to see me tonight,8yqgvf,0,images/8yqgvf.jpg
11001,emotionally defeated bar sink,zryia,0,images/zryia.jpg
11002,a man holding a large baby,2b3ova,0,images/2b3ova.jpg
11003,my son imitating the why u no guy,1nnfo0,1,images/1nnfo0.jpg
11004,there is a free kitchen in indiaoperated by volunteers that serves over hot meals every day,3e9i5l,1,images/3e9i5l.jpg
11005,this kid wearing a watermelon as pants,26ahzk,1,images/26ahzk.jpg
11006,this walken freezer,cuwjuu,1,images/cuwjuu.jpg
11007,one of the bottles of windshield wiper fluid is completely full,9j432u,1,images/9j432u.jpg
11008,this scorpion made out of office supplies,8ptwla,1,images/8ptwla.jpg
11009,this urinal has a tiny golf flag to aim at,cho4nm,1,images/cho4nm.jpg
11010,happy suds are happy,pfbnp,0,images/pfbnp.jpg
11011,oh yeah baby use your tongue,3rxckz,0,images/3rxckz.jpg
11012,found an mint sealed copy of msdos at work while cleaning out old cdrom and floppy disk storage in my lab,d9morq,1,images/d9morq.jpg
11013,midnight had a cat who wants to be groomed now other cat to adopt,5rajyb,0,images/5rajyb.jpg
11014,this llama on a grass field under a cloudy sky,ar5yh6,1,images/ar5yh6.jpg
11015,the way this glass broke,ax8vky,1,images/ax8vky.jpg
11016,nerdy guy takes pics of sexy models slight nsfw,17fx5h,1,images/17fx5h.jpg
11017,ford f supplies power to vdc outlets when not running,co2z9g,1,images/co2z9g.jpg
11018,two for one folding cot frame,2eahrb,0,images/2eahrb.jpg
11019,vladimir putin preparing to take power circa,ax394y,0,images/ax394y.jpg
11020,magnesium laureth sulphate a large word with little meaning,2smc2x,0,images/2smc2x.jpg
11021,my uncles were helping my grandma clear out her apartment and they sent all of my dads stuff i found a transformer toy from,ddf84q,1,images/ddf84q.jpg
11022,this baby relaxing in his stroller,5xfr9j,1,images/5xfr9j.jpg
11023,report burying cremating baby boomers to generate trillion in gdp,8sxf3q,0,images/8sxf3q.jpg
11024,a drawing of a docking spaceship,21fp88,0,images/21fp88.jpg
11025,you could see the planes shadow out the window on my flight to amsterdam,bzu2sf,1,images/bzu2sf.jpg
11026,guy jumping leaping from hay bale,215xng,1,images/215xng.jpg
11027,temudyin the first great khan ensuring his lineage circa,8a44j9,0,images/8a44j9.jpg
11028,some drawings of elvis my uncle drew in the s by using dots if anyone thinks theyre worth something please let me know,b6dle3,1,images/b6dle3.jpg
11029,this dog on halloween,7a97gb,1,images/7a97gb.jpg
11030,vice ban the meme,8pstf1,0,images/8pstf1.jpg
11031,dick cheneys hunting trip,ax0s2b,0,images/ax0s2b.jpg
11032,meet alberto smoking post somewhere in venice,563rba,0,images/563rba.jpg
11033,antique cobblestone revealed under modern road during construction,cmrd5l,1,images/cmrd5l.jpg
11034,his soul is departing his body,c4zqqh,0,images/c4zqqh.jpg
11035,people who like pseudoprofound quotes are not so smart says science,3vti53,1,images/3vti53.jpg
11036,football and violins hardhitting cobb students make music,576jtd,1,images/576jtd.jpg
11037,vladimir putin entering icy water,7rs0lv,1,images/7rs0lv.jpg
11038,the cracks and air bubbles on my phone screen look like a geisha giving a foot massage,49o12p,0,images/49o12p.jpg
11039,evening lil chickie,92habj,0,images/92habj.jpg
11040,this sheep walking around on its elbows,335noz,1,images/335noz.jpg
11041,the colored lights tell if a space is open in the parking garage,9cl5mm,1,images/9cl5mm.jpg
11042,what happenes once you blur a part of grunewalds temptation of st anthony,7n5dvw,0,images/7n5dvw.jpg
11043,triple h about to slam ronda rousey,8cbnq0,1,images/8cbnq0.jpg
11044,just a squirrel going away with a mangos seed over my building,c3rc34,1,images/c3rc34.jpg
11045,the way this ice formed around my wheel,awosjm,1,images/awosjm.jpg
11046,julian assange releases hillary clintons deleted emails to the public,5yqleu,0,images/5yqleu.jpg
11047,grumpy fish aka baby bathtub,8ara8f,0,images/8ara8f.jpg
11048,missing woman found safe after two nights at good samaritans home,7mk0xe,1,images/7mk0xe.jpg
11049,all of my hair i cut off the vacuum roller,czdnbj,1,images/czdnbj.jpg
11050,this trees sap is dripping sideways,bbou99,1,images/bbou99.jpg
11051,trump calls for extreme vetting of immigration applicants,4xxx4k,1,images/4xxx4k.jpg
11052,this restaurant uses a metal version of a small milk carton for its cream at tables,ax700e,1,images/ax700e.jpg
11053,water bending squirrel,5518yx,1,images/5518yx.jpg
11054,guy holding a gigantic tennis racquet,62aa0q,1,images/62aa0q.jpg
11055,sea lion in an aquarium,6dhdjk,1,images/6dhdjk.jpg
11056,san antonio passes farreaching antidiscrimination measure,1lv8uv,1,images/1lv8uv.jpg
11057,socadrome trinidad tobago,8gjf6a,0,images/8gjf6a.jpg
11058,this gym that used to be a bank,9d5cyv,1,images/9d5cyv.jpg
11059,new wooden shield i just made,axvqxt,0,images/axvqxt.jpg
11060,man brings lunch from home to cut down on small joys,2uk9j1,0,images/2uk9j1.jpg
11061,ruth bader ginsburg returns to offseason lifeguarding job,6u1nmi,0,images/6u1nmi.jpg
11062,germany is the only reliable bulwark against bolshevism serbian government of national salvation ww,cpak05,0,images/cpak05.jpg
11063,blog it would be great if i could get a little bit of that avatar money,55ocp9,0,images/55ocp9.jpg
11064,oakland county confirms measles case what to do if you were exposed,b13xay,0,images/b13xay.jpg
11065,this dhl store in valencia has dhl flight seats at its waiting room,dek7p6,1,images/dek7p6.jpg
11066,a guy jumps off a cliff,1gap5g,1,images/1gap5g.jpg
11067,my nephew swing set jumping,1fmvhm,1,images/1fmvhm.jpg
11068,mrw i get a message on this sub existed but i dont care if they dont hate men,3amhm2,0,images/3amhm2.jpg
11069,upside down doggie,cfypn7,1,images/cfypn7.jpg
11070,feds cop pulled over female drivers to look at their breasts,zgybw,1,images/zgybw.jpg
11071,florida woman arrested after genital kicking spree,188iln,1,images/188iln.jpg
11072,an old pair of pliers,2akpwa,0,images/2akpwa.jpg
11073,spotted a fellow redditor at target,dgzt9x,1,images/dgzt9x.jpg
11074,fianna fail senator dublin seagulls have lost the run of themselves completely and must be stopped,2ay3ki,1,images/2ay3ki.jpg
11075,tits,d08y1z,0,images/d08y1z.jpg
11076,two dogs looking at each other through a fence,5jecb1,1,images/5jecb1.jpg
11077,air bubbles arranged in a honeycomb pattern while unclogging an overflow drain,atesvq,1,images/atesvq.jpg
11078,fbi tucson man charged in terror plot eyed jewish community center,4u1krx,1,images/4u1krx.jpg
11079,a bird on a bird,cly8fl,1,images/cly8fl.jpg
11080,kid in japan walking with a deer,2cs9el,1,images/2cs9el.jpg
11081,us supreme court divided over key employment dispute,73uror,1,images/73uror.jpg
11082,this photo of trump,6xefil,1,images/6xefil.jpg
11083,the top part is attached to my fiances greatgrandmother,527w4s,0,images/527w4s.jpg
11084,texas supreme court rules gay couples not guaranteed spousal benefits,6klm2k,1,images/6klm2k.jpg
11085,mass production,7q57bn,0,images/7q57bn.jpg
11086,kfcflavored nail polish gives new meaning to chicken fingers,4hwrgm,1,images/4hwrgm.jpg
11087,st martins church york england,2zgpz6,1,images/2zgpz6.jpg
11088,trump recorded having extremely lewd conversation about women in,56dqcj,1,images/56dqcj.jpg
11089,modern art,25rn4r,0,images/25rn4r.jpg
11090,the life of pablo redux,8xuldw,0,images/8xuldw.jpg
11091,the assassination of jfk,6tih3z,0,images/6tih3z.jpg
11092,palestinians attempt to enter israels border,8jf3qr,0,images/8jf3qr.jpg
11093,cat placed on minutes halfassed observation after possibly ingesting plastic thing,5m22xg,0,images/5m22xg.jpg
11094,dessert from restaurant in the same type of cultural wraps do you guys know how to thanksgiving,4rqvtr,0,images/4rqvtr.jpg
11095,nba player stuffing his crotch into another player,2ofhd7,1,images/2ofhd7.jpg
11096,cool view of a ring around the moon taken from my yard,ar4igy,1,images/ar4igy.jpg
11097,new game of thrones teaser shows cackling powermad george rr martin burning completed winds of winter manuscript,bd1719,0,images/bd1719.jpg
11098,bird leaves a mark in pollen oc,bcla32,1,images/bcla32.jpg
11099,british pilot smiles at camera moments before being shot down by nazi fighters over france,82o100,0,images/82o100.jpg
11100,this tiny plow truck mower for sidewalks,as0pn1,1,images/as0pn1.jpg
11101,the glorious gazes,1st1oj,1,images/1st1oj.jpg
11102,welp,7lbvyh,0,images/7lbvyh.jpg
11103,minute maid contains juice but minute maid light contains juice,dccqlh,1,images/dccqlh.jpg
11104,redditor after hearing about tragic event,9jk4af,0,images/9jk4af.jpg
11105,lavender fields,3s9eag,1,images/3s9eag.jpg
11106,happy spider roscharch test on the floor,456rbz,0,images/456rbz.jpg
11107,the mirror melted a spot in the ice on my car with the reflected sunlight,b3e2cu,1,images/b3e2cu.jpg
11108,authorities file charges over loud cheering at mississippi high school graduation,38hrbn,1,images/38hrbn.jpg
11109,halp ive gone crosseyed,1b7m68,0,images/1b7m68.jpg
11110,i have creases on my right pinky and on my left pinky,9dzy21,1,images/9dzy21.jpg
11111,you can either verify whether this inspirational story is true or share it now and reap the precious social capital,2pbw8y,0,images/2pbw8y.jpg
11112,this uhh cat i think,20kuft,1,images/20kuft.jpg
11113,how the blade and soul launcher integrates into my wallpaper,audaic,1,images/audaic.jpg
11114,came across a rabbit in the work lift,8gi1us,0,images/8gi1us.jpg
11115,youre gonna have to do in order to prevent a steam explosion,4wvloe,0,images/4wvloe.jpg
11116,rock of palestine palestine liberation organization,9enpek,0,images/9enpek.jpg
11117,porn company targets github projects in a copyright takedown notice to google,2rn2ia,1,images/2rn2ia.jpg
11118,hungover couple unaware they broke up last night,7njppz,0,images/7njppz.jpg
11119,guitar building in progress,bcrmxi,1,images/bcrmxi.jpg
11120,rteenagers demonstrates to protest unreasonable laws against shitposting,cp432q,0,images/cp432q.jpg
11121,this cloud looks like its edited,dgycz3,1,images/dgycz3.jpg
11122,gavrilo princip assassinates archduke franz ferdinand th,b4zton,0,images/b4zton.jpg
11123,a forest cabin,59hj2g,1,images/59hj2g.jpg
11124,trump at podium holding up two fingers,4aqtsh,1,images/4aqtsh.jpg
11125,laser lightning selftitled,8jydas,0,images/8jydas.jpg
11126,our enemy is only the americans japanese aimed at filipinos fighting with american forces in the philippines against the invading japanese forces in early,3sd4u5,0,images/3sd4u5.jpg
11127,a disgusted cat,3jfnpx,1,images/3jfnpx.jpg
11128,end of the world,999cau,0,images/999cau.jpg
11129,i went thrifting with some friends and found this vintage boy scout uniform eagle scout and oa,b7vx3w,1,images/b7vx3w.jpg
11130,no master not the hot wax please,2vvhfr,0,images/2vvhfr.jpg
11131,all the different cloud types after a big storm blew thru,cmz1m9,1,images/cmz1m9.jpg
11132,this man was in our shop the whole time,1vftmi,0,images/1vftmi.jpg
11133,these pencils warped in my car,d6gjp2,1,images/d6gjp2.jpg
11134,all the recycling from the first day of school,czukgx,1,images/czukgx.jpg
11135,why millennials arent moving and why thats a problem,5utv9m,0,images/5utv9m.jpg
11136,my dog left his teddy out in the rain and the impression it left makes it look like someone murdered paddington,c1znwq,1,images/c1znwq.jpg
11137,man discovers scrumptious taste of bees,as04xo,0,images/as04xo.jpg
11138,amazon jacked up prime day prices misleading consumers says vendor,6r1tvk,1,images/6r1tvk.jpg
11139,one of the most quirkest places i have ever peed a toilet with disco lights,ciejoa,1,images/ciejoa.jpg
11140,this horrifying dora bottle that you find more and more wrong with the more you look,de6xna,1,images/de6xna.jpg
11141,the happy box,31shd1,0,images/31shd1.jpg
11142,this lift at my uni has a random floor button,aw504i,1,images/aw504i.jpg
11143,wwiiera poster encouraging women to work in factories,2fip23,0,images/2fip23.jpg
11144,john key new zealand prime minister im not a reptile,1xr64j,1,images/1xr64j.jpg
11145,four chinese miners rescued after days underground,43a6fc,1,images/43a6fc.jpg
11146,my prayers have been answered girl scouts soon to be selling cookies online,2o1hgp,1,images/2o1hgp.jpg
11147,south korea asks to increase its firepower,6qpwsp,1,images/6qpwsp.jpg
11148,gary johnson exlibertarian presidential candidate to become ceo of marijuana company,29nh5d,1,images/29nh5d.jpg
11149,someone at the restaurant attached to my work is practicing napkin folding,auj08a,1,images/auj08a.jpg
11150,british military working dog takes leap of faith,4mz8gj,1,images/4mz8gj.jpg
11151,the way you read this comic,b7kazf,1,images/b7kazf.jpg
11152,real life indian version of taken,2j6xvv,1,images/2j6xvv.jpg
11153,surreal puddle in a parking garage,994xuh,0,images/994xuh.jpg
11154,an exhausted french army desperately trying to find off incoming germans world war i fort douaumont,5slsp1,0,images/5slsp1.jpg
11155,text four scientifically proven steps to strengthen willpower how to stay motivated,92l1wp,0,images/92l1wp.jpg
11156,life new emojis apple created specifically to shame me for the time i backed my car into the public swimming pool,59ousx,0,images/59ousx.jpg
11157,this spilled tea looks like a bobblehead astronaut,ctwemc,0,images/ctwemc.jpg
11158,dude with trump mask,5e5as8,1,images/5e5as8.jpg
11159,this unimpressed security staff member at a coldplay show,4nv19w,1,images/4nv19w.jpg
11160,spotted at protest rally looking to get congress to do with the last person he spoke with,65oezr,0,images/65oezr.jpg
11161,moonlight sketchbook,9fkl7t,0,images/9fkl7t.jpg
11162,the submarinehun and the red cross wwiera antigerman poster by louis raemaekers,57y035,0,images/57y035.jpg
11163,spin model focus,ba2p18,0,images/ba2p18.jpg
11164,sjw south park fans created a safe space to complain that to replace my hips with a person in it,3q3pra,0,images/3q3pra.jpg
11165,behind the scenes filming of sharknado,69twl9,0,images/69twl9.jpg
11166,things you use every day you should always buy at costco,awbd8y,0,images/awbd8y.jpg
11167,just your average chicken nugget headed to school,764gqz,0,images/764gqz.jpg
11168,warning atat of the galactic empire already landed on the earth,96a51d,0,images/96a51d.jpg
11169,cat trapped for years freed,2zna7g,1,images/2zna7g.jpg
11170,my hamper is happy,3xdzwg,0,images/3xdzwg.jpg
11171,available here,f3t8zkc,0,images/f3t8zkc.jpg
11172,purdue student treks miles on foot raises kplus in honor of tyler trent,askpyg,1,images/askpyg.jpg
11173,co pilot from war thunder,4etydg,1,images/4etydg.jpg
